timestamp,vung_dia_ly,isp,pop_id,latency_ms,throughput_mbps
2026-09-13T14:07:07,Bac,FPT,cloudflare,56.0,34.01
2026-09-13T14:07:07,Bac,FPT,vultr_singapore,50.0,17.42
2026-09-13T14:07:07,Bac,FPT,vultr_seoul,222.0,154.19
2026-09-13T14:07:07,Bac,FPT,linode_singapore,45.0,273.6
2026-09-13T14:17:44,Bac,FPT,cloudflare,54.0,26.7
2026-09-13T14:17:44,Bac,FPT,vultr_singapore,60.0,14.28
2026-09-13T14:17:44,Bac,FPT,vultr_seoul,234.0,151.54
2026-09-13T14:17:44,Bac,FPT,linode_singapore,45.0,231.69
2026-09-13T14:28:26,Bac,FPT,cloudflare,57.0,24.27
2026-09-13T14:28:26,Bac,FPT,vultr_singapore,50.0,42.61
2026-09-13T14:28:26,Bac,FPT,vultr_seoul,233.0,152.05
2026-09-13T14:28:26,Bac,FPT,linode_singapore,45.0,295.72
2026-09-13T14:39:03,Bac,FPT,cloudflare,55.0,25.14
2026-09-13T14:39:03,Bac,FPT,vultr_singapore,57.0,11.38
2026-09-13T14:39:03,Bac,FPT,vultr_seoul,230.0,142.67
2026-09-13T14:39:03,Bac,FPT,linode_singapore,45.0,68.8
2026-09-13T14:49:50,Bac,FPT,cloudflare,55.0,25.97
2026-09-13T14:49:50,Bac,FPT,vultr_singapore,53.0,11.16
2026-09-13T14:49:50,Bac,FPT,vultr_seoul,232.0,142.82
2026-09-13T14:49:50,Bac,FPT,linode_singapore,45.0,230.43
2026-09-13T15:00:27,Bac,FPT,cloudflare,55.0,24.21
2026-09-13T15:00:27,Bac,FPT,vultr_singapore,48.0,13.94
2026-09-13T15:00:27,Bac,FPT,vultr_seoul,221.0,139.76
2026-09-13T15:00:27,Bac,FPT,linode_singapore,45.0,234.74
2026-09-13T15:11:06,Bac,FPT,cloudflare,56.0,25.99
2026-09-13T15:11:06,Bac,FPT,vultr_singapore,57.0,17.23
2026-09-13T15:11:06,Bac,FPT,vultr_seoul,225.0,142.95
2026-09-13T15:11:06,Bac,FPT,linode_singapore,45.0,236.25
2026-09-13T15:21:44,Bac,FPT,cloudflare,65.0,22.28
2026-09-13T15:21:44,Bac,FPT,vultr_singapore,55.0,10.73
2026-09-13T15:21:44,Bac,FPT,vultr_seoul,228.0,141.14
2026-09-13T15:21:44,Bac,FPT,linode_singapore,49.0,243.53
2026-09-13T15:32:22,Bac,FPT,cloudflare,70.0,28.72
2026-09-13T15:32:22,Bac,FPT,vultr_singapore,53.0,11.55
2026-09-13T15:32:22,Bac,FPT,vultr_seoul,232.0,134.88
2026-09-13T15:32:22,Bac,FPT,linode_singapore,44.0,235.44
2026-09-13T15:43:00,Bac,FPT,cloudflare,70.0,25.73
2026-09-13T15:43:00,Bac,FPT,vultr_singapore,55.0,11.13
2026-09-13T15:43:00,Bac,FPT,vultr_seoul,225.0,140.87
2026-09-13T15:43:00,Bac,FPT,linode_singapore,44.0,250.36
2026-09-13T15:53:38,Bac,FPT,cloudflare,59.0,29.52
2026-09-13T15:53:38,Bac,FPT,vultr_singapore,54.0,11.36
2026-09-13T15:53:38,Bac,FPT,vultr_seoul,225.0,137.06
2026-09-13T15:53:38,Bac,FPT,linode_singapore,44.0,217.19
2026-09-13T16:04:16,Bac,FPT,cloudflare,61.0,24.22
2026-09-13T16:04:16,Bac,FPT,vultr_singapore,54.0,19.46
2026-09-13T16:04:16,Bac,FPT,vultr_seoul,221.0,152.21
2026-09-13T16:04:16,Bac,FPT,linode_singapore,45.0,262.4
2026-09-13T16:14:53,Bac,FPT,cloudflare,61.0,23.91
2026-09-13T16:14:53,Bac,FPT,vultr_singapore,54.0,14.42
2026-09-13T16:14:53,Bac,FPT,vultr_seoul,233.0,142.37
2026-09-13T16:14:53,Bac,FPT,linode_singapore,45.0,239.49
2026-09-13T16:25:31,Bac,FPT,cloudflare,60.0,24.75
2026-09-13T16:25:31,Bac,FPT,vultr_singapore,40.0,123.57
2026-09-13T16:25:31,Bac,FPT,vultr_seoul,231.0,113.2
2026-09-13T16:25:31,Bac,FPT,linode_singapore,45.0,259.44
2026-09-13T16:36:02,Bac,FPT,cloudflare,55.0,25.33
2026-09-13T16:36:02,Bac,FPT,vultr_singapore,40.0,29.55
2026-09-13T16:36:02,Bac,FPT,vultr_seoul,221.0,144.98
2026-09-13T16:36:02,Bac,FPT,linode_singapore,46.0,264.77
2026-09-13T16:46:40,Bac,FPT,cloudflare,58.0,23.87
2026-09-13T16:46:40,Bac,FPT,vultr_singapore,48.0,13.61
2026-09-13T16:46:40,Bac,FPT,vultr_seoul,229.0,127.44
2026-09-13T16:46:40,Bac,FPT,linode_singapore,45.0,246.19
2026-09-13T16:57:18,Bac,FPT,cloudflare,59.0,26.59
2026-09-13T16:57:18,Bac,FPT,vultr_singapore,47.0,61.86
2026-09-13T16:57:18,Bac,FPT,vultr_seoul,230.0,142.33
2026-09-13T16:57:18,Bac,FPT,linode_singapore,44.0,266.75
2026-09-13T17:07:54,Bac,FPT,cloudflare,58.0,24.9
2026-09-13T17:07:54,Bac,FPT,vultr_singapore,58.0,11.98
2026-09-13T17:07:54,Bac,FPT,vultr_seoul,227.0,142.79
2026-09-13T17:07:54,Bac,FPT,linode_singapore,44.0,242.99
2026-09-13T17:18:32,Bac,FPT,cloudflare,59.0,20.56
2026-09-13T17:18:32,Bac,FPT,vultr_singapore,39.0,14.23
2026-09-13T17:18:32,Bac,FPT,vultr_seoul,232.0,142.55
2026-09-13T17:18:32,Bac,FPT,linode_singapore,45.0,250.63
2026-09-13T17:29:10,Bac,FPT,cloudflare,56.0,26.31
2026-09-13T17:29:10,Bac,FPT,vultr_singapore,118.0,18.55
2026-09-13T17:29:10,Bac,FPT,vultr_seoul,224.0,146.42
2026-09-13T17:29:10,Bac,FPT,linode_singapore,44.0,256.5
2026-09-13T17:39:47,Bac,FPT,cloudflare,56.0,26.44
2026-09-13T17:39:47,Bac,FPT,vultr_singapore,46.0,14.62
2026-09-13T17:39:47,Bac,FPT,vultr_seoul,226.0,158.62
2026-09-13T17:39:47,Bac,FPT,linode_singapore,45.0,250.65
2026-09-13T17:50:24,Bac,FPT,cloudflare,56.0,23.45
2026-09-13T17:50:24,Bac,FPT,vultr_singapore,48.0,10.52
2026-09-13T17:50:24,Bac,FPT,vultr_seoul,231.0,139.07
2026-09-13T17:50:24,Bac,FPT,linode_singapore,45.0,228.15
2026-09-13T18:01:03,Bac,FPT,cloudflare,58.0,16.12
2026-09-13T18:01:03,Bac,FPT,vultr_singapore,49.0,104.92
2026-09-13T18:01:03,Bac,FPT,vultr_seoul,258.0,117.99
2026-09-13T18:01:03,Bac,FPT,linode_singapore,48.0,248.73
2026-09-13T18:11:36,Bac,FPT,cloudflare,54.0,23.75
2026-09-13T18:11:36,Bac,FPT,vultr_singapore,49.0,38.31
2026-09-13T18:11:36,Bac,FPT,vultr_seoul,234.0,145.64
2026-09-13T18:11:36,Bac,FPT,linode_singapore,46.0,253.83
2026-09-13T18:22:13,Bac,FPT,cloudflare,61.0,22.98
2026-09-13T18:22:13,Bac,FPT,vultr_singapore,56.0,12.45
2026-09-13T18:22:13,Bac,FPT,vultr_seoul,245.0,134.15
2026-09-13T18:22:13,Bac,FPT,linode_singapore,45.0,220.0
2026-09-13T18:32:52,Bac,FPT,cloudflare,69.0,22.69
2026-09-13T18:32:52,Bac,FPT,vultr_singapore,64.0,12.64
2026-09-13T18:32:52,Bac,FPT,vultr_seoul,229.0,144.6
2026-09-13T18:32:52,Bac,FPT,linode_singapore,49.0,241.85
2026-09-13T18:43:34,Bac,FPT,cloudflare,71.0,23.35
2026-09-13T18:43:34,Bac,FPT,vultr_singapore,51.0,14.9
2026-09-13T18:43:34,Bac,FPT,vultr_seoul,219.0,143.05
2026-09-13T18:43:34,Bac,FPT,linode_singapore,45.0,213.52
2026-09-13T18:54:13,Bac,FPT,cloudflare,76.0,21.84
2026-09-13T18:54:13,Bac,FPT,vultr_singapore,49.0,17.26
2026-09-13T18:54:13,Bac,FPT,vultr_seoul,262.0,121.38
2026-09-13T18:54:13,Bac,FPT,linode_singapore,46.0,207.51
2026-09-13T18:56:40,Bac,FPT,cloudflare,73.0,27.59
2026-09-13T18:56:40,Bac,FPT,vultr_singapore,56.0,14.0
2026-09-13T18:56:40,Bac,FPT,vultr_seoul,261.0,129.73
2026-09-13T18:56:40,Bac,FPT,linode_singapore,46.0,179.66
2026-09-13T22:43:49,Bac,FPT,cloudflare,60.0,30.47
2026-09-13T22:43:49,Bac,FPT,vultr_singapore,55.0,10.27
2026-09-13T22:43:49,Bac,FPT,vultr_seoul,135.0,65.75
2026-09-13T22:43:49,Bac,FPT,linode_singapore,64.0,24.23
2026-09-13T22:54:49,Bac,FPT,cloudflare,78.0,25.4
2026-09-13T22:54:49,Bac,FPT,vultr_singapore,58.0,10.65
2026-09-13T22:54:49,Bac,FPT,vultr_seoul,141.0,144.48
2026-09-13T22:54:49,Bac,FPT,linode_singapore,62.0,25.99
2026-09-13T23:05:46,Bac,FPT,cloudflare,67.0,27.68
2026-09-13T23:05:46,Bac,FPT,vultr_singapore,55.0,10.6
2026-09-13T23:05:46,Bac,FPT,vultr_seoul,142.0,142.19
2026-09-13T23:05:46,Bac,FPT,linode_singapore,65.0,29.37
2026-09-13T23:16:51,Bac,FPT,cloudflare,64.0,31.8
2026-09-13T23:16:51,Bac,FPT,vultr_singapore,55.0,10.11
2026-09-13T23:16:51,Bac,FPT,vultr_seoul,136.0,105.06
2026-09-13T23:16:51,Bac,FPT,linode_singapore,64.0,27.04
2026-09-13T23:27:43,Bac,FPT,cloudflare,80.0,29.09
2026-09-13T23:27:43,Bac,FPT,vultr_singapore,60.0,13.1
2026-09-13T23:27:43,Bac,FPT,vultr_seoul,136.0,154.85
2026-09-13T23:27:43,Bac,FPT,linode_singapore,82.0,27.83
2026-09-13T23:38:32,Bac,FPT,cloudflare,67.0,21.79
2026-09-13T23:38:32,Bac,FPT,vultr_singapore,56.0,10.45
2026-09-13T23:38:32,Bac,FPT,vultr_seoul,674.0,173.29
2026-09-13T23:38:32,Bac,FPT,linode_singapore,60.0,28.85
2026-09-13T23:49:30,Bac,FPT,cloudflare,62.0,33.37
2026-09-13T23:49:30,Bac,FPT,vultr_singapore,55.0,13.25
2026-09-13T23:49:30,Bac,FPT,vultr_seoul,138.0,113.56
2026-09-13T23:49:30,Bac,FPT,linode_singapore,79.0,25.46
2026-09-14T00:00:32,Bac,FPT,cloudflare,111.0,29.61
2026-09-14T00:00:32,Bac,FPT,vultr_singapore,53.0,10.64
2026-09-14T00:00:32,Bac,FPT,vultr_seoul,135.0,147.62
2026-09-14T00:00:32,Bac,FPT,linode_singapore,63.0,23.99
2026-09-14T00:21:03,Bac,FPT,cloudflare,100.0,31.06
2026-09-14T00:21:03,Bac,FPT,vultr_singapore,56.0,13.86
2026-09-14T00:21:03,Bac,FPT,vultr_seoul,174.0,149.9
2026-09-14T00:21:03,Bac,FPT,linode_singapore,59.0,29.16
2026-09-14T00:31:52,Bac,FPT,cloudflare,60.0,29.88
2026-09-14T00:31:52,Bac,FPT,vultr_singapore,53.0,13.31
2026-09-14T00:31:52,Bac,FPT,vultr_seoul,135.0,172.81
2026-09-14T00:31:52,Bac,FPT,linode_singapore,59.0,31.88
2026-09-14T00:42:40,Bac,FPT,cloudflare,58.0,19.45
2026-09-14T00:42:40,Bac,FPT,vultr_singapore,53.0,39.84
2026-09-14T00:42:40,Bac,FPT,vultr_seoul,135.0,127.13
2026-09-14T00:42:40,Bac,FPT,linode_singapore,58.0,31.64
2026-09-14T00:53:31,Bac,FPT,cloudflare,58.0,34.7
2026-09-14T00:53:31,Bac,FPT,vultr_singapore,53.0,13.94
2026-09-14T00:53:31,Bac,FPT,vultr_seoul,130.0,156.55
2026-09-14T00:53:31,Bac,FPT,linode_singapore,57.0,33.96
2026-09-14T01:04:19,Bac,FPT,cloudflare,58.0,25.95
2026-09-14T01:04:19,Bac,FPT,vultr_singapore,54.0,10.35
2026-09-14T01:04:19,Bac,FPT,vultr_seoul,132.0,81.71
2026-09-14T01:04:19,Bac,FPT,linode_singapore,57.0,29.26
2026-09-14T01:15:13,Bac,FPT,cloudflare,59.0,36.1
2026-09-14T01:15:13,Bac,FPT,vultr_singapore,52.0,14.62
2026-09-14T01:15:13,Bac,FPT,vultr_seoul,131.0,170.89
2026-09-14T01:15:13,Bac,FPT,linode_singapore,57.0,26.43
2026-09-14T01:26:01,Bac,FPT,cloudflare,58.0,32.57
2026-09-14T01:26:01,Bac,FPT,vultr_singapore,56.0,10.45
2026-09-14T01:26:01,Bac,FPT,vultr_seoul,137.0,170.5
2026-09-14T01:26:01,Bac,FPT,linode_singapore,56.0,28.51
2026-09-14T01:36:49,Bac,FPT,cloudflare,57.0,28.26
2026-09-14T01:36:49,Bac,FPT,vultr_singapore,52.0,34.25
2026-09-14T01:36:49,Bac,FPT,vultr_seoul,132.0,111.8
2026-09-14T01:36:49,Bac,FPT,linode_singapore,56.0,30.26
2026-09-14T13:49:34,Bac,FPT,cloudflare,48.0,32.18
2026-09-14T13:49:34,Bac,FPT,vultr_singapore,41.0,13.51
2026-09-14T13:49:34,Bac,FPT,vultr_seoul,134.0,152.89
2026-09-14T13:49:34,Bac,FPT,linode_singapore,55.0,25.52
2026-09-14T14:00:23,Bac,FPT,cloudflare,47.0,36.69
2026-09-14T14:00:23,Bac,FPT,vultr_singapore,41.0,16.21
2026-09-14T14:00:23,Bac,FPT,vultr_seoul,134.0,137.51
2026-09-14T14:00:23,Bac,FPT,linode_singapore,56.0,28.62
2026-09-14T14:11:12,Bac,FPT,cloudflare,48.0,16.86
2026-09-14T14:11:12,Bac,FPT,vultr_singapore,40.0,17.25
2026-09-14T14:11:12,Bac,FPT,vultr_seoul,140.0,161.4
2026-09-14T14:11:12,Bac,FPT,linode_singapore,54.0,28.13
2026-09-14T14:22:01,Bac,FPT,cloudflare,60.0,31.36
2026-09-14T14:22:01,Bac,FPT,vultr_singapore,54.0,26.53
2026-09-14T14:22:01,Bac,FPT,vultr_seoul,135.0,167.96
2026-09-14T14:22:01,Bac,FPT,linode_singapore,55.0,23.03
2026-09-14T14:32:49,Bac,FPT,cloudflare,61.0,29.57
2026-09-14T14:32:49,Bac,FPT,vultr_singapore,50.0,13.45
2026-09-14T14:32:49,Bac,FPT,vultr_seoul,138.0,146.13
2026-09-14T14:32:49,Bac,FPT,linode_singapore,54.0,32.21
2026-09-14T14:43:38,Bac,FPT,cloudflare,62.0,35.93
2026-09-14T14:43:38,Bac,FPT,vultr_singapore,52.0,48.03
2026-09-14T14:43:38,Bac,FPT,vultr_seoul,135.0,81.97
2026-09-14T14:43:38,Bac,FPT,linode_singapore,55.0,28.19
2026-09-14T14:54:32,Bac,FPT,cloudflare,65.0,31.34
2026-09-14T14:54:32,Bac,FPT,vultr_singapore,51.0,61.32
2026-09-14T14:54:32,Bac,FPT,vultr_seoul,138.0,159.77
2026-09-14T14:54:32,Bac,FPT,linode_singapore,56.0,21.93
2026-09-14T15:05:19,Bac,FPT,cloudflare,63.0,30.07
2026-09-14T15:05:19,Bac,FPT,vultr_singapore,52.0,9.88
2026-09-14T15:05:19,Bac,FPT,vultr_seoul,138.0,50.25
2026-09-14T15:05:19,Bac,FPT,linode_singapore,56.0,24.63
2026-09-14T15:16:18,Bac,FPT,cloudflare,61.0,28.9
2026-09-14T15:16:18,Bac,FPT,vultr_singapore,55.0,10.82
2026-09-14T15:16:18,Bac,FPT,vultr_seoul,136.0,151.42
2026-09-14T15:16:18,Bac,FPT,linode_singapore,54.0,27.48
2026-09-14T15:27:07,Bac,FPT,cloudflare,61.0,20.96
2026-09-14T15:27:07,Bac,FPT,vultr_singapore,51.0,10.2
2026-09-14T15:27:07,Bac,FPT,vultr_seoul,136.0,86.33
2026-09-14T15:27:07,Bac,FPT,linode_singapore,56.0,25.51
2026-09-14T15:38:00,Bac,FPT,cloudflare,61.0,31.65
2026-09-14T15:38:00,Bac,FPT,vultr_singapore,54.0,31.05
2026-09-14T15:38:00,Bac,FPT,vultr_seoul,133.0,110.84
2026-09-14T15:38:00,Bac,FPT,linode_singapore,58.0,25.62
2026-09-14T15:48:51,Bac,FPT,cloudflare,62.0,28.72
2026-09-14T15:48:51,Bac,FPT,vultr_singapore,52.0,24.06
2026-09-14T15:48:51,Bac,FPT,vultr_seoul,137.0,167.29
2026-09-14T15:48:51,Bac,FPT,linode_singapore,58.0,23.34
2026-09-14T15:59:39,Bac,FPT,cloudflare,60.0,30.08
2026-09-14T15:59:39,Bac,FPT,vultr_singapore,51.0,13.59
2026-09-14T15:59:39,Bac,FPT,vultr_seoul,137.0,93.24
2026-09-14T15:59:39,Bac,FPT,linode_singapore,58.0,27.33
2026-09-14T16:10:32,Bac,FPT,cloudflare,60.0,21.74
2026-09-14T16:10:32,Bac,FPT,vultr_singapore,50.0,80.77
2026-09-14T16:10:32,Bac,FPT,vultr_seoul,130.0,138.63
2026-09-14T16:10:32,Bac,FPT,linode_singapore,57.0,32.72
2026-09-14T16:21:16,Bac,FPT,cloudflare,61.0,31.82
2026-09-14T16:21:16,Bac,FPT,vultr_singapore,51.0,10.98
2026-09-14T16:21:16,Bac,FPT,vultr_seoul,135.0,162.23
2026-09-14T16:21:16,Bac,FPT,linode_singapore,56.0,30.98
2026-09-14T16:32:05,Bac,FPT,cloudflare,59.0,29.37
2026-09-14T16:32:05,Bac,FPT,vultr_singapore,50.0,13.45
2026-09-14T16:32:05,Bac,FPT,vultr_seoul,133.0,154.31
2026-09-14T16:32:05,Bac,FPT,linode_singapore,57.0,26.16
2026-09-14T16:42:54,Bac,FPT,cloudflare,59.0,32.11
2026-09-14T16:42:54,Bac,FPT,vultr_singapore,52.0,68.92
2026-09-14T16:42:54,Bac,FPT,vultr_seoul,134.0,83.57
2026-09-14T16:42:54,Bac,FPT,linode_singapore,56.0,24.62
2026-09-14T16:53:44,Bac,FPT,cloudflare,60.0,29.71
2026-09-14T16:53:44,Bac,FPT,vultr_singapore,52.0,74.33
2026-09-14T16:53:44,Bac,FPT,vultr_seoul,134.0,150.78
2026-09-14T16:53:44,Bac,FPT,linode_singapore,59.0,30.57
2026-09-14T17:04:30,Bac,FPT,cloudflare,62.0,32.21
2026-09-14T17:04:30,Bac,FPT,vultr_singapore,50.0,35.83
2026-09-14T17:04:30,Bac,FPT,vultr_seoul,135.0,181.31
2026-09-14T17:04:30,Bac,FPT,linode_singapore,56.0,30.59
2026-09-14T17:15:18,Bac,FPT,cloudflare,61.0,33.9
2026-09-14T17:15:18,Bac,FPT,vultr_singapore,51.0,30.97
2026-09-14T17:15:18,Bac,FPT,vultr_seoul,135.0,115.99
2026-09-14T17:15:18,Bac,FPT,linode_singapore,47.0,35.96
2026-09-14T17:26:08,Bac,FPT,cloudflare,59.0,30.15
2026-09-14T17:26:08,Bac,FPT,vultr_singapore,50.0,35.35
2026-09-14T17:26:08,Bac,FPT,vultr_seoul,134.0,158.09
2026-09-14T17:26:08,Bac,FPT,linode_singapore,50.0,27.08
2026-09-14T17:36:57,Bac,FPT,cloudflare,59.0,31.72
2026-09-14T17:36:57,Bac,FPT,vultr_singapore,51.0,32.1
2026-09-14T17:36:57,Bac,FPT,vultr_seoul,137.0,126.81
2026-09-14T17:36:57,Bac,FPT,linode_singapore,47.0,32.25
2026-09-14T17:47:47,Bac,FPT,cloudflare,58.0,30.06
2026-09-14T17:47:47,Bac,FPT,vultr_singapore,52.0,34.91
2026-09-14T17:47:47,Bac,FPT,vultr_seoul,135.0,113.74
2026-09-14T17:47:47,Bac,FPT,linode_singapore,47.0,29.46
2026-09-14T20:15:36,Bac,FPT,cloudflare,887.0,2.77
2026-09-14T20:15:36,Bac,FPT,vultr_singapore,68.0,1.5
2026-09-14T20:15:36,Bac,FPT,vultr_seoul,312.0,10.3
2026-09-14T20:15:36,Bac,FPT,linode_singapore,54.0,3.49
2026-09-14T20:26:51,Bac,FPT,cloudflare,50.0,6.73
2026-09-14T20:26:51,Bac,FPT,vultr_singapore,69.0,0.48
2026-09-14T20:26:51,Bac,FPT,vultr_seoul,414.0,0.37
2026-09-14T20:26:51,Bac,FPT,linode_singapore,48.0,2.76
2026-09-14T20:37:51,Bac,FPT,cloudflare,60.0,3.72
2026-09-14T20:37:51,Bac,FPT,vultr_singapore,64.0,5.03
2026-09-14T20:37:51,Bac,FPT,vultr_seoul,98.0,6.23
2026-09-14T20:37:51,Bac,FPT,linode_singapore,48.0,2.49
2026-09-14T20:48:53,Bac,FPT,cloudflare,672.0,1.61
2026-09-14T20:48:53,Bac,FPT,vultr_singapore,80.0,1.89
2026-09-14T20:48:53,Bac,FPT,vultr_seoul,168.0,1.47
2026-09-14T20:48:53,Bac,FPT,linode_singapore,44.0,5.82
2026-09-14T21:00:02,Bac,FPT,cloudflare,55.0,6.51
2026-09-14T21:00:02,Bac,FPT,vultr_singapore,67.0,2.13
2026-09-14T21:00:02,Bac,FPT,vultr_seoul,96.0,13.87
2026-09-14T21:00:02,Bac,FPT,linode_singapore,50.0,0.62
2026-09-14T21:11:03,Bac,FPT,cloudflare,52.0,11.54
2026-09-14T21:11:03,Bac,FPT,vultr_singapore,68.0,4.41
2026-09-14T21:11:03,Bac,FPT,vultr_seoul,112.0,4.19
2026-09-14T21:11:03,Bac,FPT,linode_singapore,1327.0,0.6
2026-09-14T21:22:11,Bac,FPT,cloudflare,51.0,8.35
2026-09-14T21:22:11,Bac,FPT,vultr_singapore,76.0,6.69
2026-09-14T21:22:11,Bac,FPT,vultr_seoul,86.0,20.33
2026-09-14T21:22:11,Bac,FPT,linode_singapore,54.0,4.52
2026-09-14T21:33:10,Bac,FPT,cloudflare,59.0,2.72
2026-09-14T21:33:10,Bac,FPT,vultr_singapore,60.0,11.64
2026-09-14T21:33:10,Bac,FPT,vultr_seoul,98.0,15.94
2026-09-14T21:33:10,Bac,FPT,linode_singapore,54.0,3.72
2026-09-14T21:44:15,Bac,FPT,cloudflare,56.0,13.77
2026-09-14T21:44:15,Bac,FPT,vultr_singapore,71.0,4.65
2026-09-14T21:44:15,Bac,FPT,vultr_seoul,110.0,12.88
2026-09-14T21:44:15,Bac,FPT,linode_singapore,45.0,4.28
2026-09-14T21:55:14,Bac,FPT,cloudflare,72.0,10.71
2026-09-14T21:55:14,Bac,FPT,vultr_singapore,67.0,7.11
2026-09-14T21:55:14,Bac,FPT,vultr_seoul,87.0,19.32
2026-09-14T21:55:14,Bac,FPT,linode_singapore,49.0,6.87
2026-09-14T22:06:17,Bac,FPT,cloudflare,71.0,11.72
2026-09-14T22:06:17,Bac,FPT,vultr_singapore,69.0,7.47
2026-09-14T22:06:17,Bac,FPT,vultr_seoul,86.0,23.93
2026-09-14T22:06:17,Bac,FPT,linode_singapore,81.0,6.12
2026-09-14T22:17:16,Bac,FPT,cloudflare,52.0,16.5
2026-09-14T22:17:16,Bac,FPT,vultr_singapore,65.0,7.2
2026-09-14T22:17:16,Bac,FPT,vultr_seoul,85.0,19.93
2026-09-14T22:17:16,Bac,FPT,linode_singapore,101.0,7.29
2026-09-14T22:39:23,Bac,FPT,cloudflare,60.0,28.97
2026-09-14T22:39:23,Bac,FPT,vultr_singapore,58.0,13.84
2026-09-14T22:39:23,Bac,FPT,vultr_seoul,135.0,154.02
2026-09-14T22:39:23,Bac,FPT,linode_singapore,52.0,25.26
2026-09-14T22:50:16,Bac,FPT,cloudflare,58.0,30.42
2026-09-14T22:50:16,Bac,FPT,vultr_singapore,51.0,14.37
2026-09-14T22:50:16,Bac,FPT,vultr_seoul,144.0,158.01
2026-09-14T22:50:16,Bac,FPT,linode_singapore,51.0,28.08
2026-09-14T23:01:12,Bac,FPT,cloudflare,57.0,29.82
2026-09-14T23:01:12,Bac,FPT,vultr_singapore,74.0,10.97
2026-09-14T23:01:12,Bac,FPT,vultr_seoul,135.0,152.05
2026-09-14T23:01:12,Bac,FPT,linode_singapore,60.0,25.72
2026-09-14T23:12:09,Bac,FPT,cloudflare,56.0,32.4
2026-09-14T23:12:09,Bac,FPT,vultr_singapore,51.0,13.37
2026-09-14T23:12:09,Bac,FPT,vultr_seoul,143.0,131.57
2026-09-14T23:12:09,Bac,FPT,linode_singapore,79.0,25.83
2026-09-14T23:23:02,Bac,FPT,cloudflare,57.0,28.95
2026-09-14T23:23:02,Bac,FPT,vultr_singapore,57.0,13.08
2026-09-14T23:23:02,Bac,FPT,vultr_seoul,136.0,93.72
2026-09-14T23:23:02,Bac,FPT,linode_singapore,49.0,28.36
2026-09-14T23:33:55,Bac,FPT,cloudflare,72.0,31.05
2026-09-14T23:33:55,Bac,FPT,vultr_singapore,48.0,45.7
2026-09-14T23:33:55,Bac,FPT,vultr_seoul,141.0,119.65
2026-09-14T23:33:55,Bac,FPT,linode_singapore,48.0,32.26
2026-09-14T23:44:45,Bac,FPT,cloudflare,56.0,28.19
2026-09-14T23:44:45,Bac,FPT,vultr_singapore,49.0,40.49
2026-09-14T23:44:45,Bac,FPT,vultr_seoul,141.0,106.6
2026-09-14T23:44:45,Bac,FPT,linode_singapore,47.0,31.51
2026-09-14T23:55:44,Bac,FPT,cloudflare,57.0,28.99
2026-09-14T23:55:44,Bac,FPT,vultr_singapore,87.0,10.77
2026-09-14T23:55:44,Bac,FPT,vultr_seoul,135.0,97.56
2026-09-14T23:55:44,Bac,FPT,linode_singapore,92.0,27.24
2026-09-15T00:06:40,Bac,FPT,cloudflare,57.0,29.03
2026-09-15T00:06:40,Bac,FPT,vultr_singapore,51.0,10.84
2026-09-15T00:06:40,Bac,FPT,vultr_seoul,134.0,160.17
2026-09-15T00:06:40,Bac,FPT,linode_singapore,47.0,30.93
2026-09-15T12:18:41,Bac,FPT,cloudflare,91.0,9.72
2026-09-15T12:18:41,Bac,FPT,vultr_singapore,82.0,10.03
2026-09-15T12:18:41,Bac,FPT,vultr_seoul,191.0,42.74
2026-09-15T12:18:41,Bac,FPT,linode_singapore,113.0,1.37
2026-09-15T12:29:41,Bac,FPT,cloudflare,90.0,6.98
2026-09-15T12:29:41,Bac,FPT,vultr_singapore,231.0,6.83
2026-09-15T12:29:41,Bac,FPT,vultr_seoul,156.0,4.48
2026-09-15T12:29:41,Bac,FPT,linode_singapore,113.0,4.87
2026-09-15T12:40:42,Bac,FPT,cloudflare,102.0,1.53
2026-09-15T12:40:42,Bac,FPT,vultr_singapore,100.0,4.41
2026-09-15T12:40:42,Bac,FPT,vultr_seoul,178.0,3.38
2026-09-15T12:40:42,Bac,FPT,linode_singapore,132.0,4.17
2026-09-15T12:51:51,Bac,FPT,cloudflare,54.0,30.28
2026-09-15T12:51:51,Bac,FPT,vultr_singapore,59.0,11.38
2026-09-15T12:51:51,Bac,FPT,vultr_seoul,169.0,258.63
2026-09-15T12:51:51,Bac,FPT,linode_singapore,54.0,254.19
2026-09-15T13:03:13,Bac,FPT,cloudflare,51.0,28.79
2026-09-15T13:03:13,Bac,FPT,vultr_singapore,181.0,152.05
2026-09-15T13:03:13,Bac,FPT,vultr_seoul,48.0,236.48
2026-09-15T13:03:13,Bac,FPT,linode_singapore,206.0,1.57
2026-09-15T13:14:29,Bac,FPT,cloudflare,397.0,1.2
2026-09-15T13:14:29,Bac,FPT,vultr_singapore,380.0,1.94
2026-09-15T13:14:29,Bac,FPT,vultr_seoul,159.0,2.85
2026-09-15T13:14:29,Bac,FPT,linode_singapore,47.0,244.36
2026-09-15T13:25:43,Bac,FPT,cloudflare,345.0,1.14
2026-09-15T13:25:43,Bac,FPT,vultr_singapore,191.0,1.33
2026-09-15T13:25:43,Bac,FPT,vultr_seoul,284.0,14.48
2026-09-15T13:25:43,Bac,FPT,linode_singapore,163.0,9.9
2026-09-15T13:37:00,Bac,FPT,cloudflare,252.0,0.9
2026-09-15T13:37:00,Bac,FPT,vultr_singapore,499.0,0.99
2026-09-15T13:37:00,Bac,FPT,vultr_seoul,647.0,1.98
2026-09-15T13:37:00,Bac,FPT,linode_singapore,905.0,14.3
2026-09-15T13:48:19,Bac,FPT,cloudflare,206.0,4.8
2026-09-15T13:48:19,Bac,FPT,vultr_singapore,152.0,1.84
2026-09-15T13:48:19,Bac,FPT,vultr_seoul,277.0,3.56
2026-09-15T13:48:19,Bac,FPT,linode_singapore,194.0,7.78
2026-09-15T13:59:21,Bac,FPT,cloudflare,366.0,1.37
2026-09-15T13:59:21,Bac,FPT,vultr_singapore,301.0,1.65
2026-09-15T13:59:21,Bac,FPT,vultr_seoul,333.0,8.86
2026-09-15T13:59:21,Bac,FPT,linode_singapore,222.0,1.58
2026-09-15T14:10:36,Bac,FPT,cloudflare,232.0,3.81
2026-09-15T14:10:36,Bac,FPT,vultr_singapore,149.0,1.35
2026-09-15T14:10:36,Bac,FPT,vultr_seoul,310.0,3.42
2026-09-15T14:10:36,Bac,FPT,linode_singapore,287.0,1.55
2026-09-15T14:21:39,Bac,FPT,cloudflare,171.0,5.27
2026-09-15T14:21:39,Bac,FPT,vultr_singapore,199.0,2.07
2026-09-15T14:21:39,Bac,FPT,vultr_seoul,280.0,19.14
2026-09-15T14:21:39,Bac,FPT,linode_singapore,128.0,1.39
2026-09-15T14:32:41,Bac,FPT,cloudflare,175.0,2.01
2026-09-15T14:32:41,Bac,FPT,vultr_singapore,730.0,1.64
2026-09-15T14:32:41,Bac,FPT,vultr_seoul,324.0,1.78
2026-09-15T14:32:41,Bac,FPT,linode_singapore,215.0,0.96
2026-09-15T14:43:49,Bac,FPT,cloudflare,109.0,5.78
2026-09-15T14:43:49,Bac,FPT,vultr_singapore,184.0,4.66
2026-09-15T14:43:49,Bac,FPT,vultr_seoul,131.0,44.05
2026-09-15T14:43:49,Bac,FPT,linode_singapore,134.0,1.93
2026-09-15T14:54:50,Bac,FPT,cloudflare,174.0,4.45
2026-09-15T14:54:50,Bac,FPT,vultr_singapore,259.0,6.9
2026-09-15T14:54:50,Bac,FPT,vultr_seoul,199.0,27.77
2026-09-15T14:54:50,Bac,FPT,linode_singapore,136.0,2.19
2026-09-15T15:05:53,Bac,FPT,cloudflare,146.0,7.48
2026-09-15T15:05:53,Bac,FPT,vultr_singapore,122.0,3.21
2026-09-15T15:05:53,Bac,FPT,vultr_seoul,198.0,14.71
2026-09-15T15:05:53,Bac,FPT,linode_singapore,231.0,1.67
2026-09-15T15:16:54,Bac,FPT,cloudflare,276.0,3.67
2026-09-15T15:16:54,Bac,FPT,vultr_singapore,188.0,2.18
2026-09-15T15:16:54,Bac,FPT,vultr_seoul,264.0,2.37
2026-09-15T15:16:54,Bac,FPT,linode_singapore,119.0,13.39
2026-09-15T15:27:58,Bac,FPT,cloudflare,294.0,4.47
2026-09-15T15:27:58,Bac,FPT,vultr_singapore,162.0,0.5
2026-09-15T15:27:58,Bac,FPT,vultr_seoul,162.0,2.6
2026-09-15T15:27:58,Bac,FPT,linode_singapore,264.0,10.69
2026-09-15T15:39:01,Bac,FPT,cloudflare,282.0,3.78
2026-09-15T15:39:01,Bac,FPT,vultr_singapore,274.0,0.27
2026-09-15T15:39:01,Bac,FPT,vultr_seoul,311.0,1.09
2026-09-15T15:39:01,Bac,FPT,linode_singapore,627.0,1.24
2026-09-15T15:50:05,Bac,FPT,cloudflare,650.0,2.71
2026-09-15T15:50:05,Bac,FPT,vultr_singapore,437.0,0.39
2026-09-15T15:50:05,Bac,FPT,vultr_seoul,324.0,4.37
2026-09-15T15:50:05,Bac,FPT,linode_singapore,1070.0,4.44
2026-09-15T16:01:12,Bac,FPT,cloudflare,325.0,0.75
2026-09-15T16:01:12,Bac,FPT,vultr_singapore,233.0,1.02
2026-09-15T16:01:12,Bac,FPT,vultr_seoul,604.0,1.26
2026-09-15T16:01:12,Bac,FPT,linode_singapore,381.0,1.09
2026-09-15T16:12:27,Bac,FPT,cloudflare,1196.0,2.64
2026-09-15T16:12:27,Bac,FPT,vultr_singapore,193.0,1.25
2026-09-15T16:12:27,Bac,FPT,vultr_seoul,234.0,5.64
2026-09-15T16:12:27,Bac,FPT,linode_singapore,174.0,7.51
2026-09-15T16:23:34,Bac,FPT,cloudflare,149.0,5.82
2026-09-15T16:23:34,Bac,FPT,vultr_singapore,89.0,5.09
2026-09-15T16:23:34,Bac,FPT,vultr_seoul,176.0,231.95
2026-09-15T16:23:34,Bac,FPT,linode_singapore,86.0,235.89
2026-09-15T16:37:52,Bac,FPT,cloudflare,102.0,11.31
2026-09-15T16:37:52,Bac,FPT,vultr_singapore,51.0,9.21
2026-09-15T16:37:52,Bac,FPT,vultr_seoul,144.0,37.08
2026-09-15T16:37:52,Bac,FPT,linode_singapore,85.0,5.62
2026-09-15T16:48:54,Bac,FPT,cloudflare,85.0,8.67
2026-09-15T16:48:54,Bac,FPT,vultr_singapore,73.0,4.44
2026-09-15T16:48:54,Bac,FPT,vultr_seoul,138.0,10.88
2026-09-15T16:48:54,Bac,FPT,linode_singapore,95.0,4.6
2026-09-15T16:59:54,Bac,FPT,cloudflare,65.0,12.04
2026-09-15T16:59:54,Bac,FPT,vultr_singapore,218.0,10.05
2026-09-15T16:59:54,Bac,FPT,vultr_seoul,167.0,9.23
2026-09-15T16:59:54,Bac,FPT,linode_singapore,55.0,10.12
2026-09-15T17:10:53,Bac,FPT,cloudflare,72.0,25.59
2026-09-15T17:10:53,Bac,FPT,vultr_singapore,48.0,15.24
2026-09-15T17:10:53,Bac,FPT,vultr_seoul,102.0,72.52
2026-09-15T17:10:53,Bac,FPT,linode_singapore,39.0,8.91
2026-09-15T19:04:45,Bac,FPT,cloudflare,57.0,29.16
2026-09-15T19:04:45,Bac,FPT,vultr_singapore,53.0,12.72
2026-09-15T19:04:45,Bac,FPT,vultr_seoul,139.0,144.48
2026-09-15T19:04:45,Bac,FPT,linode_singapore,42.0,25.51
2026-09-15T19:15:34,Bac,FPT,cloudflare,79.0,19.29
2026-09-15T19:15:34,Bac,FPT,vultr_singapore,53.0,10.46
2026-09-15T19:15:34,Bac,FPT,vultr_seoul,135.0,160.08
2026-09-15T19:15:34,Bac,FPT,linode_singapore,43.0,30.87
2026-09-15T19:26:23,Bac,FPT,cloudflare,59.0,26.5
2026-09-15T19:26:23,Bac,FPT,vultr_singapore,53.0,12.43
2026-09-15T19:26:23,Bac,FPT,vultr_seoul,132.0,132.29
2026-09-15T19:26:23,Bac,FPT,linode_singapore,43.0,25.14
2026-09-15T19:37:13,Bac,FPT,cloudflare,58.0,28.77
2026-09-15T19:37:13,Bac,FPT,vultr_singapore,54.0,10.12
2026-09-15T19:37:13,Bac,FPT,vultr_seoul,137.0,76.57
2026-09-15T19:37:13,Bac,FPT,linode_singapore,42.0,27.87
2026-09-15T19:48:08,Bac,FPT,cloudflare,58.0,27.86
2026-09-15T19:48:08,Bac,FPT,vultr_singapore,55.0,10.35
2026-09-15T19:48:08,Bac,FPT,vultr_seoul,140.0,156.87
2026-09-15T19:48:08,Bac,FPT,linode_singapore,42.0,25.97
2026-09-15T19:58:56,Bac,FPT,cloudflare,59.0,20.87
2026-09-15T19:58:56,Bac,FPT,vultr_singapore,54.0,87.68
2026-09-15T19:58:56,Bac,FPT,vultr_seoul,135.0,155.31
2026-09-15T19:58:56,Bac,FPT,linode_singapore,41.0,26.25
2026-09-15T20:09:40,Bac,FPT,cloudflare,59.0,28.43
2026-09-15T20:09:40,Bac,FPT,vultr_singapore,52.0,10.63
2026-09-15T20:09:40,Bac,FPT,vultr_seoul,133.0,53.51
2026-09-15T20:09:40,Bac,FPT,linode_singapore,47.0,29.37
2026-09-15T20:20:38,Bac,FPT,cloudflare,57.0,29.63
2026-09-15T20:20:38,Bac,FPT,vultr_singapore,54.0,124.66
2026-09-15T20:20:38,Bac,FPT,vultr_seoul,133.0,146.08
2026-09-15T20:20:38,Bac,FPT,linode_singapore,42.0,27.92
2026-09-15T20:31:19,Bac,FPT,cloudflare,61.0,28.93
2026-09-15T20:31:19,Bac,FPT,vultr_singapore,54.0,14.74
2026-09-15T20:31:19,Bac,FPT,vultr_seoul,134.0,142.1
2026-09-15T20:31:19,Bac,FPT,linode_singapore,41.0,31.12
2026-09-15T20:42:08,Bac,FPT,cloudflare,58.0,29.28
2026-09-15T20:42:08,Bac,FPT,vultr_singapore,53.0,11.22
2026-09-15T20:42:08,Bac,FPT,vultr_seoul,135.0,143.38
2026-09-15T20:42:08,Bac,FPT,linode_singapore,43.0,28.37
2026-09-15T20:52:57,Bac,FPT,cloudflare,59.0,31.0
2026-09-15T20:52:57,Bac,FPT,vultr_singapore,55.0,11.8
2026-09-15T20:52:57,Bac,FPT,vultr_seoul,134.0,92.25
2026-09-15T20:52:57,Bac,FPT,linode_singapore,43.0,27.06
2026-09-15T21:03:50,Bac,FPT,cloudflare,60.0,28.64
2026-09-15T21:03:50,Bac,FPT,vultr_singapore,59.0,9.85
2026-09-15T21:03:50,Bac,FPT,vultr_seoul,137.0,139.69
2026-09-15T21:03:50,Bac,FPT,linode_singapore,43.0,27.33
2026-09-15T21:14:39,Bac,FPT,cloudflare,58.0,30.83
2026-09-15T21:14:39,Bac,FPT,vultr_singapore,55.0,10.86
2026-09-15T21:14:39,Bac,FPT,vultr_seoul,137.0,162.59
2026-09-15T21:14:39,Bac,FPT,linode_singapore,41.0,26.32
2026-09-15T21:25:28,Bac,FPT,cloudflare,59.0,26.93
2026-09-15T21:25:28,Bac,FPT,vultr_singapore,55.0,14.4
2026-09-15T21:25:28,Bac,FPT,vultr_seoul,141.0,107.37
2026-09-15T21:25:28,Bac,FPT,linode_singapore,41.0,22.08
2026-09-15T21:36:19,Bac,FPT,cloudflare,59.0,30.8
2026-09-15T21:36:19,Bac,FPT,vultr_singapore,58.0,10.69
2026-09-15T21:36:19,Bac,FPT,vultr_seoul,138.0,142.86
2026-09-15T21:36:19,Bac,FPT,linode_singapore,43.0,28.72
2026-09-15T21:47:08,Bac,FPT,cloudflare,63.0,25.01
2026-09-15T21:47:08,Bac,FPT,vultr_singapore,52.0,9.64
2026-09-15T21:47:08,Bac,FPT,vultr_seoul,132.0,148.56
2026-09-15T21:47:08,Bac,FPT,linode_singapore,41.0,28.36
2026-09-15T21:57:57,Bac,FPT,cloudflare,59.0,27.75
2026-09-15T21:57:57,Bac,FPT,vultr_singapore,53.0,11.82
2026-09-15T21:57:57,Bac,FPT,vultr_seoul,137.0,104.99
2026-09-15T21:57:57,Bac,FPT,linode_singapore,42.0,24.14
2026-09-15T22:08:49,Bac,FPT,cloudflare,57.0,29.52
2026-09-15T22:08:49,Bac,FPT,vultr_singapore,55.0,10.0
2026-09-15T22:08:49,Bac,FPT,vultr_seoul,136.0,133.02
2026-09-15T22:08:49,Bac,FPT,linode_singapore,42.0,24.37
2026-09-15T22:19:38,Bac,FPT,cloudflare,58.0,30.06
2026-09-15T22:19:38,Bac,FPT,vultr_singapore,56.0,10.7
2026-09-15T22:19:38,Bac,FPT,vultr_seoul,154.0,132.95
2026-09-15T22:19:38,Bac,FPT,linode_singapore,43.0,26.25
2026-09-15T22:30:28,Bac,FPT,cloudflare,59.0,27.62
2026-09-15T22:30:28,Bac,FPT,vultr_singapore,55.0,9.99
2026-09-15T22:30:28,Bac,FPT,vultr_seoul,137.0,154.93
2026-09-15T22:30:28,Bac,FPT,linode_singapore,44.0,25.96
2026-09-15T22:41:17,Bac,FPT,cloudflare,59.0,28.43
2026-09-15T22:41:17,Bac,FPT,vultr_singapore,54.0,10.56
2026-09-15T22:41:17,Bac,FPT,vultr_seoul,137.0,104.29
2026-09-15T22:41:17,Bac,FPT,linode_singapore,74.0,27.01
2026-09-15T22:52:09,Bac,FPT,cloudflare,56.0,28.38
2026-09-15T22:52:09,Bac,FPT,vultr_singapore,55.0,12.61
2026-09-15T22:52:09,Bac,FPT,vultr_seoul,136.0,134.09
2026-09-15T22:52:09,Bac,FPT,linode_singapore,45.0,25.65
2026-09-15T23:02:59,Bac,FPT,cloudflare,64.0,28.96
2026-09-15T23:02:59,Bac,FPT,vultr_singapore,56.0,13.57
2026-09-15T23:02:59,Bac,FPT,vultr_seoul,130.0,152.29
2026-09-15T23:02:59,Bac,FPT,linode_singapore,44.0,25.54
2026-09-15T23:13:48,Bac,FPT,cloudflare,61.0,33.83
2026-09-15T23:13:48,Bac,FPT,vultr_singapore,57.0,13.0
2026-09-15T23:13:48,Bac,FPT,vultr_seoul,133.0,111.69
2026-09-15T23:13:48,Bac,FPT,linode_singapore,40.0,25.94
2026-09-15T23:24:39,Bac,FPT,cloudflare,61.0,31.66
2026-09-15T23:24:39,Bac,FPT,vultr_singapore,67.0,11.89
2026-09-15T23:24:39,Bac,FPT,vultr_seoul,140.0,99.43
2026-09-15T23:24:39,Bac,FPT,linode_singapore,42.0,28.57
2026-09-15T23:35:31,Bac,FPT,cloudflare,66.0,26.79
2026-09-15T23:35:31,Bac,FPT,vultr_singapore,686.0,43.8
2026-09-15T23:35:31,Bac,FPT,vultr_seoul,134.0,97.66
2026-09-15T23:35:31,Bac,FPT,linode_singapore,41.0,25.98
2026-09-15T23:46:29,Bac,FPT,cloudflare,99.0,30.6
2026-09-15T23:46:29,Bac,FPT,vultr_singapore,57.0,10.37
2026-09-15T23:46:29,Bac,FPT,vultr_seoul,136.0,145.97
2026-09-15T23:46:29,Bac,FPT,linode_singapore,43.0,25.07
2026-09-15T23:57:18,Bac,FPT,cloudflare,65.0,31.92
2026-09-15T23:57:18,Bac,FPT,vultr_singapore,56.0,9.44
2026-09-15T23:57:18,Bac,FPT,vultr_seoul,136.0,81.16
2026-09-15T23:57:18,Bac,FPT,linode_singapore,45.0,22.13
2026-09-16T00:08:12,Bac,FPT,cloudflare,62.0,29.08
2026-09-16T00:08:12,Bac,FPT,vultr_singapore,60.0,10.31
2026-09-16T00:08:12,Bac,FPT,vultr_seoul,192.0,69.31
2026-09-16T00:08:12,Bac,FPT,linode_singapore,54.0,24.38
2026-09-16T00:19:08,Bac,FPT,cloudflare,62.0,33.11
2026-09-16T00:19:08,Bac,FPT,vultr_singapore,56.0,11.17
2026-09-16T00:19:08,Bac,FPT,vultr_seoul,183.0,91.72
2026-09-16T00:19:08,Bac,FPT,linode_singapore,44.0,24.78
2026-09-16T00:30:00,Bac,FPT,cloudflare,64.0,26.17
2026-09-16T00:30:00,Bac,FPT,vultr_singapore,56.0,27.85
2026-09-16T00:30:00,Bac,FPT,vultr_seoul,142.0,84.83
2026-09-16T00:30:00,Bac,FPT,linode_singapore,63.0,29.17
2026-09-16T00:40:54,Bac,FPT,cloudflare,61.0,28.31
2026-09-16T00:40:54,Bac,FPT,vultr_singapore,55.0,11.39
2026-09-16T00:40:54,Bac,FPT,vultr_seoul,172.0,103.6
2026-09-16T00:40:54,Bac,FPT,linode_singapore,41.0,24.01
2026-09-16T10:34:00,Bac,FPT,cloudflare,62.0,27.29
2026-09-16T10:34:00,Bac,FPT,vultr_singapore,59.0,13.79
2026-09-16T10:34:00,Bac,FPT,vultr_seoul,137.0,124.14
2026-09-16T10:34:00,Bac,FPT,linode_singapore,42.0,27.56
2026-09-16T10:44:50,Bac,FPT,cloudflare,56.0,29.19
2026-09-16T10:44:50,Bac,FPT,vultr_singapore,52.0,11.14
2026-09-16T10:44:50,Bac,FPT,vultr_seoul,133.0,58.14
2026-09-16T10:44:50,Bac,FPT,linode_singapore,42.0,26.48
2026-09-16T10:55:48,Bac,FPT,cloudflare,56.0,31.59
2026-09-16T10:55:48,Bac,FPT,vultr_singapore,50.0,13.82
2026-09-16T10:55:48,Bac,FPT,vultr_seoul,135.0,30.12
2026-09-16T10:55:48,Bac,FPT,linode_singapore,42.0,27.46
2026-09-16T11:06:46,Bac,FPT,cloudflare,56.0,23.25
2026-09-16T11:06:46,Bac,FPT,vultr_singapore,55.0,10.64
2026-09-16T11:06:46,Bac,FPT,vultr_seoul,137.0,135.15
2026-09-16T11:06:46,Bac,FPT,linode_singapore,41.0,28.5
2026-09-16T11:17:36,Bac,FPT,cloudflare,56.0,30.05
2026-09-16T11:17:36,Bac,FPT,vultr_singapore,51.0,11.22
2026-09-16T11:17:36,Bac,FPT,vultr_seoul,135.0,146.14
2026-09-16T11:17:36,Bac,FPT,linode_singapore,40.0,27.67
2026-09-16T11:28:25,Bac,FPT,cloudflare,56.0,30.41
2026-09-16T11:28:25,Bac,FPT,vultr_singapore,52.0,14.1
2026-09-16T11:28:25,Bac,FPT,vultr_seoul,134.0,113.07
2026-09-16T11:28:25,Bac,FPT,linode_singapore,40.0,30.78
2026-09-16T11:39:16,Bac,FPT,cloudflare,56.0,31.67
2026-09-16T11:39:16,Bac,FPT,vultr_singapore,52.0,11.41
2026-09-16T11:39:16,Bac,FPT,vultr_seoul,135.0,157.14
2026-09-16T11:39:16,Bac,FPT,linode_singapore,40.0,28.48
2026-09-16T11:50:04,Bac,FPT,cloudflare,56.0,29.64
2026-09-16T11:50:04,Bac,FPT,vultr_singapore,51.0,14.83
2026-09-16T11:50:04,Bac,FPT,vultr_seoul,132.0,59.81
2026-09-16T11:50:04,Bac,FPT,linode_singapore,42.0,25.02
2026-09-16T12:01:02,Bac,FPT,cloudflare,59.0,28.16
2026-09-16T12:01:02,Bac,FPT,vultr_singapore,52.0,14.45
2026-09-16T12:01:02,Bac,FPT,vultr_seoul,140.0,155.06
2026-09-16T12:01:02,Bac,FPT,linode_singapore,44.0,28.69
2026-09-16T12:11:50,Bac,FPT,cloudflare,57.0,30.81
2026-09-16T12:11:50,Bac,FPT,vultr_singapore,54.0,63.27
2026-09-16T12:11:50,Bac,FPT,vultr_seoul,134.0,86.28
2026-09-16T12:11:50,Bac,FPT,linode_singapore,43.0,27.78
2026-09-16T12:22:42,Bac,FPT,cloudflare,55.0,32.64
2026-09-16T12:22:42,Bac,FPT,vultr_singapore,55.0,9.1
2026-09-16T12:22:42,Bac,FPT,vultr_seoul,139.0,104.28
2026-09-16T12:22:42,Bac,FPT,linode_singapore,39.0,25.83
2026-09-16T12:33:33,Bac,FPT,cloudflare,105.0,29.75
2026-09-16T12:33:33,Bac,FPT,vultr_singapore,53.0,10.45
2026-09-16T12:33:33,Bac,FPT,vultr_seoul,138.0,150.41
2026-09-16T12:33:33,Bac,FPT,linode_singapore,42.0,25.2
2026-09-16T12:44:22,Bac,FPT,cloudflare,57.0,30.69
2026-09-16T12:44:22,Bac,FPT,vultr_singapore,54.0,10.32
2026-09-16T12:44:22,Bac,FPT,vultr_seoul,142.0,70.43
2026-09-16T12:44:22,Bac,FPT,linode_singapore,62.0,22.94
2026-09-16T12:55:21,Bac,FPT,cloudflare,58.0,26.69
2026-09-16T12:55:21,Bac,FPT,vultr_singapore,107.0,9.82
2026-09-16T12:55:21,Bac,FPT,vultr_seoul,141.0,72.99
2026-09-16T12:55:21,Bac,FPT,linode_singapore,43.0,22.04
2026-09-16T13:06:20,Bac,FPT,cloudflare,57.0,29.84
2026-09-16T13:06:20,Bac,FPT,vultr_singapore,62.0,10.38
2026-09-16T13:06:20,Bac,FPT,vultr_seoul,169.0,124.63
2026-09-16T13:06:20,Bac,FPT,linode_singapore,42.0,23.91
2026-09-16T13:17:10,Bac,FPT,cloudflare,57.0,29.2
2026-09-16T13:17:10,Bac,FPT,vultr_singapore,62.0,13.02
2026-09-16T13:17:10,Bac,FPT,vultr_seoul,133.0,102.34
2026-09-16T13:17:10,Bac,FPT,linode_singapore,83.0,23.85
2026-09-16T13:28:02,Bac,FPT,cloudflare,57.0,32.34
2026-09-16T13:28:02,Bac,FPT,vultr_singapore,54.0,10.24
2026-09-16T13:28:02,Bac,FPT,vultr_seoul,140.0,103.75
2026-09-16T13:28:02,Bac,FPT,linode_singapore,42.0,23.39
2026-09-16T13:38:53,Bac,FPT,cloudflare,57.0,27.46
2026-09-16T13:38:53,Bac,FPT,vultr_singapore,52.0,54.73
2026-09-16T13:38:53,Bac,FPT,vultr_seoul,157.0,98.78
2026-09-16T13:38:53,Bac,FPT,linode_singapore,70.0,22.33
2026-09-16T13:49:45,Bac,FPT,cloudflare,56.0,28.37
2026-09-16T13:49:45,Bac,FPT,vultr_singapore,52.0,12.94
2026-09-16T13:49:45,Bac,FPT,vultr_seoul,135.0,76.92
2026-09-16T13:49:45,Bac,FPT,linode_singapore,42.0,34.38
2026-09-16T14:00:44,Bac,FPT,cloudflare,57.0,23.94
2026-09-16T14:00:44,Bac,FPT,vultr_singapore,55.0,10.15
2026-09-16T14:00:44,Bac,FPT,vultr_seoul,142.0,92.61
2026-09-16T14:00:44,Bac,FPT,linode_singapore,42.0,27.23
2026-09-16T14:11:40,Bac,FPT,cloudflare,56.0,27.26
2026-09-16T14:11:40,Bac,FPT,vultr_singapore,59.0,72.94
2026-09-16T14:11:40,Bac,FPT,vultr_seoul,133.0,147.51
2026-09-16T14:11:40,Bac,FPT,linode_singapore,47.0,33.51
2026-09-16T14:22:38,Bac,FPT,cloudflare,59.0,26.28
2026-09-16T14:22:38,Bac,FPT,vultr_singapore,52.0,47.63
2026-09-16T14:22:38,Bac,FPT,vultr_seoul,150.0,139.95
2026-09-16T14:22:38,Bac,FPT,linode_singapore,48.0,16.49
2026-09-16T14:33:27,Bac,FPT,cloudflare,56.0,31.49
2026-09-16T14:33:27,Bac,FPT,vultr_singapore,53.0,10.68
2026-09-16T14:33:27,Bac,FPT,vultr_seoul,137.0,134.55
2026-09-16T14:33:27,Bac,FPT,linode_singapore,93.0,24.36
2026-09-16T14:44:17,Bac,FPT,cloudflare,106.0,29.32
2026-09-16T14:44:17,Bac,FPT,vultr_singapore,52.0,11.54
2026-09-16T14:44:17,Bac,FPT,vultr_seoul,201.0,92.02
2026-09-16T14:44:17,Bac,FPT,linode_singapore,42.0,26.81
2026-09-16T14:55:10,Bac,FPT,cloudflare,96.0,26.12
2026-09-16T14:55:10,Bac,FPT,vultr_singapore,52.0,12.02
2026-09-16T14:55:10,Bac,FPT,vultr_seoul,138.0,96.97
2026-09-16T14:55:10,Bac,FPT,linode_singapore,43.0,26.15
2026-09-16T15:06:06,Bac,FPT,cloudflare,57.0,28.42
2026-09-16T15:06:06,Bac,FPT,vultr_singapore,58.0,13.01
2026-09-16T15:06:06,Bac,FPT,vultr_seoul,139.0,59.45
2026-09-16T15:06:06,Bac,FPT,linode_singapore,95.0,28.27
2026-09-16T15:17:08,Bac,FPT,cloudflare,57.0,27.74
2026-09-16T15:17:08,Bac,FPT,vultr_singapore,55.0,10.49
2026-09-16T15:17:08,Bac,FPT,vultr_seoul,141.0,147.1
2026-09-16T15:17:08,Bac,FPT,linode_singapore,54.0,27.81
2026-09-16T15:28:00,Bac,FPT,cloudflare,60.0,27.58
2026-09-16T15:28:00,Bac,FPT,vultr_singapore,61.0,14.53
2026-09-16T15:28:00,Bac,FPT,vultr_seoul,136.0,13.72
2026-09-16T15:28:00,Bac,FPT,linode_singapore,46.0,26.08
2026-09-16T15:38:59,Bac,FPT,cloudflare,62.0,31.18
2026-09-16T15:38:59,Bac,FPT,vultr_singapore,78.0,26.49
2026-09-16T15:38:59,Bac,FPT,vultr_seoul,141.0,151.01
2026-09-16T15:38:59,Bac,FPT,linode_singapore,43.0,24.46
2026-09-16T18:41:32,Bac,FPT,cloudflare,93.0,27.76
2026-09-16T18:41:32,Bac,FPT,vultr_singapore,56.0,12.06
2026-09-16T18:41:32,Bac,FPT,vultr_seoul,138.0,86.91
2026-09-16T18:41:32,Bac,FPT,linode_singapore,44.0,27.64
2026-09-16T18:52:33,Bac,FPT,cloudflare,66.0,26.69
2026-09-16T18:52:33,Bac,FPT,vultr_singapore,53.0,13.52
2026-09-16T18:52:33,Bac,FPT,vultr_seoul,136.0,66.34
2026-09-16T18:52:33,Bac,FPT,linode_singapore,49.0,22.08
2026-09-16T19:03:29,Bac,FPT,cloudflare,72.0,25.71
2026-09-16T19:03:29,Bac,FPT,vultr_singapore,56.0,10.07
2026-09-16T19:03:29,Bac,FPT,vultr_seoul,139.0,80.71
2026-09-16T19:03:29,Bac,FPT,linode_singapore,43.0,26.44
2026-09-16T19:14:27,Bac,FPT,cloudflare,63.0,23.21
2026-09-16T19:14:27,Bac,FPT,vultr_singapore,57.0,11.38
2026-09-16T19:14:27,Bac,FPT,vultr_seoul,137.0,78.15
2026-09-16T19:14:27,Bac,FPT,linode_singapore,42.0,27.56
2026-09-16T19:25:21,Bac,FPT,cloudflare,76.0,29.85
2026-09-16T19:25:21,Bac,FPT,vultr_singapore,55.0,76.0
2026-09-16T19:25:21,Bac,FPT,vultr_seoul,136.0,93.88
2026-09-16T19:25:21,Bac,FPT,linode_singapore,43.0,22.93
2026-09-16T19:36:14,Bac,FPT,cloudflare,72.0,23.07
2026-09-16T19:36:14,Bac,FPT,vultr_singapore,57.0,12.33
2026-09-16T19:36:14,Bac,FPT,vultr_seoul,155.0,99.76
2026-09-16T19:36:14,Bac,FPT,linode_singapore,43.0,27.89
2026-09-16T19:47:17,Bac,FPT,cloudflare,127.0,26.9
2026-09-16T19:47:17,Bac,FPT,vultr_singapore,57.0,96.64
2026-09-16T19:47:17,Bac,FPT,vultr_seoul,139.0,85.46
2026-09-16T19:47:17,Bac,FPT,linode_singapore,44.0,21.81
2026-09-16T19:58:20,Bac,FPT,cloudflare,73.0,24.19
2026-09-16T19:58:20,Bac,FPT,vultr_singapore,104.0,11.18
2026-09-16T19:58:20,Bac,FPT,vultr_seoul,139.0,119.9
2026-09-16T19:58:20,Bac,FPT,linode_singapore,80.0,22.99
2026-09-16T20:09:10,Bac,FPT,cloudflare,63.0,29.38
2026-09-16T20:09:10,Bac,FPT,vultr_singapore,65.0,11.96
2026-09-16T20:09:10,Bac,FPT,vultr_seoul,180.0,138.7
2026-09-16T20:09:10,Bac,FPT,linode_singapore,42.0,25.65
2026-09-16T20:20:08,Bac,FPT,cloudflare,62.0,29.78
2026-09-16T20:20:08,Bac,FPT,vultr_singapore,59.0,12.04
2026-09-16T20:20:08,Bac,FPT,vultr_seoul,140.0,99.87
2026-09-16T20:20:08,Bac,FPT,linode_singapore,53.0,26.54
2026-09-16T20:31:00,Bac,FPT,cloudflare,67.0,26.06
2026-09-16T20:31:00,Bac,FPT,vultr_singapore,83.0,9.78
2026-09-16T20:31:00,Bac,FPT,vultr_seoul,179.0,143.92
2026-09-16T20:31:00,Bac,FPT,linode_singapore,72.0,25.1
2026-09-16T20:41:49,Bac,FPT,cloudflare,62.0,30.43
2026-09-16T20:41:49,Bac,FPT,vultr_singapore,56.0,11.72
2026-09-16T20:41:49,Bac,FPT,vultr_seoul,134.0,122.21
2026-09-16T20:41:49,Bac,FPT,linode_singapore,42.0,19.53
2026-09-16T20:52:40,Bac,FPT,cloudflare,61.0,28.49
2026-09-16T20:52:40,Bac,FPT,vultr_singapore,57.0,10.07
2026-09-16T20:52:40,Bac,FPT,vultr_seoul,134.0,15.44
2026-09-16T20:52:40,Bac,FPT,linode_singapore,42.0,25.45
2026-09-16T21:03:38,Bac,FPT,cloudflare,71.0,25.46
2026-09-16T21:03:38,Bac,FPT,vultr_singapore,58.0,9.45
2026-09-16T21:03:38,Bac,FPT,vultr_seoul,135.0,84.06
2026-09-16T21:03:38,Bac,FPT,linode_singapore,42.0,20.79
2026-09-16T21:14:32,Bac,FPT,cloudflare,60.0,29.17
2026-09-16T21:14:32,Bac,FPT,vultr_singapore,65.0,11.89
2026-09-16T21:14:32,Bac,FPT,vultr_seoul,140.0,107.81
2026-09-16T21:14:32,Bac,FPT,linode_singapore,63.0,27.89
2026-09-16T21:25:31,Bac,FPT,cloudflare,63.0,28.7
2026-09-16T21:25:31,Bac,FPT,vultr_singapore,55.0,10.17
2026-09-16T21:25:31,Bac,FPT,vultr_seoul,139.0,144.79
2026-09-16T21:25:31,Bac,FPT,linode_singapore,43.0,25.57
2026-09-16T21:36:20,Bac,FPT,cloudflare,58.0,28.93
2026-09-16T21:36:20,Bac,FPT,vultr_singapore,102.0,9.56
2026-09-16T21:36:20,Bac,FPT,vultr_seoul,135.0,101.14
2026-09-16T21:36:20,Bac,FPT,linode_singapore,44.0,25.76
2026-09-16T21:47:12,Bac,FPT,cloudflare,62.0,28.48
2026-09-16T21:47:12,Bac,FPT,vultr_singapore,53.0,11.59
2026-09-16T21:47:12,Bac,FPT,vultr_seoul,142.0,109.29
2026-09-16T21:47:12,Bac,FPT,linode_singapore,47.0,21.87
2026-09-16T21:58:03,Bac,FPT,cloudflare,58.0,29.27
2026-09-16T21:58:03,Bac,FPT,vultr_singapore,58.0,9.88
2026-09-16T21:58:03,Bac,FPT,vultr_seoul,136.0,128.56
2026-09-16T21:58:03,Bac,FPT,linode_singapore,45.0,29.27
2026-09-16T22:08:53,Bac,FPT,cloudflare,60.0,27.31
2026-09-16T22:08:53,Bac,FPT,vultr_singapore,57.0,84.88
2026-09-16T22:08:53,Bac,FPT,vultr_seoul,133.0,145.5
2026-09-16T22:08:53,Bac,FPT,linode_singapore,43.0,23.4
2026-09-16T22:19:37,Bac,FPT,cloudflare,62.0,28.53
2026-09-16T22:19:37,Bac,FPT,vultr_singapore,53.0,9.31
2026-09-16T22:19:37,Bac,FPT,vultr_seoul,141.0,120.91
2026-09-16T22:19:37,Bac,FPT,linode_singapore,42.0,22.42
2026-09-16T22:30:28,Bac,FPT,cloudflare,59.0,31.51
2026-09-16T22:30:28,Bac,FPT,vultr_singapore,55.0,9.69
2026-09-16T22:30:28,Bac,FPT,vultr_seoul,137.0,138.16
2026-09-16T22:30:28,Bac,FPT,linode_singapore,43.0,16.64
2026-09-16T22:41:17,Bac,FPT,cloudflare,65.0,32.52
2026-09-16T22:41:17,Bac,FPT,vultr_singapore,55.0,13.87
2026-09-16T22:41:17,Bac,FPT,vultr_seoul,131.0,71.07
2026-09-16T22:41:17,Bac,FPT,linode_singapore,42.0,21.86
2026-09-16T22:52:12,Bac,FPT,cloudflare,60.0,29.5
2026-09-16T22:52:12,Bac,FPT,vultr_singapore,55.0,10.38
2026-09-16T22:52:12,Bac,FPT,vultr_seoul,134.0,111.22
2026-09-16T22:52:12,Bac,FPT,linode_singapore,42.0,28.21
2026-09-16T23:03:03,Bac,FPT,cloudflare,59.0,30.87
2026-09-16T23:03:03,Bac,FPT,vultr_singapore,56.0,11.73
2026-09-16T23:03:03,Bac,FPT,vultr_seoul,133.0,122.11
2026-09-16T23:03:03,Bac,FPT,linode_singapore,42.0,25.1
2026-09-16T23:13:53,Bac,FPT,cloudflare,60.0,31.07
2026-09-16T23:13:53,Bac,FPT,vultr_singapore,58.0,14.82
2026-09-16T23:13:53,Bac,FPT,vultr_seoul,133.0,122.72
2026-09-16T23:13:53,Bac,FPT,linode_singapore,43.0,40.98
2026-09-16T23:24:43,Bac,FPT,cloudflare,59.0,29.79
2026-09-16T23:24:43,Bac,FPT,vultr_singapore,62.0,9.86
2026-09-16T23:24:43,Bac,FPT,vultr_seoul,153.0,87.38
2026-09-16T23:24:43,Bac,FPT,linode_singapore,44.0,25.77
2026-09-16T23:35:37,Bac,FPT,cloudflare,264.0,22.93
2026-09-16T23:35:37,Bac,FPT,vultr_singapore,63.0,11.52
2026-09-16T23:35:37,Bac,FPT,vultr_seoul,139.0,152.82
2026-09-16T23:35:37,Bac,FPT,linode_singapore,43.0,20.04
2026-09-16T23:46:30,Bac,FPT,cloudflare,63.0,29.95
2026-09-16T23:46:30,Bac,FPT,vultr_singapore,56.0,10.86
2026-09-16T23:46:30,Bac,FPT,vultr_seoul,136.0,59.77
2026-09-16T23:46:30,Bac,FPT,linode_singapore,65.0,26.25
2026-09-16T23:57:27,Bac,FPT,cloudflare,59.0,28.58
2026-09-16T23:57:27,Bac,FPT,vultr_singapore,58.0,9.85
2026-09-16T23:57:27,Bac,FPT,vultr_seoul,137.0,140.69
2026-09-16T23:57:27,Bac,FPT,linode_singapore,62.0,26.59
2026-09-17T00:08:17,Bac,FPT,cloudflare,60.0,31.16
2026-09-17T00:08:17,Bac,FPT,vultr_singapore,59.0,13.43
2026-09-17T00:08:17,Bac,FPT,vultr_seoul,134.0,155.46
2026-09-17T00:08:17,Bac,FPT,linode_singapore,44.0,20.86
2026-09-17T00:19:06,Bac,FPT,cloudflare,57.0,29.4
2026-09-17T00:19:06,Bac,FPT,vultr_singapore,58.0,37.07
2026-09-17T00:19:06,Bac,FPT,vultr_seoul,131.0,83.24
2026-09-17T00:19:06,Bac,FPT,linode_singapore,42.0,28.99
2026-09-17T00:30:00,Bac,FPT,cloudflare,60.0,31.19
2026-09-17T00:30:00,Bac,FPT,vultr_singapore,57.0,55.67
2026-09-17T00:30:00,Bac,FPT,vultr_seoul,133.0,147.66
2026-09-17T00:30:00,Bac,FPT,linode_singapore,49.0,26.19
2026-09-17T00:40:49,Bac,FPT,cloudflare,58.0,28.96
2026-09-17T00:40:49,Bac,FPT,vultr_singapore,58.0,12.77
2026-09-17T00:40:49,Bac,FPT,vultr_seoul,137.0,142.26
2026-09-17T00:40:49,Bac,FPT,linode_singapore,43.0,29.39
2026-09-17T00:51:42,Bac,FPT,cloudflare,60.0,30.66
2026-09-17T00:51:42,Bac,FPT,vultr_singapore,68.0,12.19
2026-09-17T00:51:42,Bac,FPT,vultr_seoul,138.0,132.01
2026-09-17T00:51:42,Bac,FPT,linode_singapore,40.0,26.66
2026-09-17T01:02:32,Bac,FPT,cloudflare,60.0,29.76
2026-09-17T01:02:32,Bac,FPT,vultr_singapore,59.0,11.94
2026-09-17T01:02:32,Bac,FPT,vultr_seoul,134.0,156.82
2026-09-17T01:02:32,Bac,FPT,linode_singapore,43.0,26.52
2026-09-17T01:13:21,Bac,FPT,cloudflare,60.0,32.02
2026-09-17T01:13:21,Bac,FPT,vultr_singapore,59.0,79.73
2026-09-17T01:13:21,Bac,FPT,vultr_seoul,136.0,158.91
2026-09-17T01:13:21,Bac,FPT,linode_singapore,42.0,26.49
2026-09-17T01:24:05,Bac,FPT,cloudflare,58.0,31.91
2026-09-17T01:24:05,Bac,FPT,vultr_singapore,56.0,12.98
2026-09-17T01:24:05,Bac,FPT,vultr_seoul,138.0,149.31
2026-09-17T01:24:05,Bac,FPT,linode_singapore,44.0,23.51
2026-09-17T01:34:54,Bac,FPT,cloudflare,112.0,29.06
2026-09-17T01:34:54,Bac,FPT,vultr_singapore,57.0,10.4
2026-09-17T01:34:54,Bac,FPT,vultr_seoul,133.0,85.5
2026-09-17T01:34:54,Bac,FPT,linode_singapore,46.0,24.48
2026-09-17T01:45:47,Bac,FPT,cloudflare,58.0,33.17
2026-09-17T01:45:47,Bac,FPT,vultr_singapore,57.0,20.78
2026-09-17T01:45:47,Bac,FPT,vultr_seoul,135.0,122.52
2026-09-17T01:45:47,Bac,FPT,linode_singapore,40.0,22.3
2026-09-17T01:56:37,Bac,FPT,cloudflare,57.0,31.03
2026-09-17T01:56:37,Bac,FPT,vultr_singapore,59.0,12.83
2026-09-17T01:56:37,Bac,FPT,vultr_seoul,132.0,75.14
2026-09-17T01:56:37,Bac,FPT,linode_singapore,43.0,26.22
2026-09-17T02:07:32,Bac,FPT,cloudflare,56.0,28.94
2026-09-17T02:07:32,Bac,FPT,vultr_singapore,59.0,12.48
2026-09-17T02:07:32,Bac,FPT,vultr_seoul,137.0,64.18
2026-09-17T02:07:32,Bac,FPT,linode_singapore,40.0,28.03
2026-09-17T11:08:55,Bac,FPT,cloudflare,61.0,30.8
2026-09-17T11:08:55,Bac,FPT,vultr_singapore,55.0,12.07
2026-09-17T11:08:55,Bac,FPT,vultr_seoul,131.0,87.12
2026-09-17T11:08:55,Bac,FPT,linode_singapore,41.0,23.22
2026-09-17T11:19:48,Bac,FPT,cloudflare,59.0,35.37
2026-09-17T11:19:48,Bac,FPT,vultr_singapore,54.0,10.5
2026-09-17T11:19:48,Bac,FPT,vultr_seoul,137.0,143.72
2026-09-17T11:19:48,Bac,FPT,linode_singapore,40.0,31.92
2026-09-17T11:30:37,Bac,FPT,cloudflare,58.0,30.02
2026-09-17T11:30:37,Bac,FPT,vultr_singapore,54.0,18.15
2026-09-17T11:30:37,Bac,FPT,vultr_seoul,132.0,3.87
2026-09-17T11:30:37,Bac,FPT,linode_singapore,41.0,25.08
2026-09-17T11:41:36,Bac,FPT,cloudflare,58.0,30.62
2026-09-17T11:41:36,Bac,FPT,vultr_singapore,55.0,7.94
2026-09-17T11:41:36,Bac,FPT,vultr_seoul,134.0,71.76
2026-09-17T11:41:36,Bac,FPT,linode_singapore,41.0,27.22
2026-09-17T11:52:31,Bac,FPT,cloudflare,60.0,26.57
2026-09-17T11:52:31,Bac,FPT,vultr_singapore,57.0,9.41
2026-09-17T11:52:31,Bac,FPT,vultr_seoul,133.0,137.1
2026-09-17T11:52:31,Bac,FPT,linode_singapore,43.0,25.38
2026-09-17T12:03:20,Bac,FPT,cloudflare,58.0,30.26
2026-09-17T12:03:20,Bac,FPT,vultr_singapore,59.0,10.67
2026-09-17T12:03:20,Bac,FPT,vultr_seoul,135.0,75.21
2026-09-17T12:03:20,Bac,FPT,linode_singapore,42.0,26.19
2026-09-17T12:14:15,Bac,FPT,cloudflare,58.0,31.58
2026-09-17T12:14:15,Bac,FPT,vultr_singapore,53.0,82.46
2026-09-17T12:14:15,Bac,FPT,vultr_seoul,133.0,57.23
2026-09-17T12:14:15,Bac,FPT,linode_singapore,41.0,27.31
2026-09-17T12:25:08,Bac,FPT,cloudflare,77.0,30.03
2026-09-17T12:25:08,Bac,FPT,vultr_singapore,70.0,10.04
2026-09-17T12:25:08,Bac,FPT,vultr_seoul,158.0,100.69
2026-09-17T12:25:08,Bac,FPT,linode_singapore,100.0,25.04
2026-09-17T12:36:08,Bac,FPT,cloudflare,58.0,27.59
2026-09-17T12:36:08,Bac,FPT,vultr_singapore,55.0,20.11
2026-09-17T12:36:08,Bac,FPT,vultr_seoul,141.0,166.4
2026-09-17T12:36:08,Bac,FPT,linode_singapore,62.0,27.95
2026-09-17T12:46:56,Bac,FPT,cloudflare,162.0,30.04
2026-09-17T12:46:56,Bac,FPT,vultr_singapore,58.0,12.47
2026-09-17T12:46:56,Bac,FPT,vultr_seoul,133.0,97.73
2026-09-17T12:46:56,Bac,FPT,linode_singapore,42.0,27.52
2026-09-17T18:31:59,Bac,FPT,cloudflare,50.0,16.97
2026-09-17T18:31:59,Bac,FPT,vultr_singapore,57.0,17.42
2026-09-17T18:31:59,Bac,FPT,vultr_seoul,189.0,260.85
2026-09-17T18:31:59,Bac,FPT,linode_singapore,47.0,289.52
2026-09-17T18:42:14,Bac,FPT,cloudflare,50.0,31.17
2026-09-17T18:42:14,Bac,FPT,vultr_singapore,57.0,14.28
2026-09-17T18:42:14,Bac,FPT,vultr_seoul,177.0,94.6
2026-09-17T18:42:14,Bac,FPT,linode_singapore,49.0,221.84
2026-09-17T18:52:54,Bac,FPT,cloudflare,51.0,33.56
2026-09-17T18:52:54,Bac,FPT,vultr_singapore,56.0,73.23
2026-09-17T18:52:54,Bac,FPT,vultr_seoul,186.0,242.06
2026-09-17T18:52:54,Bac,FPT,linode_singapore,48.0,264.53
2026-09-17T19:03:27,Bac,FPT,cloudflare,288.0,14.66
2026-09-17T19:03:27,Bac,FPT,vultr_singapore,92.0,7.89
2026-09-17T19:03:27,Bac,FPT,vultr_seoul,104.0,22.83
2026-09-17T19:03:27,Bac,FPT,linode_singapore,69.0,4.51
2026-09-17T19:14:26,Bac,FPT,cloudflare,51.0,8.77
2026-09-17T19:14:26,Bac,FPT,vultr_singapore,64.0,10.42
2026-09-17T19:14:26,Bac,FPT,vultr_seoul,116.0,28.02
2026-09-17T19:14:26,Bac,FPT,linode_singapore,54.0,6.03
2026-09-17T19:25:30,Bac,FPT,cloudflare,55.0,14.49
2026-09-17T19:25:30,Bac,FPT,vultr_singapore,53.0,9.27
2026-09-17T19:25:30,Bac,FPT,vultr_seoul,628.0,27.82
2026-09-17T19:25:30,Bac,FPT,linode_singapore,52.0,6.6
2026-09-17T19:36:31,Bac,FPT,cloudflare,268.0,3.92
2026-09-17T19:36:31,Bac,FPT,vultr_singapore,52.0,8.79
2026-09-17T19:36:31,Bac,FPT,vultr_seoul,125.0,23.97
2026-09-17T19:36:31,Bac,FPT,linode_singapore,126.0,0.58
2026-09-17T19:47:34,Bac,FPT,cloudflare,92.0,9.38
2026-09-17T19:47:34,Bac,FPT,vultr_singapore,72.0,3.0
2026-09-17T19:47:34,Bac,FPT,vultr_seoul,168.0,1.16
2026-09-17T19:47:34,Bac,FPT,linode_singapore,148.0,1.67
2026-09-17T19:58:34,Bac,FPT,cloudflare,205.0,14.56
2026-09-17T19:58:34,Bac,FPT,vultr_singapore,41.0,8.07
2026-09-17T19:58:34,Bac,FPT,vultr_seoul,88.0,31.23
2026-09-17T19:58:34,Bac,FPT,linode_singapore,52.0,6.23
2026-09-17T20:09:33,Bac,FPT,cloudflare,50.0,15.54
2026-09-17T20:09:33,Bac,FPT,vultr_singapore,45.0,10.57
2026-09-17T20:09:33,Bac,FPT,vultr_seoul,92.0,32.79
2026-09-17T20:09:33,Bac,FPT,linode_singapore,52.0,7.47
2026-09-17T20:20:36,Bac,FPT,cloudflare,195.0,13.17
2026-09-17T20:20:36,Bac,FPT,vultr_singapore,45.0,5.96
2026-09-17T20:20:36,Bac,FPT,vultr_seoul,693.0,28.26
2026-09-17T20:20:36,Bac,FPT,linode_singapore,52.0,7.2
2026-09-17T20:31:42,Bac,FPT,cloudflare,56.0,14.68
2026-09-17T20:31:42,Bac,FPT,vultr_singapore,102.0,5.18
2026-09-17T20:31:42,Bac,FPT,vultr_seoul,1091.0,23.16
2026-09-17T20:31:42,Bac,FPT,linode_singapore,52.0,7.01
2026-09-17T20:42:44,Bac,FPT,cloudflare,50.0,5.5
2026-09-17T20:42:44,Bac,FPT,vultr_singapore,91.0,3.53
2026-09-17T20:42:44,Bac,FPT,vultr_seoul,91.0,7.89
2026-09-17T20:42:44,Bac,FPT,linode_singapore,53.0,5.29
2026-09-17T20:53:45,Bac,FPT,cloudflare,299.0,12.65
2026-09-17T20:53:45,Bac,FPT,vultr_singapore,333.0,4.27
2026-09-17T20:53:45,Bac,FPT,vultr_seoul,123.0,13.72
2026-09-17T20:53:45,Bac,FPT,linode_singapore,51.0,7.97
2026-09-17T21:04:51,Bac,FPT,cloudflare,167.0,0.74
2026-09-17T21:04:51,Bac,FPT,vultr_singapore,794.0,2.55
2026-09-17T21:04:51,Bac,FPT,vultr_seoul,93.0,26.33
2026-09-17T21:04:51,Bac,FPT,linode_singapore,50.0,7.73
2026-09-17T21:16:14,Bac,FPT,cloudflare,50.0,17.49
2026-09-17T21:16:14,Bac,FPT,vultr_singapore,42.0,11.25
2026-09-17T21:16:14,Bac,FPT,vultr_seoul,90.0,32.65
2026-09-17T21:16:14,Bac,FPT,linode_singapore,53.0,6.85
2026-09-17T21:27:13,Bac,FPT,cloudflare,1333.0,3.81
2026-09-17T21:27:13,Bac,FPT,vultr_singapore,62.0,11.1
2026-09-17T21:27:13,Bac,FPT,vultr_seoul,100.0,14.15
2026-09-17T21:27:13,Bac,FPT,linode_singapore,114.0,4.08
2026-09-17T21:38:18,Bac,FPT,cloudflare,55.0,14.15
2026-09-17T21:38:18,Bac,FPT,vultr_singapore,58.0,6.38
2026-09-17T21:38:18,Bac,FPT,vultr_seoul,93.0,25.27
2026-09-17T21:38:18,Bac,FPT,linode_singapore,153.0,5.14
2026-09-17T21:49:17,Bac,FPT,cloudflare,48.0,15.2
2026-09-17T21:49:17,Bac,FPT,vultr_singapore,51.0,9.51
2026-09-17T21:49:17,Bac,FPT,vultr_seoul,89.0,33.2
2026-09-17T21:49:17,Bac,FPT,linode_singapore,50.0,5.77
2026-09-17T22:00:16,Bac,FPT,cloudflare,53.0,14.95
2026-09-17T22:00:16,Bac,FPT,vultr_singapore,56.0,14.57
2026-09-17T22:00:16,Bac,FPT,vultr_seoul,124.0,24.31
2026-09-17T22:00:16,Bac,FPT,linode_singapore,65.0,4.15
2026-09-17T22:11:15,Bac,FPT,cloudflare,540.0,5.3
2026-09-17T22:11:15,Bac,FPT,vultr_singapore,293.0,1.23
2026-09-17T22:11:15,Bac,FPT,vultr_seoul,260.0,6.96
2026-09-17T22:11:15,Bac,FPT,linode_singapore,58.0,2.08
2026-09-17T22:22:26,Bac,FPT,cloudflare,49.0,10.69
2026-09-17T22:22:26,Bac,FPT,vultr_singapore,55.0,7.24
2026-09-17T22:22:26,Bac,FPT,vultr_seoul,96.0,32.74
2026-09-17T22:22:26,Bac,FPT,linode_singapore,52.0,6.23
2026-09-17T22:33:25,Bac,FPT,cloudflare,51.0,12.21
2026-09-17T22:33:25,Bac,FPT,vultr_singapore,51.0,6.14
2026-09-17T22:33:25,Bac,FPT,vultr_seoul,105.0,21.61
2026-09-17T22:33:25,Bac,FPT,linode_singapore,51.0,5.97
2026-09-17T23:06:03,Bac,FPT,cloudflare,62.0,26.9
2026-09-17T23:06:03,Bac,FPT,vultr_singapore,58.0,13.31
2026-09-17T23:06:03,Bac,FPT,vultr_seoul,134.0,79.26
2026-09-17T23:06:03,Bac,FPT,linode_singapore,129.0,30.14
2026-09-17T23:16:58,Bac,FPT,cloudflare,68.0,28.18
2026-09-17T23:16:58,Bac,FPT,vultr_singapore,52.0,13.75
2026-09-17T23:16:58,Bac,FPT,vultr_seoul,135.0,152.35
2026-09-17T23:16:58,Bac,FPT,linode_singapore,62.0,25.21
2026-09-17T23:27:47,Bac,FPT,cloudflare,63.0,27.54
2026-09-17T23:27:47,Bac,FPT,vultr_singapore,53.0,12.36
2026-09-17T23:27:47,Bac,FPT,vultr_seoul,170.0,149.81
2026-09-17T23:27:47,Bac,FPT,linode_singapore,75.0,23.44
2026-09-17T23:38:40,Bac,FPT,cloudflare,62.0,27.13
2026-09-17T23:38:40,Bac,FPT,vultr_singapore,59.0,10.26
2026-09-17T23:38:40,Bac,FPT,vultr_seoul,138.0,169.11
2026-09-17T23:38:40,Bac,FPT,linode_singapore,66.0,27.93
2026-09-17T23:49:28,Bac,FPT,cloudflare,59.0,26.88
2026-09-17T23:49:28,Bac,FPT,vultr_singapore,53.0,9.94
2026-09-17T23:49:28,Bac,FPT,vultr_seoul,135.0,167.44
2026-09-17T23:49:28,Bac,FPT,linode_singapore,64.0,24.02
2026-09-18T00:00:17,Bac,FPT,cloudflare,62.0,26.8
2026-09-18T00:00:17,Bac,FPT,vultr_singapore,53.0,12.29
2026-09-18T00:00:17,Bac,FPT,vultr_seoul,139.0,149.97
2026-09-18T00:00:17,Bac,FPT,linode_singapore,62.0,22.04
2026-09-18T00:11:06,Bac,FPT,cloudflare,66.0,23.03
2026-09-18T00:11:06,Bac,FPT,vultr_singapore,56.0,10.17
2026-09-18T00:11:06,Bac,FPT,vultr_seoul,139.0,157.24
2026-09-18T00:11:06,Bac,FPT,linode_singapore,62.0,21.21
2026-09-18T00:21:55,Bac,FPT,cloudflare,119.0,27.42
2026-09-18T00:21:55,Bac,FPT,vultr_singapore,53.0,10.93
2026-09-18T00:21:55,Bac,FPT,vultr_seoul,140.0,94.87
2026-09-18T00:21:55,Bac,FPT,linode_singapore,63.0,28.2
2026-09-18T09:44:05,Bac,FPT,cloudflare,58.0,29.36
2026-09-18T09:44:05,Bac,FPT,vultr_singapore,51.0,10.97
2026-09-18T09:44:05,Bac,FPT,vultr_seoul,133.0,165.14
2026-09-18T09:44:05,Bac,FPT,linode_singapore,61.0,27.61
2026-09-18T09:54:53,Bac,FPT,cloudflare,70.0,30.15
2026-09-18T09:54:53,Bac,FPT,vultr_singapore,52.0,14.07
2026-09-18T09:54:53,Bac,FPT,vultr_seoul,142.0,164.51
2026-09-18T09:54:53,Bac,FPT,linode_singapore,106.0,29.1
2026-09-18T10:05:42,Bac,FPT,cloudflare,60.0,24.53
2026-09-18T10:05:42,Bac,FPT,vultr_singapore,62.0,10.21
2026-09-18T10:05:42,Bac,FPT,vultr_seoul,135.0,119.27
2026-09-18T10:05:42,Bac,FPT,linode_singapore,61.0,22.99
2026-09-18T10:16:37,Bac,FPT,cloudflare,85.0,24.91
2026-09-18T10:16:37,Bac,FPT,vultr_singapore,57.0,13.01
2026-09-18T10:16:37,Bac,FPT,vultr_seoul,135.0,78.71
2026-09-18T10:16:37,Bac,FPT,linode_singapore,82.0,29.15
2026-09-18T10:27:31,Bac,FPT,cloudflare,60.0,28.9
2026-09-18T10:27:31,Bac,FPT,vultr_singapore,54.0,10.58
2026-09-18T10:27:31,Bac,FPT,vultr_seoul,131.0,155.12
2026-09-18T10:27:31,Bac,FPT,linode_singapore,78.0,25.7
2026-09-18T10:38:24,Bac,FPT,cloudflare,70.0,28.93
2026-09-18T10:38:24,Bac,FPT,vultr_singapore,55.0,13.15
2026-09-18T10:38:24,Bac,FPT,vultr_seoul,137.0,157.33
2026-09-18T10:38:24,Bac,FPT,linode_singapore,61.0,26.29
2026-09-18T10:49:16,Bac,FPT,cloudflare,59.0,31.47
2026-09-18T10:49:16,Bac,FPT,vultr_singapore,52.0,11.35
2026-09-18T10:49:16,Bac,FPT,vultr_seoul,135.0,69.5
2026-09-18T10:49:16,Bac,FPT,linode_singapore,61.0,25.85
2026-09-18T11:00:12,Bac,FPT,cloudflare,58.0,31.91
2026-09-18T11:00:12,Bac,FPT,vultr_singapore,52.0,14.13
2026-09-18T11:00:12,Bac,FPT,vultr_seoul,134.0,26.43
2026-09-18T11:00:12,Bac,FPT,linode_singapore,63.0,28.8
2026-09-18T11:11:10,Bac,FPT,cloudflare,59.0,31.29
2026-09-18T11:11:10,Bac,FPT,vultr_singapore,53.0,10.12
2026-09-18T11:11:10,Bac,FPT,vultr_seoul,133.0,162.42
2026-09-18T11:11:10,Bac,FPT,linode_singapore,61.0,27.8
2026-09-18T11:21:59,Bac,FPT,cloudflare,60.0,29.87
2026-09-18T11:21:59,Bac,FPT,vultr_singapore,53.0,9.43
2026-09-18T11:21:59,Bac,FPT,vultr_seoul,131.0,148.31
2026-09-18T11:21:59,Bac,FPT,linode_singapore,61.0,30.98
2026-09-18T11:32:48,Bac,FPT,cloudflare,61.0,29.78
2026-09-18T11:32:48,Bac,FPT,vultr_singapore,51.0,12.17
2026-09-18T11:32:48,Bac,FPT,vultr_seoul,133.0,133.69
2026-09-18T11:32:48,Bac,FPT,linode_singapore,63.0,28.18
2026-09-18T11:43:37,Bac,FPT,cloudflare,61.0,31.04
2026-09-18T11:43:37,Bac,FPT,vultr_singapore,51.0,13.51
2026-09-18T11:43:37,Bac,FPT,vultr_seoul,,0.23
2026-09-18T11:43:37,Bac,FPT,linode_singapore,62.0,25.27
2026-09-18T11:54:48,Bac,FPT,cloudflare,76.0,30.44
2026-09-18T11:54:48,Bac,FPT,vultr_singapore,54.0,13.42
2026-09-18T11:54:48,Bac,FPT,vultr_seoul,134.0,101.63
2026-09-18T11:54:48,Bac,FPT,linode_singapore,61.0,30.01
2026-09-18T12:05:39,Bac,FPT,cloudflare,60.0,30.57
2026-09-18T12:05:39,Bac,FPT,vultr_singapore,52.0,10.33
2026-09-18T12:05:39,Bac,FPT,vultr_seoul,133.0,153.38
2026-09-18T12:05:39,Bac,FPT,linode_singapore,61.0,24.41
2026-09-18T12:16:28,Bac,FPT,cloudflare,59.0,28.58
2026-09-18T12:16:28,Bac,FPT,vultr_singapore,52.0,10.01
2026-09-18T12:16:28,Bac,FPT,vultr_seoul,132.0,163.56
2026-09-18T12:16:28,Bac,FPT,linode_singapore,61.0,27.35
2026-09-18T12:27:17,Bac,FPT,cloudflare,59.0,28.12
2026-09-18T12:27:17,Bac,FPT,vultr_singapore,52.0,13.34
2026-09-18T12:27:17,Bac,FPT,vultr_seoul,134.0,175.54
2026-09-18T12:27:17,Bac,FPT,linode_singapore,62.0,24.21
2026-09-18T12:38:05,Bac,FPT,cloudflare,60.0,29.26
2026-09-18T12:38:05,Bac,FPT,vultr_singapore,53.0,13.58
2026-09-18T12:38:05,Bac,FPT,vultr_seoul,130.0,146.32
2026-09-18T12:38:05,Bac,FPT,linode_singapore,66.0,24.98
2026-09-18T12:48:54,Bac,FPT,cloudflare,59.0,33.57
2026-09-18T12:48:54,Bac,FPT,vultr_singapore,54.0,10.34
2026-09-18T12:48:54,Bac,FPT,vultr_seoul,132.0,102.82
2026-09-18T12:48:54,Bac,FPT,linode_singapore,62.0,33.19
2026-09-18T12:59:45,Bac,FPT,cloudflare,60.0,31.4
2026-09-18T12:59:45,Bac,FPT,vultr_singapore,52.0,10.07
2026-09-18T12:59:45,Bac,FPT,vultr_seoul,137.0,100.6
2026-09-18T12:59:45,Bac,FPT,linode_singapore,61.0,29.1
2026-09-18T13:10:37,Bac,FPT,cloudflare,59.0,31.38
2026-09-18T13:10:37,Bac,FPT,vultr_singapore,52.0,9.64
2026-09-18T13:10:37,Bac,FPT,vultr_seoul,133.0,112.31
2026-09-18T13:10:37,Bac,FPT,linode_singapore,61.0,26.5
2026-09-18T13:21:28,Bac,FPT,cloudflare,58.0,29.37
2026-09-18T13:21:28,Bac,FPT,vultr_singapore,52.0,134.2
2026-09-18T13:21:28,Bac,FPT,vultr_seoul,134.0,158.24
2026-09-18T13:21:28,Bac,FPT,linode_singapore,62.0,31.91
2026-09-18T13:32:08,Bac,FPT,cloudflare,58.0,30.62
2026-09-18T13:32:08,Bac,FPT,vultr_singapore,53.0,13.38
2026-09-18T13:32:08,Bac,FPT,vultr_seoul,137.0,148.85
2026-09-18T13:32:08,Bac,FPT,linode_singapore,62.0,27.24
2026-09-18T13:42:57,Bac,FPT,cloudflare,59.0,24.43
2026-09-18T13:42:57,Bac,FPT,vultr_singapore,52.0,13.5
2026-09-18T13:42:57,Bac,FPT,vultr_seoul,132.0,110.24
2026-09-18T13:42:57,Bac,FPT,linode_singapore,61.0,26.41
2026-09-18T13:53:48,Bac,FPT,cloudflare,58.0,31.86
2026-09-18T13:53:48,Bac,FPT,vultr_singapore,51.0,11.05
2026-09-18T13:53:48,Bac,FPT,vultr_seoul,134.0,104.75
2026-09-18T13:53:48,Bac,FPT,linode_singapore,62.0,25.85
2026-09-18T14:04:39,Bac,FPT,cloudflare,59.0,29.35
2026-09-18T14:04:39,Bac,FPT,vultr_singapore,54.0,14.13
2026-09-18T14:04:39,Bac,FPT,vultr_seoul,187.0,76.03
2026-09-18T14:04:39,Bac,FPT,linode_singapore,65.0,27.54
2026-09-18T14:15:33,Bac,FPT,cloudflare,59.0,34.02
2026-09-18T14:15:33,Bac,FPT,vultr_singapore,52.0,108.65
2026-09-18T14:15:33,Bac,FPT,vultr_seoul,137.0,158.37
2026-09-18T14:15:33,Bac,FPT,linode_singapore,61.0,29.08
2026-09-18T14:26:15,Bac,FPT,cloudflare,58.0,30.08
2026-09-18T14:26:15,Bac,FPT,vultr_singapore,53.0,46.63
2026-09-18T14:26:15,Bac,FPT,vultr_seoul,137.0,151.38
2026-09-18T14:26:15,Bac,FPT,linode_singapore,60.0,28.14
2026-09-18T14:37:04,Bac,FPT,cloudflare,59.0,25.54
2026-09-18T14:37:04,Bac,FPT,vultr_singapore,55.0,10.68
2026-09-18T14:37:04,Bac,FPT,vultr_seoul,139.0,155.55
2026-09-18T14:37:04,Bac,FPT,linode_singapore,63.0,27.26
2026-09-18T14:47:52,Bac,FPT,cloudflare,59.0,29.54
2026-09-18T14:47:52,Bac,FPT,vultr_singapore,52.0,11.82
2026-09-18T14:47:52,Bac,FPT,vultr_seoul,134.0,156.07
2026-09-18T14:47:52,Bac,FPT,linode_singapore,67.0,36.1
2026-09-18T14:58:41,Bac,FPT,cloudflare,58.0,30.28
2026-09-18T14:58:41,Bac,FPT,vultr_singapore,52.0,48.33
2026-09-18T14:58:41,Bac,FPT,vultr_seoul,137.0,125.66
2026-09-18T14:58:41,Bac,FPT,linode_singapore,63.0,27.27
2026-09-18T15:09:31,Bac,FPT,cloudflare,58.0,28.05
2026-09-18T15:09:31,Bac,FPT,vultr_singapore,53.0,32.34
2026-09-18T15:09:31,Bac,FPT,vultr_seoul,143.0,143.03
2026-09-18T15:09:31,Bac,FPT,linode_singapore,62.0,32.14
2026-09-18T15:20:21,Bac,FPT,cloudflare,59.0,28.03
2026-09-18T15:20:21,Bac,FPT,vultr_singapore,55.0,10.12
2026-09-18T15:20:21,Bac,FPT,vultr_seoul,131.0,98.56
2026-09-18T15:20:21,Bac,FPT,linode_singapore,62.0,32.92
2026-09-18T15:31:13,Bac,FPT,cloudflare,59.0,32.39
2026-09-18T15:31:13,Bac,FPT,vultr_singapore,53.0,12.57
2026-09-18T15:31:13,Bac,FPT,vultr_seoul,132.0,126.19
2026-09-18T15:31:13,Bac,FPT,linode_singapore,62.0,25.88
2026-09-18T15:42:02,Bac,FPT,cloudflare,59.0,29.23
2026-09-18T15:42:02,Bac,FPT,vultr_singapore,53.0,11.9
2026-09-18T15:42:02,Bac,FPT,vultr_seoul,134.0,164.61
2026-09-18T15:42:02,Bac,FPT,linode_singapore,62.0,31.1
2026-09-18T15:52:51,Bac,FPT,cloudflare,59.0,30.64
2026-09-18T15:52:51,Bac,FPT,vultr_singapore,56.0,11.67
2026-09-18T15:52:51,Bac,FPT,vultr_seoul,132.0,142.17
2026-09-18T15:52:51,Bac,FPT,linode_singapore,61.0,27.92
2026-09-18T16:03:40,Bac,FPT,cloudflare,59.0,28.64
2026-09-18T16:03:40,Bac,FPT,vultr_singapore,52.0,12.39
2026-09-18T16:03:40,Bac,FPT,vultr_seoul,134.0,152.79
2026-09-18T16:03:40,Bac,FPT,linode_singapore,61.0,29.75
2026-09-18T16:14:29,Bac,FPT,cloudflare,58.0,30.08
2026-09-18T16:14:29,Bac,FPT,vultr_singapore,53.0,66.36
2026-09-18T16:14:29,Bac,FPT,vultr_seoul,137.0,91.92
2026-09-18T16:14:29,Bac,FPT,linode_singapore,62.0,28.76
2026-09-18T16:25:19,Bac,FPT,cloudflare,58.0,29.42
2026-09-18T16:25:19,Bac,FPT,vultr_singapore,52.0,13.0
2026-09-18T16:25:19,Bac,FPT,vultr_seoul,137.0,156.82
2026-09-18T16:25:19,Bac,FPT,linode_singapore,61.0,23.02
2026-09-18T16:36:08,Bac,FPT,cloudflare,59.0,29.46
2026-09-18T16:36:08,Bac,FPT,vultr_singapore,54.0,9.96
2026-09-18T16:36:08,Bac,FPT,vultr_seoul,135.0,82.21
2026-09-18T16:36:08,Bac,FPT,linode_singapore,62.0,25.08
2026-09-18T16:47:01,Bac,FPT,cloudflare,60.0,28.94
2026-09-18T16:47:01,Bac,FPT,vultr_singapore,53.0,12.11
2026-09-18T16:47:01,Bac,FPT,vultr_seoul,131.0,99.16
2026-09-18T16:47:01,Bac,FPT,linode_singapore,67.0,30.19
2026-09-18T16:57:53,Bac,FPT,cloudflare,61.0,28.9
2026-09-18T16:57:53,Bac,FPT,vultr_singapore,57.0,12.31
2026-09-18T16:57:53,Bac,FPT,vultr_seoul,140.0,152.73
2026-09-18T16:57:53,Bac,FPT,linode_singapore,80.0,29.66
2026-09-18T17:08:42,Bac,FPT,cloudflare,64.0,32.88
2026-09-18T17:08:42,Bac,FPT,vultr_singapore,54.0,13.27
2026-09-18T17:08:42,Bac,FPT,vultr_seoul,137.0,145.19
2026-09-18T17:08:42,Bac,FPT,linode_singapore,102.0,29.14
2026-09-18T17:19:35,Bac,FPT,cloudflare,60.0,28.57
2026-09-18T17:19:35,Bac,FPT,vultr_singapore,53.0,9.7
2026-09-18T17:19:35,Bac,FPT,vultr_seoul,138.0,139.85
2026-09-18T17:19:35,Bac,FPT,linode_singapore,69.0,29.97
2026-09-18T17:30:25,Bac,FPT,cloudflare,67.0,25.65
2026-09-18T17:30:25,Bac,FPT,vultr_singapore,67.0,12.71
2026-09-18T17:30:25,Bac,FPT,vultr_seoul,150.0,86.74
2026-09-18T17:30:25,Bac,FPT,linode_singapore,63.0,26.62
2026-09-18T17:41:18,Bac,FPT,cloudflare,93.0,30.61
2026-09-18T17:41:18,Bac,FPT,vultr_singapore,55.0,10.61
2026-09-18T17:41:18,Bac,FPT,vultr_seoul,133.0,149.35
2026-09-18T17:41:18,Bac,FPT,linode_singapore,63.0,31.72
2026-09-18T17:52:11,Bac,FPT,cloudflare,59.0,33.39
2026-09-18T17:52:11,Bac,FPT,vultr_singapore,56.0,10.36
2026-09-18T17:52:11,Bac,FPT,vultr_seoul,135.0,96.6
2026-09-18T17:52:11,Bac,FPT,linode_singapore,61.0,26.07
2026-09-18T18:03:07,Bac,FPT,cloudflare,62.0,23.28
2026-09-18T18:03:07,Bac,FPT,vultr_singapore,54.0,14.34
2026-09-18T18:03:07,Bac,FPT,vultr_seoul,133.0,140.57
2026-09-18T18:03:07,Bac,FPT,linode_singapore,61.0,26.38
2026-09-18T18:14:01,Bac,FPT,cloudflare,105.0,29.68
2026-09-18T18:14:01,Bac,FPT,vultr_singapore,55.0,9.68
2026-09-18T18:14:01,Bac,FPT,vultr_seoul,144.0,96.23
2026-09-18T18:14:01,Bac,FPT,linode_singapore,88.0,17.84
2026-09-18T18:24:53,Bac,FPT,cloudflare,64.0,30.32
2026-09-18T18:24:53,Bac,FPT,vultr_singapore,53.0,12.83
2026-09-18T18:24:53,Bac,FPT,vultr_seoul,135.0,157.71
2026-09-18T18:24:53,Bac,FPT,linode_singapore,65.0,23.68
2026-09-18T18:35:42,Bac,FPT,cloudflare,148.0,27.07
2026-09-18T18:35:42,Bac,FPT,vultr_singapore,54.0,12.92
2026-09-18T18:35:42,Bac,FPT,vultr_seoul,132.0,39.26
2026-09-18T18:35:42,Bac,FPT,linode_singapore,66.0,25.08
2026-09-18T18:46:48,Bac,FPT,cloudflare,61.0,26.6
2026-09-18T18:46:48,Bac,FPT,vultr_singapore,53.0,13.77
2026-09-18T18:46:48,Bac,FPT,vultr_seoul,137.0,67.95
2026-09-18T18:46:48,Bac,FPT,linode_singapore,64.0,29.63
2026-09-18T18:57:44,Bac,FPT,cloudflare,62.0,27.95
2026-09-18T18:57:44,Bac,FPT,vultr_singapore,54.0,8.88
2026-09-18T18:57:44,Bac,FPT,vultr_seoul,138.0,157.85
2026-09-18T18:57:44,Bac,FPT,linode_singapore,95.0,31.17
2026-09-18T19:08:33,Bac,FPT,cloudflare,61.0,28.82
2026-09-18T19:08:33,Bac,FPT,vultr_singapore,66.0,22.13
2026-09-18T19:08:33,Bac,FPT,vultr_seoul,133.0,173.16
2026-09-18T19:08:33,Bac,FPT,linode_singapore,63.0,29.01
2026-09-18T19:19:29,Bac,FPT,cloudflare,61.0,29.8
2026-09-18T19:19:29,Bac,FPT,vultr_singapore,53.0,73.57
2026-09-18T19:19:29,Bac,FPT,vultr_seoul,132.0,158.54
2026-09-18T19:19:29,Bac,FPT,linode_singapore,64.0,23.36
2026-09-18T19:30:14,Bac,FPT,cloudflare,72.0,28.2
2026-09-18T19:30:14,Bac,FPT,vultr_singapore,52.0,13.43
2026-09-18T19:30:14,Bac,FPT,vultr_seoul,172.0,108.82
2026-09-18T19:30:14,Bac,FPT,linode_singapore,94.0,28.34
2026-09-18T19:41:06,Bac,FPT,cloudflare,59.0,29.09
2026-09-18T19:41:06,Bac,FPT,vultr_singapore,52.0,74.4
2026-09-18T19:41:06,Bac,FPT,vultr_seoul,132.0,111.4
2026-09-18T19:41:06,Bac,FPT,linode_singapore,64.0,26.81
2026-09-18T19:51:53,Bac,FPT,cloudflare,59.0,29.74
2026-09-18T19:51:53,Bac,FPT,vultr_singapore,54.0,12.49
2026-09-18T19:51:53,Bac,FPT,vultr_seoul,134.0,156.19
2026-09-18T19:51:53,Bac,FPT,linode_singapore,64.0,36.76
2026-09-18T20:02:42,Bac,FPT,cloudflare,58.0,33.77
2026-09-18T20:02:42,Bac,FPT,vultr_singapore,53.0,7.8
2026-09-18T20:02:42,Bac,FPT,vultr_seoul,131.0,153.59
2026-09-18T20:02:42,Bac,FPT,linode_singapore,62.0,21.44
2026-09-18T20:13:30,Bac,FPT,cloudflare,61.0,30.82
2026-09-18T20:13:30,Bac,FPT,vultr_singapore,56.0,3.74
2026-09-18T20:13:30,Bac,FPT,vultr_seoul,136.0,93.43
2026-09-18T20:13:30,Bac,FPT,linode_singapore,59.0,27.93
2026-09-18T20:24:23,Bac,FPT,cloudflare,62.0,27.12
2026-09-18T20:24:23,Bac,FPT,vultr_singapore,56.0,57.86
2026-09-18T20:24:23,Bac,FPT,vultr_seoul,138.0,145.55
2026-09-18T20:24:23,Bac,FPT,linode_singapore,66.0,25.51
2026-09-18T20:35:11,Bac,FPT,cloudflare,61.0,30.52
2026-09-18T20:35:11,Bac,FPT,vultr_singapore,54.0,6.87
2026-09-18T20:35:11,Bac,FPT,vultr_seoul,132.0,126.03
2026-09-18T20:35:11,Bac,FPT,linode_singapore,62.0,23.62
2026-09-18T20:46:01,Bac,FPT,cloudflare,61.0,20.91
2026-09-18T20:46:01,Bac,FPT,vultr_singapore,53.0,11.53
2026-09-18T20:46:01,Bac,FPT,vultr_seoul,134.0,94.84
2026-09-18T20:46:01,Bac,FPT,linode_singapore,66.0,26.36
2026-09-18T20:56:54,Bac,FPT,cloudflare,63.0,30.29
2026-09-18T20:56:54,Bac,FPT,vultr_singapore,52.0,12.6
2026-09-18T20:56:54,Bac,FPT,vultr_seoul,132.0,130.0
2026-09-18T20:56:54,Bac,FPT,linode_singapore,60.0,26.24
2026-09-18T21:07:44,Bac,FPT,cloudflare,61.0,25.37
2026-09-18T21:07:44,Bac,FPT,vultr_singapore,55.0,9.8
2026-09-18T21:07:44,Bac,FPT,vultr_seoul,135.0,145.93
2026-09-18T21:07:44,Bac,FPT,linode_singapore,65.0,30.29
2026-09-18T21:18:33,Bac,FPT,cloudflare,84.0,30.62
2026-09-18T21:18:33,Bac,FPT,vultr_singapore,53.0,12.19
2026-09-18T21:18:33,Bac,FPT,vultr_seoul,135.0,106.36
2026-09-18T21:18:33,Bac,FPT,linode_singapore,64.0,29.9
2026-09-18T21:29:24,Bac,FPT,cloudflare,61.0,27.01
2026-09-18T21:29:24,Bac,FPT,vultr_singapore,54.0,13.18
2026-09-18T21:29:24,Bac,FPT,vultr_seoul,134.0,128.78
2026-09-18T21:29:24,Bac,FPT,linode_singapore,63.0,24.46
2026-09-18T21:40:14,Bac,FPT,cloudflare,59.0,27.86
2026-09-18T21:40:14,Bac,FPT,vultr_singapore,56.0,13.04
2026-09-18T21:40:14,Bac,FPT,vultr_seoul,143.0,105.84
2026-09-18T21:40:14,Bac,FPT,linode_singapore,62.0,29.34
2026-09-18T21:51:05,Bac,FPT,cloudflare,62.0,28.83
2026-09-18T21:51:05,Bac,FPT,vultr_singapore,54.0,13.84
2026-09-18T21:51:05,Bac,FPT,vultr_seoul,134.0,78.43
2026-09-18T21:51:05,Bac,FPT,linode_singapore,67.0,27.16
2026-09-18T22:01:59,Bac,FPT,cloudflare,60.0,27.75
2026-09-18T22:01:59,Bac,FPT,vultr_singapore,54.0,13.4
2026-09-18T22:01:59,Bac,FPT,vultr_seoul,136.0,44.77
2026-09-18T22:01:59,Bac,FPT,linode_singapore,65.0,30.36
2026-09-18T22:12:58,Bac,FPT,cloudflare,62.0,32.0
2026-09-18T22:12:58,Bac,FPT,vultr_singapore,53.0,9.67
2026-09-18T22:12:58,Bac,FPT,vultr_seoul,138.0,94.22
2026-09-18T22:12:58,Bac,FPT,linode_singapore,63.0,26.65
2026-09-18T22:23:50,Bac,FPT,cloudflare,61.0,28.52
2026-09-18T22:23:50,Bac,FPT,vultr_singapore,55.0,109.09
2026-09-18T22:23:50,Bac,FPT,vultr_seoul,134.0,95.62
2026-09-18T22:23:50,Bac,FPT,linode_singapore,68.0,32.35
2026-09-18T22:34:35,Bac,FPT,cloudflare,60.0,32.02
2026-09-18T22:34:35,Bac,FPT,vultr_singapore,54.0,45.75
2026-09-18T22:34:35,Bac,FPT,vultr_seoul,136.0,139.89
2026-09-18T22:34:35,Bac,FPT,linode_singapore,68.0,27.31
2026-09-18T22:45:24,Bac,FPT,cloudflare,60.0,32.14
2026-09-18T22:45:24,Bac,FPT,vultr_singapore,52.0,105.74
2026-09-18T22:45:24,Bac,FPT,vultr_seoul,138.0,162.7
2026-09-18T22:45:24,Bac,FPT,linode_singapore,64.0,26.55
2026-09-18T22:56:05,Bac,FPT,cloudflare,61.0,30.88
2026-09-18T22:56:05,Bac,FPT,vultr_singapore,52.0,100.95
2026-09-18T22:56:05,Bac,FPT,vultr_seoul,136.0,156.24
2026-09-18T22:56:05,Bac,FPT,linode_singapore,64.0,25.19
2026-09-18T23:06:47,Bac,FPT,cloudflare,62.0,30.95
2026-09-18T23:06:47,Bac,FPT,vultr_singapore,68.0,21.68
2026-09-18T23:06:47,Bac,FPT,vultr_seoul,159.0,90.19
2026-09-18T23:06:47,Bac,FPT,linode_singapore,79.0,19.7
2026-09-18T23:17:48,Bac,FPT,cloudflare,67.0,27.41
2026-09-18T23:17:48,Bac,FPT,vultr_singapore,54.0,12.87
2026-09-18T23:17:48,Bac,FPT,vultr_seoul,153.0,93.82
2026-09-18T23:17:48,Bac,FPT,linode_singapore,68.0,26.04
2026-09-18T23:28:44,Bac,FPT,cloudflare,59.0,28.19
2026-09-18T23:28:44,Bac,FPT,vultr_singapore,55.0,11.16
2026-09-18T23:28:44,Bac,FPT,vultr_seoul,147.0,134.25
2026-09-18T23:28:44,Bac,FPT,linode_singapore,63.0,27.53
2026-09-21T11:44:57,Bac,FPT,cloudflare,58.0,30.23
2026-09-21T11:44:57,Bac,FPT,vultr_singapore,55.0,12.08
2026-09-21T11:44:57,Bac,FPT,vultr_seoul,134.0,139.77
2026-09-21T11:44:57,Bac,FPT,linode_singapore,53.0,23.28
2026-09-21T11:55:47,Bac,FPT,cloudflare,59.0,33.14
2026-09-21T11:55:47,Bac,FPT,vultr_singapore,55.0,12.93
2026-09-21T11:55:47,Bac,FPT,vultr_seoul,139.0,165.34
2026-09-21T11:55:47,Bac,FPT,linode_singapore,53.0,26.42
2026-09-21T12:06:35,Bac,FPT,cloudflare,80.0,13.73
2026-09-21T12:06:35,Bac,FPT,vultr_singapore,65.0,12.33
2026-09-21T12:06:35,Bac,FPT,vultr_seoul,136.0,155.36
2026-09-21T12:06:35,Bac,FPT,linode_singapore,52.0,26.3
2026-09-21T12:17:37,Bac,FPT,cloudflare,65.0,29.88
2026-09-21T12:17:37,Bac,FPT,vultr_singapore,53.0,10.96
2026-09-21T12:17:37,Bac,FPT,vultr_seoul,145.0,116.68
2026-09-21T12:17:37,Bac,FPT,linode_singapore,52.0,23.42
2026-09-21T12:28:35,Bac,FPT,cloudflare,66.0,32.61
2026-09-21T12:28:35,Bac,FPT,vultr_singapore,58.0,11.9
2026-09-21T12:28:35,Bac,FPT,vultr_seoul,139.0,157.83
2026-09-21T12:28:35,Bac,FPT,linode_singapore,52.0,29.31
2026-09-21T12:39:27,Bac,FPT,cloudflare,52.0,30.97
2026-09-21T12:39:27,Bac,FPT,vultr_singapore,40.0,16.34
2026-09-21T12:39:27,Bac,FPT,vultr_seoul,136.0,148.38
2026-09-21T12:39:27,Bac,FPT,linode_singapore,77.0,30.16
2026-09-21T12:50:16,Bac,FPT,cloudflare,51.0,30.39
2026-09-21T12:50:16,Bac,FPT,vultr_singapore,47.0,18.95
2026-09-21T12:50:16,Bac,FPT,vultr_seoul,138.0,140.96
2026-09-21T12:50:16,Bac,FPT,linode_singapore,57.0,35.43
2026-09-21T13:01:13,Bac,FPT,cloudflare,53.0,30.31
2026-09-21T13:01:13,Bac,FPT,vultr_singapore,40.0,12.74
2026-09-21T13:01:13,Bac,FPT,vultr_seoul,139.0,150.8
2026-09-21T13:01:13,Bac,FPT,linode_singapore,65.0,30.93
2026-09-21T13:12:02,Bac,FPT,cloudflare,53.0,29.81
2026-09-21T13:12:02,Bac,FPT,vultr_singapore,49.0,38.25
2026-09-21T13:12:02,Bac,FPT,vultr_seoul,171.0,93.17
2026-09-21T13:12:02,Bac,FPT,linode_singapore,50.0,28.54
2026-09-21T13:22:55,Bac,FPT,cloudflare,51.0,29.7
2026-09-21T13:22:55,Bac,FPT,vultr_singapore,44.0,12.47
2026-09-21T13:22:55,Bac,FPT,vultr_seoul,139.0,144.52
2026-09-21T13:22:55,Bac,FPT,linode_singapore,49.0,26.94
2026-09-21T13:33:44,Bac,FPT,cloudflare,54.0,29.39
2026-09-21T13:33:44,Bac,FPT,vultr_singapore,41.0,62.7
2026-09-21T13:33:44,Bac,FPT,vultr_seoul,139.0,171.93
2026-09-21T13:33:44,Bac,FPT,linode_singapore,51.0,33.49
2026-09-21T13:44:31,Bac,FPT,cloudflare,53.0,29.99
2026-09-21T13:44:31,Bac,FPT,vultr_singapore,90.0,12.6
2026-09-21T13:44:31,Bac,FPT,vultr_seoul,140.0,160.09
2026-09-21T13:44:31,Bac,FPT,linode_singapore,52.0,32.13
2026-09-21T13:55:20,Bac,FPT,cloudflare,77.0,29.41
2026-09-21T13:55:20,Bac,FPT,vultr_singapore,43.0,17.69
2026-09-21T13:55:20,Bac,FPT,vultr_seoul,136.0,143.8
2026-09-21T13:55:20,Bac,FPT,linode_singapore,51.0,26.68
2026-09-21T14:06:14,Bac,FPT,cloudflare,56.0,29.37
2026-09-21T14:06:14,Bac,FPT,vultr_singapore,48.0,13.01
2026-09-21T14:06:14,Bac,FPT,vultr_seoul,141.0,146.31
2026-09-21T14:06:14,Bac,FPT,linode_singapore,70.0,18.86
2026-09-21T14:17:03,Bac,FPT,cloudflare,75.0,30.79
2026-09-21T14:17:03,Bac,FPT,vultr_singapore,58.0,15.29
2026-09-21T14:17:03,Bac,FPT,vultr_seoul,149.0,153.22
2026-09-21T14:17:03,Bac,FPT,linode_singapore,51.0,30.38
2026-09-21T14:27:52,Bac,FPT,cloudflare,53.0,21.58
2026-09-21T14:27:52,Bac,FPT,vultr_singapore,42.0,17.84
2026-09-21T14:27:52,Bac,FPT,vultr_seoul,136.0,149.4
2026-09-21T14:27:52,Bac,FPT,linode_singapore,51.0,23.94
2026-09-21T14:38:42,Bac,FPT,cloudflare,52.0,18.19
2026-09-21T14:38:42,Bac,FPT,vultr_singapore,42.0,12.63
2026-09-21T14:38:42,Bac,FPT,vultr_seoul,134.0,152.15
2026-09-21T14:38:42,Bac,FPT,linode_singapore,56.0,24.37
2026-09-21T14:49:38,Bac,FPT,cloudflare,63.0,30.48
2026-09-21T14:49:38,Bac,FPT,vultr_singapore,43.0,164.76
2026-09-21T14:49:38,Bac,FPT,vultr_seoul,144.0,119.69
2026-09-21T14:49:38,Bac,FPT,linode_singapore,82.0,24.98
2026-09-21T15:00:22,Bac,FPT,cloudflare,111.0,25.82
2026-09-21T15:00:22,Bac,FPT,vultr_singapore,43.0,11.4
2026-09-21T15:00:22,Bac,FPT,vultr_seoul,168.0,113.34
2026-09-21T15:00:22,Bac,FPT,linode_singapore,51.0,24.76
2026-09-21T15:11:14,Bac,FPT,cloudflare,52.0,30.07
2026-09-21T15:11:14,Bac,FPT,vultr_singapore,42.0,12.71
2026-09-21T15:11:14,Bac,FPT,vultr_seoul,166.0,165.52
2026-09-21T15:11:14,Bac,FPT,linode_singapore,54.0,25.2
2026-09-21T15:22:02,Bac,FPT,cloudflare,84.0,31.49
2026-09-21T15:22:02,Bac,FPT,vultr_singapore,44.0,17.5
2026-09-21T15:22:02,Bac,FPT,vultr_seoul,134.0,111.86
2026-09-21T15:22:02,Bac,FPT,linode_singapore,52.0,22.09
2026-09-21T15:32:57,Bac,FPT,cloudflare,60.0,30.8
2026-09-21T15:32:57,Bac,FPT,vultr_singapore,42.0,19.04
2026-09-21T15:32:57,Bac,FPT,vultr_seoul,141.0,68.63
2026-09-21T15:32:57,Bac,FPT,linode_singapore,51.0,24.29
2026-09-21T15:43:53,Bac,FPT,cloudflare,56.0,31.16
2026-09-21T15:43:53,Bac,FPT,vultr_singapore,44.0,13.2
2026-09-21T15:43:53,Bac,FPT,vultr_seoul,231.0,116.72
2026-09-21T15:43:53,Bac,FPT,linode_singapore,52.0,26.4
2026-09-21T15:54:48,Bac,FPT,cloudflare,59.0,25.53
2026-09-21T15:54:48,Bac,FPT,vultr_singapore,46.0,75.08
2026-09-21T15:54:48,Bac,FPT,vultr_seoul,138.0,157.4
2026-09-21T15:54:48,Bac,FPT,linode_singapore,51.0,25.88
2026-09-21T16:05:33,Bac,FPT,cloudflare,53.0,29.97
2026-09-21T16:05:33,Bac,FPT,vultr_singapore,41.0,13.41
2026-09-21T16:05:33,Bac,FPT,vultr_seoul,138.0,123.07
2026-09-21T16:05:33,Bac,FPT,linode_singapore,53.0,25.77
2026-09-21T16:16:27,Bac,FPT,cloudflare,51.0,25.24
2026-09-21T16:16:27,Bac,FPT,vultr_singapore,89.0,17.91
2026-09-21T16:16:27,Bac,FPT,vultr_seoul,133.0,136.19
2026-09-21T16:16:27,Bac,FPT,linode_singapore,74.0,25.75
2026-09-21T16:27:25,Bac,FPT,cloudflare,52.0,29.11
2026-09-21T16:27:25,Bac,FPT,vultr_singapore,42.0,12.08
2026-09-21T16:27:25,Bac,FPT,vultr_seoul,139.0,78.63
2026-09-21T16:27:25,Bac,FPT,linode_singapore,80.0,25.61
2026-09-21T16:38:19,Bac,FPT,cloudflare,60.0,26.89
2026-09-21T16:38:19,Bac,FPT,vultr_singapore,72.0,18.64
2026-09-21T16:38:19,Bac,FPT,vultr_seoul,134.0,119.3
2026-09-21T16:38:19,Bac,FPT,linode_singapore,72.0,24.5
2026-09-21T16:49:10,Bac,FPT,cloudflare,71.0,27.95
2026-09-21T16:49:10,Bac,FPT,vultr_singapore,47.0,141.8
2026-09-21T16:49:10,Bac,FPT,vultr_seoul,129.0,116.84
2026-09-21T16:49:10,Bac,FPT,linode_singapore,52.0,33.61
2026-09-21T16:59:59,Bac,FPT,cloudflare,54.0,11.11
2026-09-21T16:59:59,Bac,FPT,vultr_singapore,48.0,99.66
2026-09-21T16:59:59,Bac,FPT,vultr_seoul,144.0,155.06
2026-09-21T16:59:59,Bac,FPT,linode_singapore,54.0,27.9
2026-09-21T17:10:46,Bac,FPT,cloudflare,52.0,28.91
2026-09-21T17:10:46,Bac,FPT,vultr_singapore,50.0,12.83
2026-09-21T17:10:46,Bac,FPT,vultr_seoul,132.0,164.11
2026-09-21T17:10:46,Bac,FPT,linode_singapore,55.0,33.11
2026-09-21T17:21:38,Bac,FPT,cloudflare,57.0,28.33
2026-09-21T17:21:38,Bac,FPT,vultr_singapore,43.0,11.45
2026-09-21T17:21:38,Bac,FPT,vultr_seoul,153.0,125.07
2026-09-21T17:21:38,Bac,FPT,linode_singapore,62.0,26.79
2026-09-21T17:32:29,Bac,FPT,cloudflare,53.0,18.07
2026-09-21T17:32:29,Bac,FPT,vultr_singapore,41.0,18.01
2026-09-21T17:32:29,Bac,FPT,vultr_seoul,145.0,51.59
2026-09-21T17:32:29,Bac,FPT,linode_singapore,52.0,23.45
2026-09-21T17:43:31,Bac,FPT,cloudflare,53.0,26.51
2026-09-21T17:43:31,Bac,FPT,vultr_singapore,44.0,17.39
2026-09-21T17:43:31,Bac,FPT,vultr_seoul,172.0,116.75
2026-09-21T17:43:31,Bac,FPT,linode_singapore,52.0,27.7
2026-09-21T17:54:22,Bac,FPT,cloudflare,51.0,29.79
2026-09-21T17:54:22,Bac,FPT,vultr_singapore,43.0,12.69
2026-09-21T17:54:22,Bac,FPT,vultr_seoul,149.0,136.62
2026-09-21T17:54:22,Bac,FPT,linode_singapore,51.0,30.93
2026-09-21T18:05:11,Bac,FPT,cloudflare,54.0,32.67
2026-09-21T18:05:11,Bac,FPT,vultr_singapore,41.0,11.92
2026-09-21T18:05:11,Bac,FPT,vultr_seoul,171.0,110.97
2026-09-21T18:05:11,Bac,FPT,linode_singapore,52.0,24.5
2026-09-21T18:16:02,Bac,FPT,cloudflare,52.0,28.66
2026-09-21T18:16:02,Bac,FPT,vultr_singapore,42.0,17.68
2026-09-21T18:16:02,Bac,FPT,vultr_seoul,157.0,142.04
2026-09-21T18:16:02,Bac,FPT,linode_singapore,53.0,24.35
2026-09-21T18:26:51,Bac,FPT,cloudflare,53.0,34.64
2026-09-21T18:26:51,Bac,FPT,vultr_singapore,44.0,58.93
2026-09-21T18:26:51,Bac,FPT,vultr_seoul,166.0,98.44
2026-09-21T18:26:51,Bac,FPT,linode_singapore,54.0,23.23
2026-09-21T18:37:43,Bac,FPT,cloudflare,53.0,31.33
2026-09-21T18:37:43,Bac,FPT,vultr_singapore,43.0,17.22
2026-09-21T18:37:43,Bac,FPT,vultr_seoul,153.0,28.13
2026-09-21T18:37:43,Bac,FPT,linode_singapore,53.0,23.72
2026-09-21T18:48:41,Bac,FPT,cloudflare,51.0,7.56
2026-09-21T18:48:41,Bac,FPT,vultr_singapore,45.0,16.05
2026-09-21T18:48:41,Bac,FPT,vultr_seoul,180.0,4.73
2026-09-21T18:48:41,Bac,FPT,linode_singapore,53.0,26.06
2026-09-21T18:59:41,Bac,FPT,cloudflare,62.0,33.96
2026-09-21T18:59:41,Bac,FPT,vultr_singapore,52.0,10.03
2026-09-21T18:59:41,Bac,FPT,vultr_seoul,165.0,15.24
2026-09-21T18:59:41,Bac,FPT,linode_singapore,49.0,24.5
2026-09-21T19:10:39,Bac,FPT,cloudflare,53.0,30.13
2026-09-21T19:10:39,Bac,FPT,vultr_singapore,42.0,12.17
2026-09-21T19:10:39,Bac,FPT,vultr_seoul,131.0,154.02
2026-09-21T19:10:39,Bac,FPT,linode_singapore,49.0,30.8
2026-09-21T19:21:28,Bac,FPT,cloudflare,52.0,5.06
2026-09-21T19:21:28,Bac,FPT,vultr_singapore,43.0,12.92
2026-09-21T19:21:28,Bac,FPT,vultr_seoul,130.0,137.52
2026-09-21T19:21:28,Bac,FPT,linode_singapore,51.0,27.08
2026-09-21T19:32:20,Bac,FPT,cloudflare,52.0,15.54
2026-09-21T19:32:20,Bac,FPT,vultr_singapore,42.0,12.65
2026-09-21T19:32:20,Bac,FPT,vultr_seoul,129.0,83.79
2026-09-21T19:32:20,Bac,FPT,linode_singapore,50.0,26.33
2026-09-21T19:43:14,Bac,FPT,cloudflare,54.0,27.22
2026-09-21T19:43:14,Bac,FPT,vultr_singapore,45.0,16.83
2026-09-21T19:43:14,Bac,FPT,vultr_seoul,136.0,48.7
2026-09-21T19:43:14,Bac,FPT,linode_singapore,58.0,24.53
2026-09-21T19:54:12,Bac,FPT,cloudflare,52.0,33.16
2026-09-21T19:54:12,Bac,FPT,vultr_singapore,42.0,11.63
2026-09-21T19:54:12,Bac,FPT,vultr_seoul,145.0,137.28
2026-09-21T19:54:12,Bac,FPT,linode_singapore,54.0,24.34
2026-09-21T20:05:02,Bac,FPT,cloudflare,53.0,30.94
2026-09-21T20:05:02,Bac,FPT,vultr_singapore,44.0,15.94
2026-09-21T20:05:02,Bac,FPT,vultr_seoul,163.0,156.66
2026-09-21T20:05:02,Bac,FPT,linode_singapore,56.0,29.31
2026-09-21T20:15:50,Bac,FPT,cloudflare,53.0,32.7
2026-09-21T20:15:50,Bac,FPT,vultr_singapore,45.0,117.75
2026-09-21T20:15:50,Bac,FPT,vultr_seoul,146.0,70.95
2026-09-21T20:15:50,Bac,FPT,linode_singapore,53.0,26.42
2026-09-21T20:26:37,Bac,FPT,cloudflare,56.0,31.56
2026-09-21T20:26:37,Bac,FPT,vultr_singapore,45.0,63.97
2026-09-21T20:26:37,Bac,FPT,vultr_seoul,131.0,98.26
2026-09-21T20:26:37,Bac,FPT,linode_singapore,51.0,24.18
2026-09-21T20:37:27,Bac,FPT,cloudflare,53.0,34.46
2026-09-21T20:37:27,Bac,FPT,vultr_singapore,44.0,17.46
2026-09-21T20:37:27,Bac,FPT,vultr_seoul,306.0,63.18
2026-09-21T20:37:27,Bac,FPT,linode_singapore,52.0,31.64
2026-09-21T20:48:24,Bac,FPT,cloudflare,55.0,28.98
2026-09-21T20:48:24,Bac,FPT,vultr_singapore,46.0,13.07
2026-09-21T20:48:24,Bac,FPT,vultr_seoul,152.0,136.69
2026-09-21T20:48:24,Bac,FPT,linode_singapore,52.0,27.55
2026-09-21T20:59:14,Bac,FPT,cloudflare,54.0,17.22
2026-09-21T20:59:14,Bac,FPT,vultr_singapore,44.0,11.78
2026-09-21T20:59:14,Bac,FPT,vultr_seoul,131.0,148.28
2026-09-21T20:59:14,Bac,FPT,linode_singapore,53.0,25.96
2026-09-21T21:10:03,Bac,FPT,cloudflare,53.0,31.69
2026-09-21T21:10:03,Bac,FPT,vultr_singapore,43.0,9.01
2026-09-21T21:10:03,Bac,FPT,vultr_seoul,148.0,148.49
2026-09-21T21:10:03,Bac,FPT,linode_singapore,51.0,24.21
2026-09-21T21:20:52,Bac,FPT,cloudflare,54.0,26.11
2026-09-21T21:20:52,Bac,FPT,vultr_singapore,42.0,12.05
2026-09-21T21:20:52,Bac,FPT,vultr_seoul,191.0,150.32
2026-09-21T21:20:52,Bac,FPT,linode_singapore,54.0,27.27
2026-09-21T21:31:41,Bac,FPT,cloudflare,52.0,28.1
2026-09-21T21:31:41,Bac,FPT,vultr_singapore,41.0,16.94
2026-09-21T21:31:41,Bac,FPT,vultr_seoul,134.0,100.8
2026-09-21T21:31:41,Bac,FPT,linode_singapore,52.0,27.04
2026-09-21T21:42:33,Bac,FPT,cloudflare,53.0,29.13
2026-09-21T21:42:33,Bac,FPT,vultr_singapore,46.0,17.35
2026-09-21T21:42:33,Bac,FPT,vultr_seoul,198.0,118.47
2026-09-21T21:42:33,Bac,FPT,linode_singapore,55.0,26.6
2026-09-21T21:53:23,Bac,FPT,cloudflare,56.0,31.33
2026-09-21T21:53:23,Bac,FPT,vultr_singapore,48.0,14.86
2026-09-21T21:53:23,Bac,FPT,vultr_seoul,132.0,128.67
2026-09-21T21:53:23,Bac,FPT,linode_singapore,52.0,22.72
2026-09-21T22:04:13,Bac,FPT,cloudflare,55.0,23.48
2026-09-21T22:04:13,Bac,FPT,vultr_singapore,43.0,7.12
2026-09-21T22:04:13,Bac,FPT,vultr_seoul,133.0,115.75
2026-09-21T22:04:13,Bac,FPT,linode_singapore,51.0,25.1
2026-09-21T22:15:04,Bac,FPT,cloudflare,54.0,28.67
2026-09-21T22:15:04,Bac,FPT,vultr_singapore,46.0,90.01
2026-09-21T22:15:04,Bac,FPT,vultr_seoul,199.0,109.66
2026-09-21T22:15:04,Bac,FPT,linode_singapore,55.0,25.88
2026-09-21T22:25:49,Bac,FPT,cloudflare,54.0,16.56
2026-09-21T22:25:49,Bac,FPT,vultr_singapore,44.0,16.04
2026-09-21T22:25:49,Bac,FPT,vultr_seoul,192.0,127.15
2026-09-21T22:25:49,Bac,FPT,linode_singapore,81.0,22.74
2026-09-21T22:36:40,Bac,FPT,cloudflare,52.0,26.32
2026-09-21T22:36:40,Bac,FPT,vultr_singapore,43.0,78.46
2026-09-21T22:36:40,Bac,FPT,vultr_seoul,133.0,112.05
2026-09-21T22:36:40,Bac,FPT,linode_singapore,52.0,24.47
2026-09-21T22:47:26,Bac,FPT,cloudflare,55.0,28.54
2026-09-21T22:47:26,Bac,FPT,vultr_singapore,44.0,54.24
2026-09-21T22:47:26,Bac,FPT,vultr_seoul,173.0,91.29
2026-09-21T22:47:26,Bac,FPT,linode_singapore,51.0,27.64
2026-09-21T22:58:19,Bac,FPT,cloudflare,53.0,27.28
2026-09-21T22:58:19,Bac,FPT,vultr_singapore,41.0,77.62
2026-09-21T22:58:19,Bac,FPT,vultr_seoul,136.0,89.97
2026-09-21T22:58:19,Bac,FPT,linode_singapore,51.0,26.22
2026-09-05T08:52:24,Nam,VNPT,cloudflare,52.0,10.14
2026-09-05T08:52:24,Nam,VNPT,vultr_singapore,48.0,0.76
2026-09-05T08:52:24,Nam,VNPT,vultr_seoul,100.0,149.17
2026-09-05T08:52:24,Nam,VNPT,linode_singapore,42.0,206.71
2026-09-05T09:01:17,Nam,VNPT,cloudflare,45.0,19.86
2026-09-05T09:01:17,Nam,VNPT,vultr_singapore,67.0,0.37
2026-09-05T09:01:17,Nam,VNPT,vultr_seoul,136.0,0.24
2026-09-05T09:01:17,Nam,VNPT,linode_singapore,43.0,100.04
2026-09-05T09:02:25,Nam,VNPT,cloudflare,48.0,2.01
2026-09-05T09:02:25,Nam,VNPT,vultr_singapore,47.0,0.37
2026-09-05T09:02:25,Nam,VNPT,vultr_seoul,80.0,7.68
2026-09-05T09:02:25,Nam,VNPT,linode_singapore,40.0,10.77
2026-09-05T09:03:55,Nam,VNPT,cloudflare,54.0,31.59
2026-09-05T09:03:55,Nam,VNPT,vultr_singapore,61.0,42.54
2026-09-05T09:03:55,Nam,VNPT,vultr_seoul,82.0,22.47
2026-09-05T09:03:55,Nam,VNPT,linode_singapore,55.0,9.17
2026-09-11T18:46:53,Nam,VNPT,cloudflare,54.0,0.92
2026-09-11T18:46:53,Nam,VNPT,vultr_singapore,206.0,2.69
2026-09-11T18:46:53,Nam,VNPT,vultr_seoul,83.0,62.35
2026-09-11T18:46:53,Nam,VNPT,linode_singapore,48.0,151.38
2026-09-12T22:01:59,Nam,VNPT,cloudflare,54.0,1.16
2026-09-12T22:01:59,Nam,VNPT,vultr_singapore,204.0,2.64
2026-09-12T22:01:59,Nam,VNPT,vultr_seoul,81.0,9.35
2026-09-12T22:01:59,Nam,VNPT,linode_singapore,50.0,164.68
2026-09-12T22:20:57,Nam,VNPT,cloudflare,52.0,2.07
2026-09-12T22:20:57,Nam,VNPT,vultr_singapore,213.0,2.57
2026-09-12T22:20:57,Nam,VNPT,vultr_seoul,80.0,25.3
2026-09-12T22:20:57,Nam,VNPT,linode_singapore,49.0,130.8
2026-09-12T22:31:58,Nam,VNPT,cloudflare,57.0,3.12
2026-09-12T22:31:58,Nam,VNPT,vultr_singapore,207.0,2.29
2026-09-12T22:31:58,Nam,VNPT,vultr_seoul,82.0,25.14
2026-09-12T22:31:58,Nam,VNPT,linode_singapore,53.0,149.96
2026-09-12T22:43:02,Nam,VNPT,cloudflare,55.0,2.13
2026-09-12T22:43:02,Nam,VNPT,vultr_singapore,203.0,2.72
2026-09-12T22:43:02,Nam,VNPT,vultr_seoul,82.0,121.0
2026-09-12T22:43:02,Nam,VNPT,linode_singapore,52.0,298.76
2026-09-12T22:54:08,Nam,VNPT,cloudflare,52.0,3.66
2026-09-12T22:54:08,Nam,VNPT,vultr_singapore,205.0,2.62
2026-09-12T22:54:08,Nam,VNPT,vultr_seoul,81.0,136.09
2026-09-12T22:54:08,Nam,VNPT,linode_singapore,49.0,113.04
2026-09-12T23:04:58,Nam,VNPT,cloudflare,58.0,3.53
2026-09-12T23:04:58,Nam,VNPT,vultr_singapore,205.0,2.67
2026-09-12T23:04:58,Nam,VNPT,vultr_seoul,82.0,155.85
2026-09-12T23:04:58,Nam,VNPT,linode_singapore,48.0,133.11
2026-09-12T23:15:43,Nam,VNPT,cloudflare,54.0,2.72
2026-09-12T23:15:43,Nam,VNPT,vultr_singapore,206.0,2.67
2026-09-12T23:15:43,Nam,VNPT,vultr_seoul,81.0,134.72
2026-09-12T23:15:43,Nam,VNPT,linode_singapore,50.0,243.57
2026-09-12T23:26:28,Nam,VNPT,cloudflare,52.0,8.28
2026-09-12T23:26:28,Nam,VNPT,vultr_singapore,205.0,2.66
2026-09-12T23:26:28,Nam,VNPT,vultr_seoul,81.0,260.6
2026-09-12T23:26:28,Nam,VNPT,linode_singapore,50.0,210.12
2026-09-12T23:37:06,Nam,VNPT,cloudflare,52.0,8.73
2026-09-12T23:37:06,Nam,VNPT,vultr_singapore,204.0,2.75
2026-09-12T23:37:06,Nam,VNPT,vultr_seoul,80.0,79.41
2026-09-12T23:37:06,Nam,VNPT,linode_singapore,50.0,154.68
2026-09-12T23:47:53,Nam,VNPT,cloudflare,54.0,27.36
2026-09-12T23:47:53,Nam,VNPT,vultr_singapore,205.0,9.75
2026-09-12T23:47:53,Nam,VNPT,vultr_seoul,80.0,32.7
2026-09-12T23:47:53,Nam,VNPT,linode_singapore,87.0,224.62
2026-09-12T23:58:42,Nam,VNPT,cloudflare,53.0,28.92
2026-09-12T23:58:42,Nam,VNPT,vultr_singapore,205.0,6.06
2026-09-12T23:58:42,Nam,VNPT,vultr_seoul,80.0,247.88
2026-09-12T23:58:42,Nam,VNPT,linode_singapore,51.0,123.68
2026-09-13T00:09:21,Nam,VNPT,cloudflare,53.0,32.02
2026-09-13T00:09:21,Nam,VNPT,vultr_singapore,205.0,12.0
2026-09-13T00:09:21,Nam,VNPT,vultr_seoul,81.0,36.53
2026-09-13T00:09:21,Nam,VNPT,linode_singapore,50.0,274.44
2026-09-13T00:20:09,Nam,VNPT,cloudflare,53.0,31.15
2026-09-13T00:20:09,Nam,VNPT,vultr_singapore,205.0,2.69
2026-09-13T00:20:09,Nam,VNPT,vultr_seoul,82.0,65.4
2026-09-13T00:20:09,Nam,VNPT,linode_singapore,49.0,257.69
2026-09-13T00:30:54,Nam,VNPT,cloudflare,52.0,29.99
2026-09-13T00:30:54,Nam,VNPT,vultr_singapore,203.0,2.81
2026-09-13T00:30:54,Nam,VNPT,vultr_seoul,81.0,197.91
2026-09-13T00:30:54,Nam,VNPT,linode_singapore,51.0,105.61
2026-09-13T00:41:36,Nam,VNPT,cloudflare,52.0,24.75
2026-09-13T00:41:36,Nam,VNPT,vultr_singapore,204.0,2.7
2026-09-13T00:41:36,Nam,VNPT,vultr_seoul,79.0,238.9
2026-09-13T00:41:36,Nam,VNPT,linode_singapore,50.0,138.14
2026-09-13T00:52:15,Nam,VNPT,cloudflare,52.0,34.12
2026-09-13T00:52:15,Nam,VNPT,vultr_singapore,205.0,7.63
2026-09-13T00:52:15,Nam,VNPT,vultr_seoul,80.0,46.25
2026-09-13T00:52:15,Nam,VNPT,linode_singapore,50.0,222.75
2026-09-13T01:03:06,Nam,VNPT,cloudflare,52.0,33.69
2026-09-13T01:03:06,Nam,VNPT,vultr_singapore,207.0,2.68
2026-09-13T01:03:06,Nam,VNPT,vultr_seoul,81.0,222.7
2026-09-13T01:03:06,Nam,VNPT,linode_singapore,49.0,164.4
2026-09-13T01:13:45,Nam,VNPT,cloudflare,76.0,34.83
2026-09-13T01:13:45,Nam,VNPT,vultr_singapore,204.0,17.29
2026-09-13T01:13:45,Nam,VNPT,vultr_seoul,80.0,229.64
2026-09-13T01:13:45,Nam,VNPT,linode_singapore,49.0,139.79
2026-09-13T01:24:23,Nam,VNPT,cloudflare,52.0,30.44
2026-09-13T01:24:23,Nam,VNPT,vultr_singapore,204.0,2.69
2026-09-13T01:24:23,Nam,VNPT,vultr_seoul,80.0,47.28
2026-09-13T01:24:23,Nam,VNPT,linode_singapore,49.0,304.68
2026-09-13T01:35:10,Nam,VNPT,cloudflare,52.0,30.66
2026-09-13T01:35:10,Nam,VNPT,vultr_singapore,206.0,10.14
2026-09-13T01:35:10,Nam,VNPT,vultr_seoul,81.0,173.17
2026-09-13T01:35:10,Nam,VNPT,linode_singapore,49.0,132.4
2026-09-13T01:45:51,Nam,VNPT,cloudflare,53.0,28.09
2026-09-13T01:45:51,Nam,VNPT,vultr_singapore,204.0,2.7
2026-09-13T01:45:51,Nam,VNPT,vultr_seoul,80.0,207.63
2026-09-13T01:45:51,Nam,VNPT,linode_singapore,50.0,138.0
2026-09-13T01:56:30,Nam,VNPT,cloudflare,52.0,32.17
2026-09-13T01:56:30,Nam,VNPT,vultr_singapore,205.0,2.61
2026-09-13T01:56:30,Nam,VNPT,vultr_seoul,81.0,198.31
2026-09-13T01:56:30,Nam,VNPT,linode_singapore,50.0,239.73
2026-09-13T02:07:07,Nam,VNPT,cloudflare,53.0,30.51
2026-09-13T02:07:07,Nam,VNPT,vultr_singapore,205.0,2.54
2026-09-13T02:07:07,Nam,VNPT,vultr_seoul,80.0,44.49
2026-09-13T02:07:07,Nam,VNPT,linode_singapore,49.0,107.73
2026-09-13T06:55:05,Nam,VNPT,cloudflare,51.0,25.63
2026-09-13T06:55:05,Nam,VNPT,vultr_singapore,207.0,2.64
2026-09-13T06:55:05,Nam,VNPT,vultr_seoul,81.0,234.76
2026-09-13T06:55:05,Nam,VNPT,linode_singapore,49.0,126.17
2026-09-13T07:05:52,Nam,VNPT,cloudflare,58.0,29.66
2026-09-13T07:05:52,Nam,VNPT,vultr_singapore,205.0,2.49
2026-09-13T07:05:52,Nam,VNPT,vultr_seoul,80.0,116.45
2026-09-13T07:05:52,Nam,VNPT,linode_singapore,50.0,294.71
2026-09-13T07:16:32,Nam,VNPT,cloudflare,56.0,26.85
2026-09-13T07:16:32,Nam,VNPT,vultr_singapore,203.0,2.62
2026-09-13T07:16:32,Nam,VNPT,vultr_seoul,80.0,38.61
2026-09-13T07:16:32,Nam,VNPT,linode_singapore,49.0,94.63
2026-09-13T07:27:26,Nam,VNPT,cloudflare,58.0,29.09
2026-09-13T07:27:26,Nam,VNPT,vultr_singapore,208.0,8.23
2026-09-13T07:27:26,Nam,VNPT,vultr_seoul,80.0,56.24
2026-09-13T07:27:26,Nam,VNPT,linode_singapore,50.0,208.44
2026-09-13T07:38:14,Nam,VNPT,cloudflare,52.0,30.83
2026-09-13T07:38:14,Nam,VNPT,vultr_singapore,207.0,2.51
2026-09-13T07:38:14,Nam,VNPT,vultr_seoul,83.0,236.23
2026-09-13T07:38:14,Nam,VNPT,linode_singapore,50.0,120.85
2026-09-13T07:48:54,Nam,VNPT,cloudflare,52.0,30.1
2026-09-13T07:48:54,Nam,VNPT,vultr_singapore,205.0,2.72
2026-09-13T07:48:54,Nam,VNPT,vultr_seoul,79.0,246.09
2026-09-13T07:48:54,Nam,VNPT,linode_singapore,49.0,276.65
2026-09-13T07:59:30,Nam,VNPT,cloudflare,52.0,29.64
2026-09-13T07:59:30,Nam,VNPT,vultr_singapore,206.0,2.67
2026-09-13T07:59:30,Nam,VNPT,vultr_seoul,80.0,228.72
2026-09-13T07:59:30,Nam,VNPT,linode_singapore,49.0,236.61
2026-09-13T08:10:06,Nam,VNPT,cloudflare,53.0,28.81
2026-09-13T08:10:06,Nam,VNPT,vultr_singapore,204.0,2.75
2026-09-13T08:10:06,Nam,VNPT,vultr_seoul,81.0,251.96
2026-09-13T08:10:06,Nam,VNPT,linode_singapore,52.0,206.54
2026-09-13T08:20:43,Nam,VNPT,cloudflare,51.0,27.04
2026-09-13T08:20:43,Nam,VNPT,vultr_singapore,204.0,5.93
2026-09-13T08:20:43,Nam,VNPT,vultr_seoul,80.0,254.52
2026-09-13T08:20:43,Nam,VNPT,linode_singapore,49.0,186.99
2026-09-13T08:31:20,Nam,VNPT,cloudflare,52.0,29.24
2026-09-13T08:31:20,Nam,VNPT,vultr_singapore,206.0,10.88
2026-09-13T08:31:20,Nam,VNPT,vultr_seoul,82.0,245.72
2026-09-13T08:31:20,Nam,VNPT,linode_singapore,50.0,120.57
2026-09-13T08:42:01,Nam,VNPT,cloudflare,52.0,27.37
2026-09-13T08:42:01,Nam,VNPT,vultr_singapore,204.0,2.85
2026-09-13T08:42:01,Nam,VNPT,vultr_seoul,80.0,117.92
2026-09-13T08:42:01,Nam,VNPT,linode_singapore,49.0,154.09
2026-09-13T08:52:43,Nam,VNPT,cloudflare,52.0,29.47
2026-09-13T08:52:43,Nam,VNPT,vultr_singapore,205.0,2.5
2026-09-13T08:52:43,Nam,VNPT,vultr_seoul,80.0,154.78
2026-09-13T08:52:43,Nam,VNPT,linode_singapore,49.0,129.21
2026-09-13T09:03:24,Nam,VNPT,cloudflare,51.0,28.13
2026-09-13T09:03:24,Nam,VNPT,vultr_singapore,206.0,2.55
2026-09-13T09:03:24,Nam,VNPT,vultr_seoul,80.0,231.96
2026-09-13T09:03:24,Nam,VNPT,linode_singapore,50.0,239.83
2026-09-13T09:14:01,Nam,VNPT,cloudflare,52.0,26.8
2026-09-13T09:14:01,Nam,VNPT,vultr_singapore,205.0,2.69
2026-09-13T09:14:01,Nam,VNPT,vultr_seoul,83.0,226.42
2026-09-13T09:14:01,Nam,VNPT,linode_singapore,50.0,177.46
2026-09-13T09:24:39,Nam,VNPT,cloudflare,52.0,11.59
2026-09-13T09:24:39,Nam,VNPT,vultr_singapore,204.0,11.85
2026-09-13T09:24:39,Nam,VNPT,vultr_seoul,82.0,232.11
2026-09-13T09:24:39,Nam,VNPT,linode_singapore,49.0,170.24
2026-09-13T09:35:18,Nam,VNPT,cloudflare,53.0,24.76
2026-09-13T09:35:18,Nam,VNPT,vultr_singapore,205.0,7.34
2026-09-13T09:35:18,Nam,VNPT,vultr_seoul,80.0,243.05
2026-09-13T09:35:18,Nam,VNPT,linode_singapore,48.0,234.53
2026-09-13T09:45:55,Nam,VNPT,cloudflare,91.0,9.18
2026-09-13T09:45:55,Nam,VNPT,vultr_singapore,205.0,2.69
2026-09-13T09:45:55,Nam,VNPT,vultr_seoul,221.0,56.47
2026-09-13T09:45:55,Nam,VNPT,linode_singapore,50.0,132.34
2026-09-13T09:56:48,Nam,VNPT,cloudflare,51.0,6.45
2026-09-13T09:56:48,Nam,VNPT,vultr_singapore,206.0,2.46
2026-09-13T09:56:48,Nam,VNPT,vultr_seoul,93.0,231.58
2026-09-13T09:56:48,Nam,VNPT,linode_singapore,67.0,188.53
2026-09-13T10:07:28,Nam,VNPT,cloudflare,51.0,1.58
2026-09-13T10:07:28,Nam,VNPT,vultr_singapore,204.0,2.55
2026-09-13T10:07:28,Nam,VNPT,vultr_seoul,80.0,216.66
2026-09-13T10:07:28,Nam,VNPT,linode_singapore,50.0,51.7
2026-09-13T10:18:27,Nam,VNPT,cloudflare,86.0,0.86
2026-09-13T10:18:27,Nam,VNPT,vultr_singapore,253.0,2.31
2026-09-13T10:18:27,Nam,VNPT,vultr_seoul,130.0,59.24
2026-09-13T10:18:27,Nam,VNPT,linode_singapore,56.0,10.89
2026-09-13T10:29:41,Nam,VNPT,cloudflare,98.0,4.49
2026-09-13T10:29:41,Nam,VNPT,vultr_singapore,274.0,2.4
2026-09-13T10:29:41,Nam,VNPT,vultr_seoul,179.0,37.38
2026-09-13T10:29:41,Nam,VNPT,linode_singapore,99.0,9.46
2026-09-13T10:40:44,Nam,VNPT,cloudflare,54.0,2.5
2026-09-13T10:40:44,Nam,VNPT,vultr_singapore,206.0,2.49
2026-09-13T10:40:44,Nam,VNPT,vultr_seoul,84.0,262.05
2026-09-13T10:40:44,Nam,VNPT,linode_singapore,61.0,13.44
2026-09-13T10:51:38,Nam,VNPT,cloudflare,215.0,10.88
2026-09-13T10:51:38,Nam,VNPT,vultr_singapore,206.0,2.34
2026-09-13T10:51:38,Nam,VNPT,vultr_seoul,84.0,108.71
2026-09-13T10:51:38,Nam,VNPT,linode_singapore,50.0,101.05
2026-09-13T11:02:25,Nam,VNPT,cloudflare,52.0,3.47
2026-09-13T11:02:25,Nam,VNPT,vultr_singapore,207.0,2.63
2026-09-13T11:02:25,Nam,VNPT,vultr_seoul,117.0,66.67
2026-09-13T11:02:25,Nam,VNPT,linode_singapore,50.0,89.86
2026-09-13T11:13:21,Nam,VNPT,cloudflare,52.0,3.68
2026-09-13T11:13:21,Nam,VNPT,vultr_singapore,206.0,2.67
2026-09-13T11:13:21,Nam,VNPT,vultr_seoul,106.0,154.7
2026-09-13T11:13:21,Nam,VNPT,linode_singapore,49.0,162.33
2026-09-13T11:24:06,Nam,VNPT,cloudflare,53.0,7.95
2026-09-13T11:24:06,Nam,VNPT,vultr_singapore,205.0,2.66
2026-09-13T11:24:06,Nam,VNPT,vultr_seoul,85.0,210.67
2026-09-13T11:24:06,Nam,VNPT,linode_singapore,49.0,253.81
2026-09-13T11:34:45,Nam,VNPT,cloudflare,52.0,7.13
2026-09-13T11:34:45,Nam,VNPT,vultr_singapore,205.0,2.72
2026-09-13T11:34:45,Nam,VNPT,vultr_seoul,85.0,227.7
2026-09-13T11:34:45,Nam,VNPT,linode_singapore,49.0,230.55
2026-09-13T11:45:24,Nam,VNPT,cloudflare,52.0,2.12
2026-09-13T11:45:24,Nam,VNPT,vultr_singapore,241.0,2.62
2026-09-13T11:45:24,Nam,VNPT,vultr_seoul,84.0,132.15
2026-09-13T11:45:24,Nam,VNPT,linode_singapore,49.0,78.1
2026-09-13T11:56:18,Nam,VNPT,cloudflare,53.0,4.15
2026-09-13T11:56:18,Nam,VNPT,vultr_singapore,207.0,17.16
2026-09-13T11:56:18,Nam,VNPT,vultr_seoul,83.0,179.2
2026-09-13T11:56:18,Nam,VNPT,linode_singapore,60.0,145.56
2026-09-13T12:07:02,Nam,VNPT,cloudflare,52.0,4.38
2026-09-13T12:07:02,Nam,VNPT,vultr_singapore,208.0,2.56
2026-09-13T12:07:02,Nam,VNPT,vultr_seoul,99.0,230.0
2026-09-13T12:07:02,Nam,VNPT,linode_singapore,58.0,38.83
2026-09-13T12:17:53,Nam,VNPT,cloudflare,55.0,1.94
2026-09-13T12:17:53,Nam,VNPT,vultr_singapore,210.0,2.73
2026-09-13T12:17:53,Nam,VNPT,vultr_seoul,95.0,169.4
2026-09-13T12:17:53,Nam,VNPT,linode_singapore,58.0,170.62
2026-09-13T12:28:41,Nam,VNPT,cloudflare,141.0,2.37
2026-09-13T12:28:41,Nam,VNPT,vultr_singapore,206.0,2.75
2026-09-13T12:28:41,Nam,VNPT,vultr_seoul,85.0,77.29
2026-09-13T12:28:41,Nam,VNPT,linode_singapore,72.0,152.35
2026-09-13T13:41:55,Nam,VNPT,cloudflare,60.0,2.11
2026-09-13T13:41:55,Nam,VNPT,vultr_singapore,210.0,10.67
2026-09-13T13:41:55,Nam,VNPT,vultr_seoul,86.0,7.75
2026-09-13T13:41:55,Nam,VNPT,linode_singapore,50.0,111.99
2026-09-13T13:52:54,Nam,VNPT,cloudflare,57.0,6.31
2026-09-13T13:52:54,Nam,VNPT,vultr_singapore,268.0,2.95
2026-09-13T13:52:54,Nam,VNPT,vultr_seoul,87.0,136.43
2026-09-13T13:52:54,Nam,VNPT,linode_singapore,53.0,267.34
2026-09-13T14:03:36,Nam,VNPT,cloudflare,55.0,4.85
2026-09-13T14:03:36,Nam,VNPT,vultr_singapore,246.0,2.94
2026-09-13T14:03:36,Nam,VNPT,vultr_seoul,85.0,19.88
2026-09-13T14:03:36,Nam,VNPT,linode_singapore,50.0,152.25
2026-09-13T14:14:29,Nam,VNPT,cloudflare,58.0,2.34
2026-09-13T14:14:29,Nam,VNPT,vultr_singapore,306.0,2.9
2026-09-13T14:14:29,Nam,VNPT,vultr_seoul,84.0,200.28
2026-09-13T14:14:29,Nam,VNPT,linode_singapore,51.0,288.36
2026-09-13T14:25:13,Nam,VNPT,cloudflare,58.0,3.64
2026-09-13T14:25:13,Nam,VNPT,vultr_singapore,262.0,2.32
2026-09-13T14:25:13,Nam,VNPT,vultr_seoul,85.0,245.27
2026-09-13T14:25:13,Nam,VNPT,linode_singapore,54.0,132.54
2026-09-13T14:35:56,Nam,VNPT,cloudflare,56.0,1.55
2026-09-13T14:35:56,Nam,VNPT,vultr_singapore,259.0,3.02
2026-09-13T14:35:56,Nam,VNPT,vultr_seoul,84.0,155.44
2026-09-13T14:35:56,Nam,VNPT,linode_singapore,51.0,140.7
2026-09-13T14:46:48,Nam,VNPT,cloudflare,55.0,2.79
2026-09-13T14:46:48,Nam,VNPT,vultr_singapore,293.0,4.0
2026-09-13T14:46:48,Nam,VNPT,vultr_seoul,86.0,215.97
2026-09-13T14:46:48,Nam,VNPT,linode_singapore,51.0,211.65
2026-09-13T14:57:31,Nam,VNPT,cloudflare,55.0,1.82
2026-09-13T14:57:31,Nam,VNPT,vultr_singapore,251.0,2.21
2026-09-13T14:57:31,Nam,VNPT,vultr_seoul,86.0,239.67
2026-09-13T14:57:31,Nam,VNPT,linode_singapore,54.0,257.49
2026-09-13T17:11:22,Nam,VNPT,cloudflare,55.0,9.71
2026-09-13T17:11:22,Nam,VNPT,vultr_singapore,207.0,2.69
2026-09-13T17:11:22,Nam,VNPT,vultr_seoul,83.0,123.5
2026-09-13T17:11:22,Nam,VNPT,linode_singapore,50.0,4.2
2026-09-13T17:22:15,Nam,VNPT,cloudflare,53.0,2.61
2026-09-13T17:22:15,Nam,VNPT,vultr_singapore,207.0,6.9
2026-09-13T17:22:15,Nam,VNPT,vultr_seoul,84.0,262.32
2026-09-13T17:22:15,Nam,VNPT,linode_singapore,50.0,187.69
2026-09-13T17:32:58,Nam,VNPT,cloudflare,54.0,1.52
2026-09-13T17:32:58,Nam,VNPT,vultr_singapore,207.0,2.78
2026-09-13T17:32:58,Nam,VNPT,vultr_seoul,84.0,106.53
2026-09-13T17:32:58,Nam,VNPT,linode_singapore,49.0,171.84
2026-09-13T17:43:52,Nam,VNPT,cloudflare,54.0,1.74
2026-09-13T17:43:52,Nam,VNPT,vultr_singapore,208.0,2.63
2026-09-13T17:43:52,Nam,VNPT,vultr_seoul,83.0,177.02
2026-09-13T17:43:52,Nam,VNPT,linode_singapore,50.0,260.19
2026-09-13T17:54:39,Nam,VNPT,cloudflare,53.0,5.82
2026-09-13T17:54:39,Nam,VNPT,vultr_singapore,207.0,2.6
2026-09-13T17:54:39,Nam,VNPT,vultr_seoul,83.0,222.37
2026-09-13T17:54:39,Nam,VNPT,linode_singapore,49.0,141.96
2026-09-13T18:05:21,Nam,VNPT,cloudflare,53.0,1.18
2026-09-13T18:05:21,Nam,VNPT,vultr_singapore,207.0,2.6
2026-09-13T18:05:21,Nam,VNPT,vultr_seoul,84.0,148.6
2026-09-13T18:05:21,Nam,VNPT,linode_singapore,49.0,104.45
2026-09-13T18:16:19,Nam,VNPT,cloudflare,100.0,3.64
2026-09-13T18:16:19,Nam,VNPT,vultr_singapore,208.0,2.64
2026-09-13T18:16:19,Nam,VNPT,vultr_seoul,84.0,212.11
2026-09-13T18:16:19,Nam,VNPT,linode_singapore,51.0,144.02
2026-09-13T18:27:03,Nam,VNPT,cloudflare,55.0,3.99
2026-09-13T18:27:03,Nam,VNPT,vultr_singapore,208.0,2.45
2026-09-13T18:27:03,Nam,VNPT,vultr_seoul,101.0,38.94
2026-09-13T18:27:03,Nam,VNPT,linode_singapore,62.0,8.75
2026-09-13T18:38:08,Nam,VNPT,cloudflare,98.0,3.75
2026-09-13T18:38:08,Nam,VNPT,vultr_singapore,248.0,20.62
2026-09-13T18:38:08,Nam,VNPT,vultr_seoul,85.0,22.68
2026-09-13T18:38:08,Nam,VNPT,linode_singapore,62.0,192.25
2026-09-13T18:49:02,Nam,VNPT,cloudflare,54.0,1.66
2026-09-13T18:49:02,Nam,VNPT,vultr_singapore,246.0,2.51
2026-09-13T18:49:02,Nam,VNPT,vultr_seoul,87.0,238.03
2026-09-13T18:49:02,Nam,VNPT,linode_singapore,59.0,267.36
2026-09-13T18:59:48,Nam,VNPT,cloudflare,53.0,3.36
2026-09-13T18:59:48,Nam,VNPT,vultr_singapore,209.0,2.61
2026-09-13T18:59:48,Nam,VNPT,vultr_seoul,85.0,8.92
2026-09-13T18:59:48,Nam,VNPT,linode_singapore,50.0,244.98
2026-09-13T19:10:41,Nam,VNPT,cloudflare,118.0,1.24
2026-09-13T19:10:41,Nam,VNPT,vultr_singapore,208.0,2.65
2026-09-13T19:10:41,Nam,VNPT,vultr_seoul,90.0,111.16
2026-09-13T19:10:41,Nam,VNPT,linode_singapore,50.0,96.78
2026-09-13T19:21:40,Nam,VNPT,cloudflare,53.0,1.49
2026-09-13T19:21:40,Nam,VNPT,vultr_singapore,209.0,2.63
2026-09-13T19:21:40,Nam,VNPT,vultr_seoul,84.0,30.29
2026-09-13T19:21:40,Nam,VNPT,linode_singapore,50.0,107.52
2026-09-13T19:32:44,Nam,VNPT,cloudflare,54.0,1.76
2026-09-13T19:32:44,Nam,VNPT,vultr_singapore,209.0,2.6
2026-09-13T19:32:44,Nam,VNPT,vultr_seoul,89.0,12.46
2026-09-13T19:32:44,Nam,VNPT,linode_singapore,50.0,101.91
2026-09-13T19:43:46,Nam,VNPT,cloudflare,86.0,1.04
2026-09-13T19:43:46,Nam,VNPT,vultr_singapore,208.0,2.82
2026-09-13T19:43:46,Nam,VNPT,vultr_seoul,85.0,2.73
2026-09-13T19:43:46,Nam,VNPT,linode_singapore,82.0,30.58
2026-09-13T19:55:01,Nam,VNPT,cloudflare,55.0,0.56
2026-09-13T19:55:01,Nam,VNPT,vultr_singapore,210.0,2.63
2026-09-13T19:55:01,Nam,VNPT,vultr_seoul,84.0,9.84
2026-09-13T19:55:01,Nam,VNPT,linode_singapore,50.0,199.57
2026-09-13T20:06:05,Nam,VNPT,cloudflare,54.0,1.17
2026-09-13T20:06:05,Nam,VNPT,vultr_singapore,207.0,2.46
2026-09-13T20:06:05,Nam,VNPT,vultr_seoul,84.0,1.87
2026-09-13T20:06:05,Nam,VNPT,linode_singapore,49.0,124.5
2026-09-13T20:17:10,Nam,VNPT,cloudflare,69.0,1.77
2026-09-13T20:17:10,Nam,VNPT,vultr_singapore,208.0,2.71
2026-09-13T20:17:10,Nam,VNPT,vultr_seoul,85.0,3.23
2026-09-13T20:17:10,Nam,VNPT,linode_singapore,49.0,80.44
2026-09-13T20:28:14,Nam,VNPT,cloudflare,54.0,0.92
2026-09-13T20:28:14,Nam,VNPT,vultr_singapore,208.0,2.52
2026-09-13T20:28:14,Nam,VNPT,vultr_seoul,83.0,0.63
2026-09-13T20:28:14,Nam,VNPT,linode_singapore,52.0,159.87
2026-09-13T20:39:18,Nam,VNPT,cloudflare,53.0,1.08
2026-09-13T20:39:18,Nam,VNPT,vultr_singapore,208.0,2.62
2026-09-13T20:39:18,Nam,VNPT,vultr_seoul,83.0,2.26
2026-09-13T20:39:18,Nam,VNPT,linode_singapore,49.0,208.6
2026-09-13T20:50:22,Nam,VNPT,cloudflare,54.0,1.17
2026-09-13T20:50:22,Nam,VNPT,vultr_singapore,208.0,2.6
2026-09-13T20:50:22,Nam,VNPT,vultr_seoul,84.0,1.54
2026-09-13T20:50:22,Nam,VNPT,linode_singapore,78.0,35.96
2026-09-13T21:01:35,Nam,VNPT,cloudflare,54.0,0.57
2026-09-13T21:01:35,Nam,VNPT,vultr_singapore,207.0,2.74
2026-09-13T21:01:35,Nam,VNPT,vultr_seoul,85.0,2.51
2026-09-13T21:01:35,Nam,VNPT,linode_singapore,54.0,138.52
2026-09-13T21:12:40,Nam,VNPT,cloudflare,52.0,0.51
2026-09-13T21:12:40,Nam,VNPT,vultr_singapore,209.0,2.46
2026-09-13T21:12:40,Nam,VNPT,vultr_seoul,86.0,9.38
2026-09-13T21:12:40,Nam,VNPT,linode_singapore,58.0,118.33
2026-09-13T21:23:47,Nam,VNPT,cloudflare,54.0,2.85
2026-09-13T21:23:47,Nam,VNPT,vultr_singapore,209.0,2.59
2026-09-13T21:23:47,Nam,VNPT,vultr_seoul,87.0,21.36
2026-09-13T21:23:47,Nam,VNPT,linode_singapore,50.0,239.63
2026-09-13T21:34:40,Nam,VNPT,cloudflare,53.0,0.96
2026-09-13T21:34:40,Nam,VNPT,vultr_singapore,209.0,2.48
2026-09-13T21:34:40,Nam,VNPT,vultr_seoul,84.0,10.36
2026-09-13T21:34:40,Nam,VNPT,linode_singapore,50.0,179.42
2026-09-13T21:45:44,Nam,VNPT,cloudflare,53.0,0.72
2026-09-13T21:45:44,Nam,VNPT,vultr_singapore,210.0,2.51
2026-09-13T21:45:44,Nam,VNPT,vultr_seoul,91.0,4.86
2026-09-13T21:45:44,Nam,VNPT,linode_singapore,50.0,277.39
2026-09-13T23:52:11,Nam,VNPT,cloudflare,55.0,20.16
2026-09-13T23:52:11,Nam,VNPT,vultr_singapore,206.0,2.75
2026-09-13T23:52:11,Nam,VNPT,vultr_seoul,113.0,222.17
2026-09-13T23:52:11,Nam,VNPT,linode_singapore,50.0,9.8
2026-09-14T00:02:59,Nam,VNPT,cloudflare,53.0,26.78
2026-09-14T00:02:59,Nam,VNPT,vultr_singapore,206.0,2.65
2026-09-14T00:02:59,Nam,VNPT,vultr_seoul,83.0,236.56
2026-09-14T00:02:59,Nam,VNPT,linode_singapore,50.0,155.62
2026-09-14T00:13:38,Nam,VNPT,cloudflare,51.0,23.56
2026-09-14T00:13:38,Nam,VNPT,vultr_singapore,208.0,2.75
2026-09-14T00:13:38,Nam,VNPT,vultr_seoul,84.0,45.1
2026-09-14T00:13:38,Nam,VNPT,linode_singapore,50.0,148.99
2026-09-14T00:24:28,Nam,VNPT,cloudflare,51.0,29.55
2026-09-14T00:24:28,Nam,VNPT,vultr_singapore,206.0,4.13
2026-09-14T00:24:28,Nam,VNPT,vultr_seoul,83.0,246.93
2026-09-14T00:24:28,Nam,VNPT,linode_singapore,48.0,185.41
2026-09-14T00:35:06,Nam,VNPT,cloudflare,52.0,21.98
2026-09-14T00:35:06,Nam,VNPT,vultr_singapore,218.0,2.51
2026-09-14T00:35:06,Nam,VNPT,vultr_seoul,102.0,82.99
2026-09-14T00:35:06,Nam,VNPT,linode_singapore,50.0,159.95
2026-09-14T00:45:52,Nam,VNPT,cloudflare,51.0,24.18
2026-09-14T00:45:52,Nam,VNPT,vultr_singapore,206.0,2.78
2026-09-14T00:45:52,Nam,VNPT,vultr_seoul,85.0,219.65
2026-09-14T00:45:52,Nam,VNPT,linode_singapore,50.0,151.53
2026-09-14T00:56:31,Nam,VNPT,cloudflare,52.0,31.53
2026-09-14T00:56:31,Nam,VNPT,vultr_singapore,253.0,2.7
2026-09-14T00:56:31,Nam,VNPT,vultr_seoul,83.0,197.48
2026-09-14T00:56:31,Nam,VNPT,linode_singapore,50.0,178.19
2026-09-14T01:07:10,Nam,VNPT,cloudflare,52.0,28.57
2026-09-14T01:07:10,Nam,VNPT,vultr_singapore,207.0,2.64
2026-09-14T01:07:10,Nam,VNPT,vultr_seoul,83.0,239.34
2026-09-14T01:07:10,Nam,VNPT,linode_singapore,50.0,190.58
2026-09-14T01:17:48,Nam,VNPT,cloudflare,51.0,30.91
2026-09-14T01:17:48,Nam,VNPT,vultr_singapore,208.0,2.71
2026-09-14T01:17:48,Nam,VNPT,vultr_seoul,85.0,251.92
2026-09-14T01:17:48,Nam,VNPT,linode_singapore,50.0,152.04
2026-09-14T01:28:26,Nam,VNPT,cloudflare,51.0,28.01
2026-09-14T01:28:26,Nam,VNPT,vultr_singapore,209.0,6.38
2026-09-14T01:28:26,Nam,VNPT,vultr_seoul,84.0,224.98
2026-09-14T01:28:26,Nam,VNPT,linode_singapore,52.0,221.34
2026-09-14T01:39:04,Nam,VNPT,cloudflare,52.0,25.74
2026-09-14T01:39:04,Nam,VNPT,vultr_singapore,207.0,2.73
2026-09-14T01:39:04,Nam,VNPT,vultr_seoul,84.0,235.41
2026-09-14T01:39:04,Nam,VNPT,linode_singapore,49.0,187.63
2026-09-14T01:49:42,Nam,VNPT,cloudflare,52.0,29.72
2026-09-14T01:49:42,Nam,VNPT,vultr_singapore,207.0,2.68
2026-09-14T01:49:42,Nam,VNPT,vultr_seoul,84.0,254.39
2026-09-14T01:49:42,Nam,VNPT,linode_singapore,50.0,119.38
2026-09-14T02:00:22,Nam,VNPT,cloudflare,52.0,24.99
2026-09-14T02:00:22,Nam,VNPT,vultr_singapore,206.0,2.7
2026-09-14T02:00:22,Nam,VNPT,vultr_seoul,85.0,217.76
2026-09-14T02:00:22,Nam,VNPT,linode_singapore,49.0,154.28
2026-09-14T02:11:02,Nam,VNPT,cloudflare,53.0,26.87
2026-09-14T02:11:02,Nam,VNPT,vultr_singapore,206.0,2.59
2026-09-14T02:11:02,Nam,VNPT,vultr_seoul,83.0,250.3
2026-09-14T02:11:02,Nam,VNPT,linode_singapore,50.0,200.48
2026-09-14T02:21:39,Nam,VNPT,cloudflare,52.0,24.38
2026-09-14T02:21:39,Nam,VNPT,vultr_singapore,206.0,2.64
2026-09-14T02:21:39,Nam,VNPT,vultr_seoul,83.0,215.61
2026-09-14T02:21:39,Nam,VNPT,linode_singapore,49.0,143.58
2026-09-14T02:32:19,Nam,VNPT,cloudflare,52.0,27.63
2026-09-14T02:32:19,Nam,VNPT,vultr_singapore,206.0,2.7
2026-09-14T02:32:19,Nam,VNPT,vultr_seoul,84.0,178.06
2026-09-14T02:32:19,Nam,VNPT,linode_singapore,50.0,13.09
2026-09-14T02:43:08,Nam,VNPT,cloudflare,51.0,25.52
2026-09-14T02:43:08,Nam,VNPT,vultr_singapore,206.0,2.54
2026-09-14T02:43:08,Nam,VNPT,vultr_seoul,83.0,47.37
2026-09-14T02:43:08,Nam,VNPT,linode_singapore,49.0,13.71
2026-09-14T02:54:08,Nam,VNPT,cloudflare,52.0,19.9
2026-09-14T02:54:08,Nam,VNPT,vultr_singapore,206.0,6.27
2026-09-14T02:54:08,Nam,VNPT,vultr_seoul,84.0,255.58
2026-09-14T02:54:08,Nam,VNPT,linode_singapore,49.0,174.56
2026-09-14T03:04:47,Nam,VNPT,cloudflare,52.0,26.13
2026-09-14T03:04:47,Nam,VNPT,vultr_singapore,206.0,2.63
2026-09-14T03:04:47,Nam,VNPT,vultr_seoul,85.0,30.06
2026-09-14T03:04:47,Nam,VNPT,linode_singapore,50.0,102.77
2026-09-14T03:15:40,Nam,VNPT,cloudflare,53.0,29.0
2026-09-14T03:15:40,Nam,VNPT,vultr_singapore,206.0,6.12
2026-09-14T03:15:40,Nam,VNPT,vultr_seoul,83.0,179.51
2026-09-14T03:15:40,Nam,VNPT,linode_singapore,49.0,142.79
2026-09-14T03:26:21,Nam,VNPT,cloudflare,52.0,26.36
2026-09-14T03:26:21,Nam,VNPT,vultr_singapore,207.0,2.78
2026-09-14T03:26:21,Nam,VNPT,vultr_seoul,82.0,235.79
2026-09-14T03:26:21,Nam,VNPT,linode_singapore,50.0,91.74
2026-09-14T03:37:03,Nam,VNPT,cloudflare,52.0,19.56
2026-09-14T03:37:03,Nam,VNPT,vultr_singapore,206.0,2.53
2026-09-14T03:37:03,Nam,VNPT,vultr_seoul,84.0,175.17
2026-09-14T03:37:03,Nam,VNPT,linode_singapore,51.0,248.43
2026-09-14T03:47:42,Nam,VNPT,cloudflare,52.0,34.0
2026-09-14T03:47:42,Nam,VNPT,vultr_singapore,207.0,2.74
2026-09-14T03:47:42,Nam,VNPT,vultr_seoul,83.0,214.98
2026-09-14T03:47:42,Nam,VNPT,linode_singapore,50.0,133.78
2026-09-14T03:58:22,Nam,VNPT,cloudflare,54.0,27.99
2026-09-14T03:58:22,Nam,VNPT,vultr_singapore,206.0,2.87
2026-09-14T03:58:22,Nam,VNPT,vultr_seoul,84.0,156.06
2026-09-14T03:58:22,Nam,VNPT,linode_singapore,51.0,220.75
2026-09-14T04:09:01,Nam,VNPT,cloudflare,52.0,25.25
2026-09-14T04:09:01,Nam,VNPT,vultr_singapore,208.0,2.71
2026-09-14T04:09:01,Nam,VNPT,vultr_seoul,83.0,75.48
2026-09-14T04:09:01,Nam,VNPT,linode_singapore,50.0,189.56
2026-09-14T04:19:46,Nam,VNPT,cloudflare,52.0,24.55
2026-09-14T04:19:46,Nam,VNPT,vultr_singapore,207.0,2.87
2026-09-14T04:19:46,Nam,VNPT,vultr_seoul,84.0,223.71
2026-09-14T04:19:46,Nam,VNPT,linode_singapore,49.0,183.5
2026-09-14T04:30:25,Nam,VNPT,cloudflare,52.0,30.92
2026-09-14T04:30:25,Nam,VNPT,vultr_singapore,207.0,2.78
2026-09-14T04:30:25,Nam,VNPT,vultr_seoul,85.0,36.29
2026-09-14T04:30:25,Nam,VNPT,linode_singapore,50.0,182.86
2026-09-14T04:41:15,Nam,VNPT,cloudflare,51.0,25.12
2026-09-14T04:41:15,Nam,VNPT,vultr_singapore,213.0,2.58
2026-09-14T04:41:15,Nam,VNPT,vultr_seoul,80.0,202.23
2026-09-14T04:41:15,Nam,VNPT,linode_singapore,49.0,150.55
2026-09-14T04:51:54,Nam,VNPT,cloudflare,51.0,29.09
2026-09-14T04:51:54,Nam,VNPT,vultr_singapore,213.0,2.89
2026-09-14T04:51:54,Nam,VNPT,vultr_seoul,82.0,222.22
2026-09-14T04:51:54,Nam,VNPT,linode_singapore,50.0,126.72
2026-09-14T05:02:34,Nam,VNPT,cloudflare,51.0,28.48
2026-09-14T05:02:34,Nam,VNPT,vultr_singapore,213.0,2.49
2026-09-14T05:02:34,Nam,VNPT,vultr_seoul,80.0,224.33
2026-09-14T05:02:34,Nam,VNPT,linode_singapore,50.0,265.82
2026-09-14T05:13:11,Nam,VNPT,cloudflare,51.0,25.4
2026-09-14T05:13:11,Nam,VNPT,vultr_singapore,214.0,2.69
2026-09-14T05:13:11,Nam,VNPT,vultr_seoul,81.0,238.73
2026-09-14T05:13:11,Nam,VNPT,linode_singapore,51.0,145.38
2026-09-14T05:23:51,Nam,VNPT,cloudflare,50.0,19.46
2026-09-14T05:23:51,Nam,VNPT,vultr_singapore,212.0,2.51
2026-09-14T05:23:51,Nam,VNPT,vultr_seoul,81.0,208.94
2026-09-14T05:23:51,Nam,VNPT,linode_singapore,49.0,5.65
2026-09-14T05:34:47,Nam,VNPT,cloudflare,51.0,19.58
2026-09-14T05:34:47,Nam,VNPT,vultr_singapore,212.0,12.89
2026-09-14T05:34:47,Nam,VNPT,vultr_seoul,83.0,267.16
2026-09-14T05:34:47,Nam,VNPT,linode_singapore,49.0,121.86
2026-09-14T05:45:27,Nam,VNPT,cloudflare,51.0,16.08
2026-09-14T05:45:27,Nam,VNPT,vultr_singapore,213.0,2.6
2026-09-14T05:45:27,Nam,VNPT,vultr_seoul,81.0,32.5
2026-09-14T05:45:27,Nam,VNPT,linode_singapore,50.0,116.95
2026-09-14T05:56:20,Nam,VNPT,cloudflare,52.0,26.28
2026-09-14T05:56:20,Nam,VNPT,vultr_singapore,213.0,13.56
2026-09-14T05:56:20,Nam,VNPT,vultr_seoul,81.0,221.23
2026-09-14T05:56:20,Nam,VNPT,linode_singapore,50.0,163.55
2026-09-14T06:06:59,Nam,VNPT,cloudflare,50.0,33.99
2026-09-14T06:06:59,Nam,VNPT,vultr_singapore,206.0,2.56
2026-09-14T06:06:59,Nam,VNPT,vultr_seoul,82.0,35.65
2026-09-14T06:06:59,Nam,VNPT,linode_singapore,50.0,17.02
2026-09-14T06:17:59,Nam,VNPT,cloudflare,50.0,30.12
2026-09-14T06:17:59,Nam,VNPT,vultr_singapore,209.0,2.71
2026-09-14T06:17:59,Nam,VNPT,vultr_seoul,82.0,232.4
2026-09-14T06:17:59,Nam,VNPT,linode_singapore,50.0,83.38
2026-09-14T06:28:42,Nam,VNPT,cloudflare,51.0,25.07
2026-09-14T06:28:42,Nam,VNPT,vultr_singapore,207.0,2.7
2026-09-14T06:28:42,Nam,VNPT,vultr_seoul,81.0,237.16
2026-09-14T06:28:42,Nam,VNPT,linode_singapore,51.0,197.81
2026-09-14T06:39:20,Nam,VNPT,cloudflare,56.0,24.3
2026-09-14T06:39:20,Nam,VNPT,vultr_singapore,207.0,2.63
2026-09-14T06:39:20,Nam,VNPT,vultr_seoul,80.0,227.29
2026-09-14T06:39:20,Nam,VNPT,linode_singapore,49.0,144.85
2026-09-14T06:50:00,Nam,VNPT,cloudflare,53.0,24.7
2026-09-14T06:50:00,Nam,VNPT,vultr_singapore,206.0,2.58
2026-09-14T06:50:00,Nam,VNPT,vultr_seoul,81.0,198.6
2026-09-14T06:50:00,Nam,VNPT,linode_singapore,49.0,161.93
2026-09-14T07:00:39,Nam,VNPT,cloudflare,51.0,34.8
2026-09-14T07:00:39,Nam,VNPT,vultr_singapore,207.0,2.74
2026-09-14T07:00:39,Nam,VNPT,vultr_seoul,83.0,227.37
2026-09-14T07:00:39,Nam,VNPT,linode_singapore,54.0,287.63
2026-09-14T07:11:15,Nam,VNPT,cloudflare,53.0,30.78
2026-09-14T07:11:15,Nam,VNPT,vultr_singapore,206.0,2.54
2026-09-14T07:11:15,Nam,VNPT,vultr_seoul,85.0,16.22
2026-09-14T07:11:15,Nam,VNPT,linode_singapore,49.0,239.69
2026-09-14T07:22:03,Nam,VNPT,cloudflare,80.0,13.17
2026-09-14T07:22:03,Nam,VNPT,vultr_singapore,233.0,2.48
2026-09-14T07:22:03,Nam,VNPT,vultr_seoul,81.0,224.37
2026-09-14T07:22:03,Nam,VNPT,linode_singapore,51.0,7.42
2026-09-14T09:33:29,Nam,VNPT,cloudflare,55.0,24.44
2026-09-14T09:33:29,Nam,VNPT,vultr_singapore,221.0,2.86
2026-09-14T09:33:29,Nam,VNPT,vultr_seoul,82.0,255.65
2026-09-14T09:33:29,Nam,VNPT,linode_singapore,50.0,157.91
2026-09-14T09:44:08,Nam,VNPT,cloudflare,53.0,24.02
2026-09-14T09:44:08,Nam,VNPT,vultr_singapore,261.0,2.63
2026-09-14T09:44:08,Nam,VNPT,vultr_seoul,84.0,12.28
2026-09-14T09:44:08,Nam,VNPT,linode_singapore,52.0,112.45
2026-09-14T09:55:00,Nam,VNPT,cloudflare,53.0,9.65
2026-09-14T09:55:00,Nam,VNPT,vultr_singapore,296.0,2.95
2026-09-14T09:55:00,Nam,VNPT,vultr_seoul,83.0,122.82
2026-09-14T09:55:00,Nam,VNPT,linode_singapore,52.0,178.26
2026-09-14T10:05:43,Nam,VNPT,cloudflare,53.0,25.22
2026-09-14T10:05:43,Nam,VNPT,vultr_singapore,239.0,2.78
2026-09-14T10:05:43,Nam,VNPT,vultr_seoul,83.0,200.7
2026-09-14T10:05:43,Nam,VNPT,linode_singapore,51.0,131.96
2026-09-14T10:16:23,Nam,VNPT,cloudflare,53.0,21.48
2026-09-14T10:16:23,Nam,VNPT,vultr_singapore,231.0,11.68
2026-09-14T10:16:23,Nam,VNPT,vultr_seoul,86.0,67.77
2026-09-14T10:16:23,Nam,VNPT,linode_singapore,50.0,158.33
2026-09-14T10:27:11,Nam,VNPT,cloudflare,52.0,31.03
2026-09-14T10:27:11,Nam,VNPT,vultr_singapore,235.0,9.4
2026-09-14T10:27:11,Nam,VNPT,vultr_seoul,88.0,220.9
2026-09-14T10:27:11,Nam,VNPT,linode_singapore,50.0,166.04
2026-09-14T10:37:49,Nam,VNPT,cloudflare,52.0,11.26
2026-09-14T10:37:49,Nam,VNPT,vultr_singapore,206.0,2.65
2026-09-14T10:37:49,Nam,VNPT,vultr_seoul,82.0,223.23
2026-09-14T10:37:49,Nam,VNPT,linode_singapore,48.0,247.55
2026-09-14T10:48:27,Nam,VNPT,cloudflare,52.0,29.29
2026-09-14T10:48:27,Nam,VNPT,vultr_singapore,481.0,0.79
2026-09-14T10:48:27,Nam,VNPT,vultr_seoul,86.0,247.88
2026-09-14T10:48:27,Nam,VNPT,linode_singapore,51.0,128.05
2026-09-14T10:59:10,Nam,VNPT,cloudflare,269.0,5.12
2026-09-14T10:59:10,Nam,VNPT,vultr_singapore,280.0,6.43
2026-09-14T10:59:10,Nam,VNPT,vultr_seoul,80.0,182.08
2026-09-14T10:59:10,Nam,VNPT,linode_singapore,59.0,100.59
2026-09-14T11:09:55,Nam,VNPT,cloudflare,55.0,8.37
2026-09-14T11:09:55,Nam,VNPT,vultr_singapore,258.0,2.9
2026-09-14T11:09:55,Nam,VNPT,vultr_seoul,84.0,242.71
2026-09-14T11:09:55,Nam,VNPT,linode_singapore,51.0,215.85
2026-09-14T11:20:34,Nam,VNPT,cloudflare,53.0,13.79
2026-09-14T11:20:34,Nam,VNPT,vultr_singapore,225.0,2.7
2026-09-14T11:20:34,Nam,VNPT,vultr_seoul,83.0,254.07
2026-09-14T11:20:34,Nam,VNPT,linode_singapore,51.0,163.04
2026-09-14T11:31:13,Nam,VNPT,cloudflare,52.0,17.3
2026-09-14T11:31:13,Nam,VNPT,vultr_singapore,256.0,2.79
2026-09-14T11:31:13,Nam,VNPT,vultr_seoul,91.0,130.94
2026-09-14T11:31:13,Nam,VNPT,linode_singapore,55.0,122.21
2026-09-14T11:41:56,Nam,VNPT,cloudflare,54.0,10.07
2026-09-14T11:41:56,Nam,VNPT,vultr_singapore,249.0,2.81
2026-09-14T11:41:56,Nam,VNPT,vultr_seoul,83.0,227.23
2026-09-14T11:41:56,Nam,VNPT,linode_singapore,51.0,113.02
2026-09-14T11:52:38,Nam,VNPT,cloudflare,54.0,13.12
2026-09-14T11:52:38,Nam,VNPT,vultr_singapore,246.0,13.71
2026-09-14T11:52:38,Nam,VNPT,vultr_seoul,81.0,221.89
2026-09-14T11:52:38,Nam,VNPT,linode_singapore,49.0,148.58
2026-09-14T12:03:18,Nam,VNPT,cloudflare,52.0,2.6
2026-09-14T12:03:18,Nam,VNPT,vultr_singapore,254.0,2.63
2026-09-14T12:03:18,Nam,VNPT,vultr_seoul,83.0,6.78
2026-09-14T12:03:18,Nam,VNPT,linode_singapore,51.0,140.8
2026-09-14T12:14:15,Nam,VNPT,cloudflare,52.0,1.92
2026-09-14T12:14:15,Nam,VNPT,vultr_singapore,209.0,2.71
2026-09-14T12:14:15,Nam,VNPT,vultr_seoul,80.0,187.21
2026-09-14T12:14:15,Nam,VNPT,linode_singapore,51.0,137.92
2026-09-14T12:25:03,Nam,VNPT,cloudflare,52.0,4.57
2026-09-14T12:25:03,Nam,VNPT,vultr_singapore,216.0,3.49
2026-09-14T12:25:03,Nam,VNPT,vultr_seoul,81.0,15.22
2026-09-14T12:25:03,Nam,VNPT,linode_singapore,51.0,226.51
2026-09-14T12:35:55,Nam,VNPT,cloudflare,52.0,1.85
2026-09-14T12:35:55,Nam,VNPT,vultr_singapore,240.0,2.84
2026-09-14T12:35:55,Nam,VNPT,vultr_seoul,82.0,15.62
2026-09-14T12:35:55,Nam,VNPT,linode_singapore,50.0,142.79
2026-09-14T12:46:54,Nam,VNPT,cloudflare,54.0,2.5
2026-09-14T12:46:54,Nam,VNPT,vultr_singapore,249.0,3.01
2026-09-14T12:46:54,Nam,VNPT,vultr_seoul,81.0,203.8
2026-09-14T12:46:54,Nam,VNPT,linode_singapore,50.0,149.38
2026-09-14T12:57:39,Nam,VNPT,cloudflare,53.0,5.37
2026-09-14T12:57:39,Nam,VNPT,vultr_singapore,239.0,2.68
2026-09-14T12:57:39,Nam,VNPT,vultr_seoul,84.0,216.39
2026-09-14T12:57:39,Nam,VNPT,linode_singapore,50.0,212.23
2026-09-14T13:08:19,Nam,VNPT,cloudflare,55.0,6.58
2026-09-14T13:08:19,Nam,VNPT,vultr_singapore,235.0,2.85
2026-09-14T13:08:19,Nam,VNPT,vultr_seoul,81.0,222.1
2026-09-14T13:08:19,Nam,VNPT,linode_singapore,50.0,4.17
2026-09-14T13:19:10,Nam,VNPT,cloudflare,88.0,4.19
2026-09-14T13:19:10,Nam,VNPT,vultr_singapore,280.0,2.92
2026-09-14T13:19:10,Nam,VNPT,vultr_seoul,81.0,226.41
2026-09-14T13:19:10,Nam,VNPT,linode_singapore,52.0,132.39
2026-09-14T13:29:54,Nam,VNPT,cloudflare,52.0,6.54
2026-09-14T13:29:54,Nam,VNPT,vultr_singapore,269.0,4.05
2026-09-14T13:29:54,Nam,VNPT,vultr_seoul,179.0,135.75
2026-09-14T13:29:54,Nam,VNPT,linode_singapore,51.0,126.28
2026-09-14T13:40:39,Nam,VNPT,cloudflare,52.0,4.98
2026-09-14T13:40:39,Nam,VNPT,vultr_singapore,274.0,2.83
2026-09-14T13:40:39,Nam,VNPT,vultr_seoul,81.0,214.58
2026-09-14T13:40:39,Nam,VNPT,linode_singapore,60.0,207.99
2026-09-14T13:51:20,Nam,VNPT,cloudflare,53.0,16.26
2026-09-14T13:51:20,Nam,VNPT,vultr_singapore,238.0,2.83
2026-09-14T13:51:20,Nam,VNPT,vultr_seoul,81.0,150.68
2026-09-14T13:51:20,Nam,VNPT,linode_singapore,88.0,8.24
2026-09-14T14:02:11,Nam,VNPT,cloudflare,53.0,5.27
2026-09-14T14:02:11,Nam,VNPT,vultr_singapore,221.0,2.88
2026-09-14T14:02:11,Nam,VNPT,vultr_seoul,83.0,261.71
2026-09-14T14:02:11,Nam,VNPT,linode_singapore,50.0,122.16
2026-09-14T14:12:53,Nam,VNPT,cloudflare,53.0,7.75
2026-09-14T14:12:53,Nam,VNPT,vultr_singapore,226.0,5.55
2026-09-14T14:12:53,Nam,VNPT,vultr_seoul,83.0,139.71
2026-09-14T14:12:53,Nam,VNPT,linode_singapore,51.0,246.73
2026-09-14T14:23:34,Nam,VNPT,cloudflare,51.0,8.01
2026-09-14T14:23:34,Nam,VNPT,vultr_singapore,231.0,2.89
2026-09-14T14:23:34,Nam,VNPT,vultr_seoul,83.0,245.17
2026-09-14T14:23:34,Nam,VNPT,linode_singapore,51.0,208.68
2026-09-14T14:34:12,Nam,VNPT,cloudflare,52.0,10.58
2026-09-14T14:34:12,Nam,VNPT,vultr_singapore,251.0,2.79
2026-09-14T14:34:12,Nam,VNPT,vultr_seoul,96.0,49.69
2026-09-14T14:34:12,Nam,VNPT,linode_singapore,51.0,159.13
2026-09-14T14:45:04,Nam,VNPT,cloudflare,51.0,5.61
2026-09-14T14:45:04,Nam,VNPT,vultr_singapore,224.0,7.18
2026-09-14T14:45:04,Nam,VNPT,vultr_seoul,83.0,189.33
2026-09-14T14:45:04,Nam,VNPT,linode_singapore,52.0,297.86
2026-09-14T14:55:43,Nam,VNPT,cloudflare,54.0,5.89
2026-09-14T14:55:43,Nam,VNPT,vultr_singapore,206.0,2.9
2026-09-14T14:55:43,Nam,VNPT,vultr_seoul,81.0,78.44
2026-09-14T14:55:43,Nam,VNPT,linode_singapore,51.0,65.36
2026-09-14T15:06:39,Nam,VNPT,cloudflare,54.0,6.94
2026-09-14T15:06:39,Nam,VNPT,vultr_singapore,253.0,45.65
2026-09-14T15:06:39,Nam,VNPT,vultr_seoul,83.0,73.42
2026-09-14T15:06:39,Nam,VNPT,linode_singapore,50.0,133.89
2026-09-14T18:42:52,Nam,VNPT,cloudflare,52.0,5.28
2026-09-14T18:42:52,Nam,VNPT,vultr_singapore,218.0,2.65
2026-09-14T18:42:52,Nam,VNPT,vultr_seoul,80.0,104.18
2026-09-14T18:42:52,Nam,VNPT,linode_singapore,49.0,127.61
2026-09-14T18:53:29,Nam,VNPT,cloudflare,52.0,9.17
2026-09-14T18:53:29,Nam,VNPT,vultr_singapore,207.0,2.73
2026-09-14T18:53:29,Nam,VNPT,vultr_seoul,82.0,120.24
2026-09-14T18:53:29,Nam,VNPT,linode_singapore,54.0,168.5
2026-09-14T19:04:12,Nam,VNPT,cloudflare,52.0,2.66
2026-09-14T19:04:12,Nam,VNPT,vultr_singapore,207.0,2.48
2026-09-14T19:04:12,Nam,VNPT,vultr_seoul,82.0,81.87
2026-09-14T19:04:12,Nam,VNPT,linode_singapore,49.0,184.74
2026-09-14T19:15:02,Nam,VNPT,cloudflare,86.0,1.3
2026-09-14T19:15:02,Nam,VNPT,vultr_singapore,207.0,2.58
2026-09-14T19:15:02,Nam,VNPT,vultr_seoul,84.0,28.81
2026-09-14T19:15:02,Nam,VNPT,linode_singapore,60.0,80.56
2026-09-14T19:26:09,Nam,VNPT,cloudflare,53.0,5.49
2026-09-14T19:26:09,Nam,VNPT,vultr_singapore,208.0,2.77
2026-09-14T19:26:09,Nam,VNPT,vultr_seoul,82.0,11.27
2026-09-14T19:26:09,Nam,VNPT,linode_singapore,50.0,185.72
2026-09-14T19:37:01,Nam,VNPT,cloudflare,51.0,1.97
2026-09-14T19:37:01,Nam,VNPT,vultr_singapore,207.0,2.68
2026-09-14T19:37:01,Nam,VNPT,vultr_seoul,87.0,23.1
2026-09-14T19:37:01,Nam,VNPT,linode_singapore,108.0,14.32
2026-09-14T19:48:09,Nam,VNPT,cloudflare,52.0,2.94
2026-09-14T19:48:09,Nam,VNPT,vultr_singapore,206.0,2.52
2026-09-14T19:48:09,Nam,VNPT,vultr_seoul,89.0,2.31
2026-09-14T19:48:09,Nam,VNPT,linode_singapore,51.0,112.46
2026-09-14T19:59:06,Nam,VNPT,cloudflare,62.0,2.29
2026-09-14T19:59:06,Nam,VNPT,vultr_singapore,206.0,9.51
2026-09-14T19:59:06,Nam,VNPT,vultr_seoul,81.0,4.81
2026-09-14T19:59:06,Nam,VNPT,linode_singapore,50.0,145.65
2026-09-14T20:10:03,Nam,VNPT,cloudflare,52.0,1.82
2026-09-14T20:10:03,Nam,VNPT,vultr_singapore,207.0,2.71
2026-09-14T20:10:03,Nam,VNPT,vultr_seoul,82.0,9.03
2026-09-14T20:10:03,Nam,VNPT,linode_singapore,50.0,104.29
2026-09-14T20:21:05,Nam,VNPT,cloudflare,51.0,2.48
2026-09-14T20:21:05,Nam,VNPT,vultr_singapore,206.0,2.5
2026-09-14T20:21:05,Nam,VNPT,vultr_seoul,81.0,1.47
2026-09-14T20:21:05,Nam,VNPT,linode_singapore,50.0,180.66
2026-09-14T20:32:00,Nam,VNPT,cloudflare,52.0,1.7
2026-09-14T20:32:00,Nam,VNPT,vultr_singapore,208.0,2.57
2026-09-14T20:32:00,Nam,VNPT,vultr_seoul,81.0,1.09
2026-09-14T20:32:00,Nam,VNPT,linode_singapore,50.0,130.57
2026-09-14T20:43:01,Nam,VNPT,cloudflare,49.0,1.18
2026-09-14T20:43:01,Nam,VNPT,vultr_singapore,206.0,2.56
2026-09-14T20:43:01,Nam,VNPT,vultr_seoul,82.0,2.18
2026-09-14T20:43:01,Nam,VNPT,linode_singapore,50.0,7.11
2026-09-14T20:54:14,Nam,VNPT,cloudflare,55.0,2.07
2026-09-14T20:54:14,Nam,VNPT,vultr_singapore,254.0,2.49
2026-09-14T20:54:14,Nam,VNPT,vultr_seoul,82.0,0.83
2026-09-14T20:54:14,Nam,VNPT,linode_singapore,50.0,67.09
2026-09-14T21:05:20,Nam,VNPT,cloudflare,53.0,2.75
2026-09-14T21:05:20,Nam,VNPT,vultr_singapore,206.0,2.52
2026-09-14T21:05:20,Nam,VNPT,vultr_seoul,82.0,6.15
2026-09-14T21:05:20,Nam,VNPT,linode_singapore,51.0,237.75
2026-09-14T21:16:14,Nam,VNPT,cloudflare,52.0,1.59
2026-09-14T21:16:14,Nam,VNPT,vultr_singapore,204.0,2.65
2026-09-14T21:16:14,Nam,VNPT,vultr_seoul,85.0,1.53
2026-09-14T21:16:14,Nam,VNPT,linode_singapore,50.0,236.69
2026-09-14T22:26:01,Nam,VNPT,cloudflare,53.0,4.01
2026-09-14T22:26:01,Nam,VNPT,vultr_singapore,248.0,2.62
2026-09-14T22:26:01,Nam,VNPT,vultr_seoul,82.0,225.54
2026-09-14T22:26:01,Nam,VNPT,linode_singapore,47.0,130.27
2026-09-14T22:36:44,Nam,VNPT,cloudflare,52.0,3.12
2026-09-14T22:36:44,Nam,VNPT,vultr_singapore,260.0,6.42
2026-09-14T22:36:44,Nam,VNPT,vultr_seoul,82.0,248.05
2026-09-14T22:36:44,Nam,VNPT,linode_singapore,50.0,158.6
2026-09-14T22:47:27,Nam,VNPT,cloudflare,52.0,3.11
2026-09-14T22:47:27,Nam,VNPT,vultr_singapore,236.0,2.53
2026-09-14T22:47:27,Nam,VNPT,vultr_seoul,80.0,238.54
2026-09-14T22:47:27,Nam,VNPT,linode_singapore,50.0,221.96
2026-09-14T22:58:09,Nam,VNPT,cloudflare,54.0,8.3
2026-09-14T22:58:09,Nam,VNPT,vultr_singapore,239.0,2.93
2026-09-14T22:58:09,Nam,VNPT,vultr_seoul,87.0,246.21
2026-09-14T22:58:09,Nam,VNPT,linode_singapore,50.0,179.96
2026-09-14T23:08:48,Nam,VNPT,cloudflare,53.0,6.4
2026-09-14T23:08:48,Nam,VNPT,vultr_singapore,303.0,2.94
2026-09-14T23:08:48,Nam,VNPT,vultr_seoul,82.0,252.83
2026-09-14T23:08:48,Nam,VNPT,linode_singapore,53.0,176.51
2026-09-14T23:19:28,Nam,VNPT,cloudflare,221.0,4.82
2026-09-14T23:19:28,Nam,VNPT,vultr_singapore,294.0,2.65
2026-09-14T23:19:28,Nam,VNPT,vultr_seoul,265.0,83.04
2026-09-14T23:19:28,Nam,VNPT,linode_singapore,50.0,20.33
2026-09-15T08:09:55,Nam,VNPT,cloudflare,79.0,13.34
2026-09-15T08:09:55,Nam,VNPT,vultr_singapore,114.0,4.52
2026-09-15T08:09:55,Nam,VNPT,vultr_seoul,132.0,45.34
2026-09-15T08:09:55,Nam,VNPT,linode_singapore,115.0,9.28
2026-09-15T08:20:55,Nam,VNPT,cloudflare,135.0,8.08
2026-09-15T08:20:55,Nam,VNPT,vultr_singapore,102.0,2.45
2026-09-15T08:20:55,Nam,VNPT,vultr_seoul,144.0,7.85
2026-09-15T08:20:55,Nam,VNPT,linode_singapore,72.0,1.84
2026-09-15T08:31:57,Nam,VNPT,cloudflare,109.0,5.96
2026-09-15T08:31:57,Nam,VNPT,vultr_singapore,67.0,20.06
2026-09-15T08:31:57,Nam,VNPT,vultr_seoul,140.0,2.22
2026-09-15T08:31:57,Nam,VNPT,linode_singapore,84.0,8.23
2026-09-15T08:42:59,Nam,VNPT,cloudflare,93.0,13.08
2026-09-15T08:42:59,Nam,VNPT,vultr_singapore,93.0,8.48
2026-09-15T08:42:59,Nam,VNPT,vultr_seoul,127.0,68.21
2026-09-15T08:42:59,Nam,VNPT,linode_singapore,89.0,8.24
2026-09-15T08:53:56,Nam,VNPT,cloudflare,129.0,13.86
2026-09-15T08:53:56,Nam,VNPT,vultr_singapore,100.0,5.82
2026-09-15T08:53:56,Nam,VNPT,vultr_seoul,118.0,84.77
2026-09-15T08:53:56,Nam,VNPT,linode_singapore,288.0,9.04
2026-09-15T09:04:52,Nam,VNPT,cloudflare,94.0,7.32
2026-09-15T09:04:52,Nam,VNPT,vultr_singapore,110.0,6.74
2026-09-15T09:04:52,Nam,VNPT,vultr_seoul,172.0,96.55
2026-09-15T09:04:52,Nam,VNPT,linode_singapore,122.0,86.24
2026-09-15T09:15:42,Nam,VNPT,cloudflare,108.0,7.19
2026-09-15T09:15:42,Nam,VNPT,vultr_singapore,89.0,6.24
2026-09-15T09:15:42,Nam,VNPT,vultr_seoul,133.0,30.33
2026-09-15T09:15:42,Nam,VNPT,linode_singapore,109.0,2.9
2026-09-15T09:26:44,Nam,VNPT,cloudflare,94.0,8.19
2026-09-15T09:26:44,Nam,VNPT,vultr_singapore,52.0,5.98
2026-09-15T09:26:44,Nam,VNPT,vultr_seoul,126.0,6.57
2026-09-15T09:26:44,Nam,VNPT,linode_singapore,89.0,1.83
2026-09-15T09:37:46,Nam,VNPT,cloudflare,84.0,5.09
2026-09-15T09:37:46,Nam,VNPT,vultr_singapore,96.0,18.06
2026-09-15T09:37:46,Nam,VNPT,vultr_seoul,137.0,36.03
2026-09-15T09:37:46,Nam,VNPT,linode_singapore,130.0,50.72
2026-09-15T09:48:49,Nam,VNPT,cloudflare,148.0,5.96
2026-09-15T09:48:49,Nam,VNPT,vultr_singapore,102.0,7.03
2026-09-15T09:48:49,Nam,VNPT,vultr_seoul,187.0,12.09
2026-09-15T09:48:49,Nam,VNPT,linode_singapore,140.0,12.95
2026-09-15T09:59:53,Nam,VNPT,cloudflare,111.0,4.39
2026-09-15T09:59:53,Nam,VNPT,vultr_singapore,109.0,7.19
2026-09-15T09:59:53,Nam,VNPT,vultr_seoul,120.0,70.04
2026-09-15T09:59:53,Nam,VNPT,linode_singapore,74.0,2.02
2026-09-15T10:10:53,Nam,VNPT,cloudflare,115.0,7.62
2026-09-15T10:10:53,Nam,VNPT,vultr_singapore,152.0,5.69
2026-09-15T10:10:53,Nam,VNPT,vultr_seoul,177.0,56.41
2026-09-15T10:10:53,Nam,VNPT,linode_singapore,98.0,3.0
2026-09-15T10:21:54,Nam,VNPT,cloudflare,125.0,5.38
2026-09-15T10:21:54,Nam,VNPT,vultr_singapore,183.0,9.5
2026-09-15T10:21:54,Nam,VNPT,vultr_seoul,158.0,37.81
2026-09-15T10:21:54,Nam,VNPT,linode_singapore,75.0,1.72
2026-09-15T10:32:57,Nam,VNPT,cloudflare,559.0,3.77
2026-09-15T10:32:57,Nam,VNPT,vultr_singapore,115.0,8.47
2026-09-15T10:32:57,Nam,VNPT,vultr_seoul,183.0,32.03
2026-09-15T10:32:57,Nam,VNPT,linode_singapore,354.0,30.85
2026-09-15T10:44:01,Nam,VNPT,cloudflare,256.0,5.01
2026-09-15T10:44:01,Nam,VNPT,vultr_singapore,508.0,4.64
2026-09-15T10:44:01,Nam,VNPT,vultr_seoul,198.0,10.37
2026-09-15T10:44:01,Nam,VNPT,linode_singapore,156.0,9.84
2026-09-15T10:55:05,Nam,VNPT,cloudflare,137.0,12.04
2026-09-15T10:55:05,Nam,VNPT,vultr_singapore,277.0,5.61
2026-09-15T10:55:05,Nam,VNPT,vultr_seoul,155.0,8.85
2026-09-15T10:55:05,Nam,VNPT,linode_singapore,96.0,2.68
2026-09-15T11:06:06,Nam,VNPT,cloudflare,91.0,5.66
2026-09-15T11:06:06,Nam,VNPT,vultr_singapore,162.0,2.38
2026-09-15T11:06:06,Nam,VNPT,vultr_seoul,183.0,10.18
2026-09-15T11:06:06,Nam,VNPT,linode_singapore,165.0,7.97
2026-09-15T11:17:08,Nam,VNPT,cloudflare,107.0,1.82
2026-09-15T11:17:08,Nam,VNPT,vultr_singapore,115.0,5.84
2026-09-15T11:17:08,Nam,VNPT,vultr_seoul,197.0,1.74
2026-09-15T11:17:08,Nam,VNPT,linode_singapore,96.0,2.14
2026-09-15T11:28:17,Nam,VNPT,cloudflare,147.0,6.61
2026-09-15T11:28:17,Nam,VNPT,vultr_singapore,281.0,6.94
2026-09-15T11:28:17,Nam,VNPT,vultr_seoul,231.0,1.43
2026-09-15T11:28:17,Nam,VNPT,linode_singapore,654.0,32.93
2026-09-15T17:06:36,Nam,VNPT,cloudflare,65.0,17.88
2026-09-15T17:06:36,Nam,VNPT,vultr_singapore,38.0,56.01
2026-09-15T17:06:36,Nam,VNPT,vultr_seoul,132.0,9.21
2026-09-15T17:06:36,Nam,VNPT,linode_singapore,64.0,32.75
2026-09-15T17:17:36,Nam,VNPT,cloudflare,124.0,19.92
2026-09-15T17:17:36,Nam,VNPT,vultr_singapore,73.0,10.97
2026-09-15T17:17:36,Nam,VNPT,vultr_seoul,141.0,45.67
2026-09-15T17:17:36,Nam,VNPT,linode_singapore,66.0,4.46
2026-09-15T17:28:36,Nam,VNPT,cloudflare,55.0,19.09
2026-09-15T17:28:36,Nam,VNPT,vultr_singapore,50.0,13.54
2026-09-15T17:28:36,Nam,VNPT,vultr_seoul,110.0,86.54
2026-09-15T17:28:36,Nam,VNPT,linode_singapore,46.0,18.5
2026-09-15T22:58:07,Nam,VNPT,cloudflare,249.0,2.64
2026-09-15T22:58:07,Nam,VNPT,vultr_singapore,54.0,7.38
2026-09-15T22:58:07,Nam,VNPT,vultr_seoul,109.0,11.56
2026-09-15T22:58:07,Nam,VNPT,linode_singapore,52.0,18.03
2026-09-16T07:05:39,Nam,VNPT,cloudflare,58.0,17.82
2026-09-16T07:05:39,Nam,VNPT,vultr_singapore,75.0,6.54
2026-09-16T07:05:39,Nam,VNPT,vultr_seoul,153.0,14.05
2026-09-16T07:05:39,Nam,VNPT,linode_singapore,49.0,19.56
2026-09-16T07:16:38,Nam,VNPT,cloudflare,58.0,19.09
2026-09-16T07:16:38,Nam,VNPT,vultr_singapore,56.0,10.0
2026-09-16T07:16:38,Nam,VNPT,vultr_seoul,127.0,28.64
2026-09-16T07:16:38,Nam,VNPT,linode_singapore,53.0,19.1
2026-09-16T07:27:38,Nam,VNPT,cloudflare,50.0,23.5
2026-09-16T07:27:38,Nam,VNPT,vultr_singapore,54.0,17.04
2026-09-16T07:27:38,Nam,VNPT,vultr_seoul,136.0,24.98
2026-09-16T07:27:38,Nam,VNPT,linode_singapore,50.0,16.84
2026-09-16T07:38:38,Nam,VNPT,cloudflare,52.0,19.21
2026-09-16T07:38:38,Nam,VNPT,vultr_singapore,55.0,7.13
2026-09-16T07:38:38,Nam,VNPT,vultr_seoul,185.0,4.81
2026-09-16T07:38:38,Nam,VNPT,linode_singapore,50.0,39.02
2026-09-16T07:49:38,Nam,VNPT,cloudflare,53.0,24.53
2026-09-16T07:49:38,Nam,VNPT,vultr_singapore,56.0,12.87
2026-09-16T07:49:38,Nam,VNPT,vultr_seoul,190.0,21.49
2026-09-16T07:49:38,Nam,VNPT,linode_singapore,49.0,63.27
2026-09-16T08:00:36,Nam,VNPT,cloudflare,57.0,17.86
2026-09-16T08:00:36,Nam,VNPT,vultr_singapore,72.0,6.15
2026-09-16T08:00:36,Nam,VNPT,vultr_seoul,164.0,40.44
2026-09-16T08:00:36,Nam,VNPT,linode_singapore,65.0,35.2
2026-09-16T08:11:39,Nam,VNPT,cloudflare,52.0,15.6
2026-09-16T08:11:39,Nam,VNPT,vultr_singapore,54.0,26.76
2026-09-16T08:11:39,Nam,VNPT,vultr_seoul,162.0,50.78
2026-09-16T08:11:39,Nam,VNPT,linode_singapore,52.0,58.08
2026-09-16T08:22:38,Nam,VNPT,cloudflare,55.0,20.06
2026-09-16T08:22:38,Nam,VNPT,vultr_singapore,56.0,2.67
2026-09-16T08:22:38,Nam,VNPT,vultr_seoul,166.0,42.85
2026-09-16T08:22:38,Nam,VNPT,linode_singapore,52.0,50.64
2026-09-16T08:33:38,Nam,VNPT,cloudflare,50.0,18.25
2026-09-16T08:33:38,Nam,VNPT,vultr_singapore,55.0,6.46
2026-09-16T08:33:38,Nam,VNPT,vultr_seoul,203.0,4.91
2026-09-16T08:33:38,Nam,VNPT,linode_singapore,50.0,16.41
2026-09-16T08:44:38,Nam,VNPT,cloudflare,52.0,15.39
2026-09-16T08:44:38,Nam,VNPT,vultr_singapore,56.0,2.87
2026-09-16T08:44:38,Nam,VNPT,vultr_seoul,134.0,11.9
2026-09-16T08:44:38,Nam,VNPT,linode_singapore,79.0,11.32
2026-09-16T08:55:38,Nam,VNPT,cloudflare,52.0,16.02
2026-09-16T08:55:38,Nam,VNPT,vultr_singapore,84.0,5.67
2026-09-16T08:55:38,Nam,VNPT,vultr_seoul,153.0,5.13
2026-09-16T08:55:38,Nam,VNPT,linode_singapore,50.0,17.5
2026-09-16T09:06:38,Nam,VNPT,cloudflare,50.0,12.39
2026-09-16T09:06:38,Nam,VNPT,vultr_singapore,55.0,5.84
2026-09-16T09:06:38,Nam,VNPT,vultr_seoul,117.0,11.26
2026-09-16T09:06:38,Nam,VNPT,linode_singapore,58.0,17.56
2026-09-16T09:17:38,Nam,VNPT,cloudflare,57.0,18.2
2026-09-16T09:17:38,Nam,VNPT,vultr_singapore,55.0,9.56
2026-09-16T09:17:38,Nam,VNPT,vultr_seoul,140.0,12.66
2026-09-16T09:17:38,Nam,VNPT,linode_singapore,50.0,34.16
2026-09-16T09:28:37,Nam,VNPT,cloudflare,52.0,15.55
2026-09-16T09:28:37,Nam,VNPT,vultr_singapore,57.0,6.23
2026-09-16T09:28:37,Nam,VNPT,vultr_seoul,111.0,22.68
2026-09-16T09:28:37,Nam,VNPT,linode_singapore,87.0,14.55
2026-09-16T09:39:37,Nam,VNPT,cloudflare,54.0,13.45
2026-09-16T09:39:37,Nam,VNPT,vultr_singapore,58.0,11.71
2026-09-16T09:39:37,Nam,VNPT,vultr_seoul,157.0,16.47
2026-09-16T09:39:37,Nam,VNPT,linode_singapore,62.0,36.36
2026-09-16T09:50:37,Nam,VNPT,cloudflare,53.0,18.74
2026-09-16T09:50:37,Nam,VNPT,vultr_singapore,53.0,35.66
2026-09-16T09:50:37,Nam,VNPT,vultr_seoul,346.0,2.32
2026-09-16T09:50:37,Nam,VNPT,linode_singapore,63.0,21.13
2026-09-16T10:01:41,Nam,VNPT,cloudflare,50.0,22.01
2026-09-16T10:01:41,Nam,VNPT,vultr_singapore,52.0,7.95
2026-09-16T10:01:41,Nam,VNPT,vultr_seoul,139.0,24.94
2026-09-16T10:01:41,Nam,VNPT,linode_singapore,78.0,25.6
2026-09-16T10:04:10,Nam,VNPT,cloudflare,60.0,21.1
2026-09-16T10:04:10,Nam,VNPT,vultr_singapore,214.0,11.81
2026-09-16T10:04:10,Nam,VNPT,vultr_seoul,108.0,25.02
2026-09-16T10:04:10,Nam,VNPT,linode_singapore,58.0,88.74
2026-09-16T10:15:04,Nam,VNPT,cloudflare,74.0,19.66
2026-09-16T10:15:04,Nam,VNPT,vultr_singapore,214.0,2.78
2026-09-16T10:15:04,Nam,VNPT,vultr_seoul,108.0,94.66
2026-09-16T10:15:04,Nam,VNPT,linode_singapore,59.0,40.37
2026-09-16T10:25:57,Nam,VNPT,cloudflare,62.0,18.59
2026-09-16T10:25:57,Nam,VNPT,vultr_singapore,216.0,2.51
2026-09-16T10:25:57,Nam,VNPT,vultr_seoul,109.0,78.23
2026-09-16T10:25:57,Nam,VNPT,linode_singapore,55.0,101.51
2026-09-16T10:36:46,Nam,VNPT,cloudflare,62.0,19.52
2026-09-16T10:36:46,Nam,VNPT,vultr_singapore,214.0,2.11
2026-09-16T10:36:46,Nam,VNPT,vultr_seoul,108.0,62.18
2026-09-16T10:36:46,Nam,VNPT,linode_singapore,58.0,112.4
2026-09-16T10:47:37,Nam,VNPT,cloudflare,63.0,20.23
2026-09-16T10:47:37,Nam,VNPT,vultr_singapore,215.0,2.55
2026-09-16T10:47:37,Nam,VNPT,vultr_seoul,108.0,6.38
2026-09-16T10:47:37,Nam,VNPT,linode_singapore,59.0,49.79
2026-09-16T10:58:37,Nam,VNPT,cloudflare,61.0,18.97
2026-09-16T10:58:37,Nam,VNPT,vultr_singapore,215.0,11.08
2026-09-16T10:58:37,Nam,VNPT,vultr_seoul,107.0,118.91
2026-09-16T10:58:37,Nam,VNPT,linode_singapore,56.0,102.76
2026-09-16T11:09:23,Nam,VNPT,cloudflare,67.0,19.48
2026-09-16T11:09:23,Nam,VNPT,vultr_singapore,215.0,2.61
2026-09-16T11:09:23,Nam,VNPT,vultr_seoul,106.0,88.58
2026-09-16T11:09:23,Nam,VNPT,linode_singapore,61.0,49.56
2026-09-16T11:20:17,Nam,VNPT,cloudflare,60.0,21.66
2026-09-16T11:20:17,Nam,VNPT,vultr_singapore,215.0,2.52
2026-09-16T11:20:17,Nam,VNPT,vultr_seoul,107.0,135.1
2026-09-16T11:20:17,Nam,VNPT,linode_singapore,57.0,67.49
2026-09-16T11:31:05,Nam,VNPT,cloudflare,61.0,19.34
2026-09-16T11:31:05,Nam,VNPT,vultr_singapore,216.0,2.76
2026-09-16T11:31:05,Nam,VNPT,vultr_seoul,113.0,34.74
2026-09-16T11:31:05,Nam,VNPT,linode_singapore,58.0,31.52
2026-09-16T11:42:05,Nam,VNPT,cloudflare,63.0,20.42
2026-09-16T11:42:05,Nam,VNPT,vultr_singapore,221.0,2.71
2026-09-16T11:42:05,Nam,VNPT,vultr_seoul,108.0,56.28
2026-09-16T11:42:05,Nam,VNPT,linode_singapore,72.0,28.43
2026-09-16T11:53:05,Nam,VNPT,cloudflare,62.0,14.97
2026-09-16T11:53:05,Nam,VNPT,vultr_singapore,215.0,2.73
2026-09-16T11:53:05,Nam,VNPT,vultr_seoul,107.0,78.29
2026-09-16T11:53:05,Nam,VNPT,linode_singapore,57.0,28.58
2026-09-16T12:04:01,Nam,VNPT,cloudflare,64.0,16.77
2026-09-16T12:04:01,Nam,VNPT,vultr_singapore,214.0,2.46
2026-09-16T12:04:01,Nam,VNPT,vultr_seoul,110.0,15.7
2026-09-16T12:04:01,Nam,VNPT,linode_singapore,63.0,25.89
2026-09-16T12:15:01,Nam,VNPT,cloudflare,67.0,17.8
2026-09-16T12:15:01,Nam,VNPT,vultr_singapore,219.0,2.75
2026-09-16T12:15:01,Nam,VNPT,vultr_seoul,113.0,93.75
2026-09-16T12:15:01,Nam,VNPT,linode_singapore,66.0,27.25
2026-09-16T12:25:55,Nam,VNPT,cloudflare,64.0,19.26
2026-09-16T12:25:55,Nam,VNPT,vultr_singapore,222.0,2.61
2026-09-16T12:25:55,Nam,VNPT,vultr_seoul,108.0,72.73
2026-09-16T12:25:55,Nam,VNPT,linode_singapore,65.0,66.75
2026-09-16T12:36:49,Nam,VNPT,cloudflare,63.0,21.06
2026-09-16T12:36:49,Nam,VNPT,vultr_singapore,216.0,33.44
2026-09-16T12:36:49,Nam,VNPT,vultr_seoul,110.0,93.6
2026-09-16T12:36:49,Nam,VNPT,linode_singapore,58.0,87.23
2026-09-16T12:47:38,Nam,VNPT,cloudflare,62.0,17.51
2026-09-16T12:47:38,Nam,VNPT,vultr_singapore,214.0,2.65
2026-09-16T12:47:38,Nam,VNPT,vultr_seoul,108.0,79.25
2026-09-16T12:47:38,Nam,VNPT,linode_singapore,58.0,55.54
2026-09-16T12:58:33,Nam,VNPT,cloudflare,64.0,18.69
2026-09-16T12:58:33,Nam,VNPT,vultr_singapore,218.0,2.73
2026-09-16T12:58:33,Nam,VNPT,vultr_seoul,109.0,72.24
2026-09-16T12:58:33,Nam,VNPT,linode_singapore,58.0,63.02
2026-09-16T13:09:28,Nam,VNPT,cloudflare,62.0,17.97
2026-09-16T13:09:28,Nam,VNPT,vultr_singapore,220.0,2.41
2026-09-16T13:09:28,Nam,VNPT,vultr_seoul,114.0,15.04
2026-09-16T13:09:28,Nam,VNPT,linode_singapore,59.0,28.69
2026-09-16T13:20:28,Nam,VNPT,cloudflare,61.0,16.65
2026-09-16T13:20:28,Nam,VNPT,vultr_singapore,217.0,2.52
2026-09-16T13:20:28,Nam,VNPT,vultr_seoul,107.0,56.95
2026-09-16T13:20:28,Nam,VNPT,linode_singapore,64.0,66.15
2026-09-16T13:31:26,Nam,VNPT,cloudflare,63.0,16.62
2026-09-16T13:31:26,Nam,VNPT,vultr_singapore,216.0,2.57
2026-09-16T13:31:26,Nam,VNPT,vultr_seoul,113.0,65.91
2026-09-16T13:31:26,Nam,VNPT,linode_singapore,57.0,33.69
2026-09-16T13:42:23,Nam,VNPT,cloudflare,64.0,19.39
2026-09-16T13:42:23,Nam,VNPT,vultr_singapore,222.0,2.57
2026-09-16T13:42:23,Nam,VNPT,vultr_seoul,107.0,44.57
2026-09-16T13:42:23,Nam,VNPT,linode_singapore,58.0,37.96
2026-09-16T13:53:23,Nam,VNPT,cloudflare,62.0,16.29
2026-09-16T13:53:23,Nam,VNPT,vultr_singapore,215.0,2.59
2026-09-16T13:53:23,Nam,VNPT,vultr_seoul,109.0,15.09
2026-09-16T13:53:23,Nam,VNPT,linode_singapore,59.0,46.58
2026-09-16T14:04:23,Nam,VNPT,cloudflare,60.0,18.06
2026-09-16T14:04:23,Nam,VNPT,vultr_singapore,215.0,2.54
2026-09-16T14:04:23,Nam,VNPT,vultr_seoul,108.0,47.17
2026-09-16T14:04:23,Nam,VNPT,linode_singapore,62.0,55.87
2026-09-16T14:15:23,Nam,VNPT,cloudflare,61.0,19.89
2026-09-16T14:15:23,Nam,VNPT,vultr_singapore,224.0,2.69
2026-09-16T14:15:23,Nam,VNPT,vultr_seoul,109.0,55.82
2026-09-16T14:15:23,Nam,VNPT,linode_singapore,60.0,92.73
2026-09-16T14:26:17,Nam,VNPT,cloudflare,64.0,16.97
2026-09-16T14:26:17,Nam,VNPT,vultr_singapore,214.0,2.68
2026-09-16T14:26:17,Nam,VNPT,vultr_seoul,109.0,57.68
2026-09-16T14:26:17,Nam,VNPT,linode_singapore,58.0,98.35
2026-09-16T14:37:10,Nam,VNPT,cloudflare,61.0,19.49
2026-09-16T14:37:10,Nam,VNPT,vultr_singapore,214.0,2.63
2026-09-16T14:37:10,Nam,VNPT,vultr_seoul,107.0,103.68
2026-09-16T14:37:10,Nam,VNPT,linode_singapore,58.0,85.27
2026-09-16T14:47:57,Nam,VNPT,cloudflare,62.0,19.25
2026-09-16T14:47:57,Nam,VNPT,vultr_singapore,215.0,10.59
2026-09-16T14:47:57,Nam,VNPT,vultr_seoul,107.0,38.53
2026-09-16T14:47:57,Nam,VNPT,linode_singapore,56.0,41.46
2026-09-16T14:58:57,Nam,VNPT,cloudflare,61.0,17.66
2026-09-16T14:58:57,Nam,VNPT,vultr_singapore,230.0,2.7
2026-09-16T14:58:57,Nam,VNPT,vultr_seoul,108.0,103.16
2026-09-16T14:58:57,Nam,VNPT,linode_singapore,56.0,86.49
2026-09-16T15:09:45,Nam,VNPT,cloudflare,60.0,18.5
2026-09-16T15:09:45,Nam,VNPT,vultr_singapore,215.0,2.64
2026-09-16T15:09:45,Nam,VNPT,vultr_seoul,111.0,108.06
2026-09-16T15:09:45,Nam,VNPT,linode_singapore,58.0,97.81
2026-09-16T15:20:31,Nam,VNPT,cloudflare,60.0,21.62
2026-09-16T15:20:31,Nam,VNPT,vultr_singapore,216.0,2.5
2026-09-16T15:20:31,Nam,VNPT,vultr_seoul,108.0,101.83
2026-09-16T15:20:31,Nam,VNPT,linode_singapore,58.0,72.99
2026-09-16T15:31:21,Nam,VNPT,cloudflare,63.0,16.15
2026-09-16T15:31:21,Nam,VNPT,vultr_singapore,215.0,2.61
2026-09-16T15:31:21,Nam,VNPT,vultr_seoul,111.0,96.69
2026-09-16T15:31:21,Nam,VNPT,linode_singapore,58.0,75.41
2026-09-16T15:42:11,Nam,VNPT,cloudflare,64.0,17.7
2026-09-16T15:42:11,Nam,VNPT,vultr_singapore,215.0,2.94
2026-09-16T15:42:11,Nam,VNPT,vultr_seoul,108.0,10.62
2026-09-16T15:42:11,Nam,VNPT,linode_singapore,58.0,28.45
2026-09-16T15:53:11,Nam,VNPT,cloudflare,60.0,20.51
2026-09-16T15:53:11,Nam,VNPT,vultr_singapore,214.0,2.43
2026-09-16T15:53:11,Nam,VNPT,vultr_seoul,109.0,25.15
2026-09-16T15:53:11,Nam,VNPT,linode_singapore,57.0,54.23
2026-09-16T16:04:11,Nam,VNPT,cloudflare,63.0,17.89
2026-09-16T16:04:11,Nam,VNPT,vultr_singapore,215.0,2.62
2026-09-16T16:04:11,Nam,VNPT,vultr_seoul,109.0,57.06
2026-09-16T16:04:11,Nam,VNPT,linode_singapore,60.0,77.24
2026-09-16T16:15:06,Nam,VNPT,cloudflare,64.0,22.7
2026-09-16T16:15:06,Nam,VNPT,vultr_singapore,215.0,2.72
2026-09-16T16:15:06,Nam,VNPT,vultr_seoul,108.0,66.66
2026-09-16T16:15:06,Nam,VNPT,linode_singapore,57.0,69.69
2026-09-16T16:26:01,Nam,VNPT,cloudflare,60.0,19.47
2026-09-16T16:26:01,Nam,VNPT,vultr_singapore,216.0,2.56
2026-09-16T16:26:01,Nam,VNPT,vultr_seoul,108.0,114.61
2026-09-16T16:26:01,Nam,VNPT,linode_singapore,59.0,82.06
2026-09-16T16:36:49,Nam,VNPT,cloudflare,66.0,16.64
2026-09-16T16:36:49,Nam,VNPT,vultr_singapore,215.0,2.6
2026-09-16T16:36:49,Nam,VNPT,vultr_seoul,109.0,108.79
2026-09-16T16:36:49,Nam,VNPT,linode_singapore,57.0,68.95
2026-09-16T17:53:21,Nam,VNPT,cloudflare,61.0,18.69
2026-09-16T17:53:21,Nam,VNPT,vultr_singapore,214.0,2.65
2026-09-16T17:53:21,Nam,VNPT,vultr_seoul,107.0,223.61
2026-09-16T17:53:21,Nam,VNPT,linode_singapore,55.0,178.65
2026-09-16T18:03:59,Nam,VNPT,cloudflare,62.0,13.88
2026-09-16T18:03:59,Nam,VNPT,vultr_singapore,213.0,2.63
2026-09-16T18:03:59,Nam,VNPT,vultr_seoul,108.0,208.3
2026-09-16T18:03:59,Nam,VNPT,linode_singapore,59.0,94.26
2026-09-16T18:14:41,Nam,VNPT,cloudflare,61.0,18.89
2026-09-16T18:14:41,Nam,VNPT,vultr_singapore,214.0,2.52
2026-09-16T18:14:41,Nam,VNPT,vultr_seoul,109.0,189.81
2026-09-16T18:14:41,Nam,VNPT,linode_singapore,59.0,157.12
2026-09-16T18:25:21,Nam,VNPT,cloudflare,62.0,17.13
2026-09-16T18:25:21,Nam,VNPT,vultr_singapore,214.0,2.45
2026-09-16T18:25:21,Nam,VNPT,vultr_seoul,108.0,201.65
2026-09-16T18:25:21,Nam,VNPT,linode_singapore,58.0,128.04
2026-09-16T18:36:01,Nam,VNPT,cloudflare,61.0,21.67
2026-09-16T18:36:01,Nam,VNPT,vultr_singapore,213.0,2.53
2026-09-16T18:36:01,Nam,VNPT,vultr_seoul,108.0,180.81
2026-09-16T18:36:01,Nam,VNPT,linode_singapore,57.0,107.07
2026-09-16T18:46:43,Nam,VNPT,cloudflare,60.0,18.64
2026-09-16T18:46:43,Nam,VNPT,vultr_singapore,214.0,2.64
2026-09-16T18:46:43,Nam,VNPT,vultr_seoul,107.0,138.7
2026-09-16T18:46:43,Nam,VNPT,linode_singapore,55.0,184.45
2026-09-16T18:57:23,Nam,VNPT,cloudflare,61.0,18.31
2026-09-16T18:57:23,Nam,VNPT,vultr_singapore,214.0,4.59
2026-09-16T18:57:23,Nam,VNPT,vultr_seoul,110.0,93.34
2026-09-16T18:57:23,Nam,VNPT,linode_singapore,56.0,109.34
2026-09-16T19:08:09,Nam,VNPT,cloudflare,61.0,19.08
2026-09-16T19:08:09,Nam,VNPT,vultr_singapore,214.0,6.52
2026-09-16T19:08:09,Nam,VNPT,vultr_seoul,108.0,208.57
2026-09-16T19:08:09,Nam,VNPT,linode_singapore,56.0,80.43
2026-09-16T19:18:53,Nam,VNPT,cloudflare,62.0,19.1
2026-09-16T19:18:53,Nam,VNPT,vultr_singapore,213.0,2.62
2026-09-16T19:18:53,Nam,VNPT,vultr_seoul,108.0,161.36
2026-09-16T19:18:53,Nam,VNPT,linode_singapore,58.0,129.48
2026-09-16T19:29:35,Nam,VNPT,cloudflare,61.0,19.54
2026-09-16T19:29:35,Nam,VNPT,vultr_singapore,218.0,2.66
2026-09-16T19:29:35,Nam,VNPT,vultr_seoul,109.0,176.11
2026-09-16T19:29:35,Nam,VNPT,linode_singapore,57.0,140.95
2026-09-16T19:40:18,Nam,VNPT,cloudflare,80.0,9.4
2026-09-16T19:40:18,Nam,VNPT,vultr_singapore,263.0,2.45
2026-09-16T19:40:18,Nam,VNPT,vultr_seoul,119.0,198.41
2026-09-16T19:40:18,Nam,VNPT,linode_singapore,66.0,125.7
2026-09-16T19:50:59,Nam,VNPT,cloudflare,73.0,18.78
2026-09-16T19:50:59,Nam,VNPT,vultr_singapore,215.0,2.55
2026-09-16T19:50:59,Nam,VNPT,vultr_seoul,108.0,115.92
2026-09-16T19:50:59,Nam,VNPT,linode_singapore,57.0,4.54
2026-09-16T20:01:51,Nam,VNPT,cloudflare,74.0,18.06
2026-09-16T20:01:51,Nam,VNPT,vultr_singapore,216.0,2.64
2026-09-16T20:01:51,Nam,VNPT,vultr_seoul,110.0,110.38
2026-09-16T20:01:51,Nam,VNPT,linode_singapore,73.0,21.94
2026-09-16T20:12:44,Nam,VNPT,cloudflare,60.0,19.09
2026-09-16T20:12:44,Nam,VNPT,vultr_singapore,265.0,1.02
2026-09-16T20:12:44,Nam,VNPT,vultr_seoul,140.0,21.09
2026-09-16T20:12:44,Nam,VNPT,linode_singapore,73.0,140.8
2026-09-16T20:23:34,Nam,VNPT,cloudflare,190.0,18.57
2026-09-16T20:23:34,Nam,VNPT,vultr_singapore,214.0,2.67
2026-09-16T20:23:34,Nam,VNPT,vultr_seoul,119.0,143.09
2026-09-16T20:23:34,Nam,VNPT,linode_singapore,56.0,193.07
2026-09-16T20:34:15,Nam,VNPT,cloudflare,69.0,10.86
2026-09-16T20:34:15,Nam,VNPT,vultr_singapore,214.0,2.64
2026-09-16T20:34:15,Nam,VNPT,vultr_seoul,129.0,188.43
2026-09-16T20:34:15,Nam,VNPT,linode_singapore,61.0,44.42
2026-09-16T20:45:05,Nam,VNPT,cloudflare,62.0,10.59
2026-09-16T20:45:05,Nam,VNPT,vultr_singapore,223.0,1.65
2026-09-16T20:45:05,Nam,VNPT,vultr_seoul,150.0,98.54
2026-09-16T20:45:05,Nam,VNPT,linode_singapore,57.0,118.15
2026-09-16T20:55:51,Nam,VNPT,cloudflare,64.0,20.08
2026-09-16T20:55:51,Nam,VNPT,vultr_singapore,222.0,0.48
2026-09-16T20:55:51,Nam,VNPT,vultr_seoul,144.0,201.11
2026-09-16T20:55:51,Nam,VNPT,linode_singapore,60.0,20.34
2026-09-16T21:06:44,Nam,VNPT,cloudflare,65.0,19.01
2026-09-16T21:06:44,Nam,VNPT,vultr_singapore,215.0,2.67
2026-09-16T21:06:44,Nam,VNPT,vultr_seoul,108.0,199.4
2026-09-16T21:06:44,Nam,VNPT,linode_singapore,58.0,108.49
2026-09-16T21:17:25,Nam,VNPT,cloudflare,60.0,22.17
2026-09-16T21:17:25,Nam,VNPT,vultr_singapore,215.0,2.49
2026-09-16T21:17:25,Nam,VNPT,vultr_seoul,108.0,195.59
2026-09-16T21:17:25,Nam,VNPT,linode_singapore,57.0,157.7
2026-09-16T21:28:05,Nam,VNPT,cloudflare,61.0,20.12
2026-09-16T21:28:05,Nam,VNPT,vultr_singapore,214.0,2.75
2026-09-16T21:28:05,Nam,VNPT,vultr_seoul,108.0,200.95
2026-09-16T21:28:05,Nam,VNPT,linode_singapore,55.0,137.65
2026-09-16T21:38:45,Nam,VNPT,cloudflare,60.0,19.43
2026-09-16T21:38:45,Nam,VNPT,vultr_singapore,214.0,2.58
2026-09-16T21:38:45,Nam,VNPT,vultr_seoul,109.0,216.71
2026-09-16T21:38:45,Nam,VNPT,linode_singapore,60.0,164.11
2026-09-16T22:36:13,Nam,VNPT,cloudflare,61.0,20.22
2026-09-16T22:36:13,Nam,VNPT,vultr_singapore,215.0,17.22
2026-09-16T22:36:13,Nam,VNPT,vultr_seoul,129.0,202.94
2026-09-16T22:36:13,Nam,VNPT,linode_singapore,57.0,237.3
2026-09-16T22:46:51,Nam,VNPT,cloudflare,63.0,20.24
2026-09-16T22:46:51,Nam,VNPT,vultr_singapore,253.0,2.69
2026-09-16T22:46:51,Nam,VNPT,vultr_seoul,170.0,213.56
2026-09-16T22:46:51,Nam,VNPT,linode_singapore,59.0,129.79
2026-09-16T22:57:32,Nam,VNPT,cloudflare,62.0,19.32
2026-09-16T22:57:32,Nam,VNPT,vultr_singapore,237.0,2.83
2026-09-16T22:57:32,Nam,VNPT,vultr_seoul,119.0,218.13
2026-09-16T22:57:32,Nam,VNPT,linode_singapore,57.0,307.08
2026-09-16T23:08:08,Nam,VNPT,cloudflare,63.0,19.97
2026-09-16T23:08:08,Nam,VNPT,vultr_singapore,292.0,2.93
2026-09-16T23:08:08,Nam,VNPT,vultr_seoul,128.0,32.14
2026-09-16T23:08:08,Nam,VNPT,linode_singapore,57.0,174.85
2026-09-16T23:18:59,Nam,VNPT,cloudflare,61.0,17.34
2026-09-16T23:18:59,Nam,VNPT,vultr_singapore,243.0,2.83
2026-09-16T23:18:59,Nam,VNPT,vultr_seoul,113.0,127.65
2026-09-16T23:18:59,Nam,VNPT,linode_singapore,57.0,121.63
2026-09-16T23:29:42,Nam,VNPT,cloudflare,62.0,18.25
2026-09-16T23:29:42,Nam,VNPT,vultr_singapore,248.0,2.79
2026-09-16T23:29:42,Nam,VNPT,vultr_seoul,140.0,205.08
2026-09-16T23:29:42,Nam,VNPT,linode_singapore,58.0,214.33
2026-09-16T23:40:21,Nam,VNPT,cloudflare,61.0,17.5
2026-09-16T23:40:21,Nam,VNPT,vultr_singapore,293.0,2.93
2026-09-16T23:40:21,Nam,VNPT,vultr_seoul,170.0,193.29
2026-09-16T23:40:21,Nam,VNPT,linode_singapore,60.0,174.76
2026-09-16T23:51:00,Nam,VNPT,cloudflare,61.0,19.84
2026-09-16T23:51:00,Nam,VNPT,vultr_singapore,261.0,2.9
2026-09-16T23:51:00,Nam,VNPT,vultr_seoul,138.0,198.89
2026-09-16T23:51:00,Nam,VNPT,linode_singapore,58.0,301.97
2026-09-17T00:01:38,Nam,VNPT,cloudflare,64.0,18.58
2026-09-17T00:01:38,Nam,VNPT,vultr_singapore,294.0,2.97
2026-09-17T00:01:38,Nam,VNPT,vultr_seoul,123.0,199.34
2026-09-17T00:01:38,Nam,VNPT,linode_singapore,58.0,124.32
2026-09-17T00:12:19,Nam,VNPT,cloudflare,62.0,19.29
2026-09-17T00:12:19,Nam,VNPT,vultr_singapore,295.0,3.17
2026-09-17T00:12:19,Nam,VNPT,vultr_seoul,144.0,189.21
2026-09-17T00:12:19,Nam,VNPT,linode_singapore,58.0,190.41
2026-09-17T00:22:59,Nam,VNPT,cloudflare,62.0,23.59
2026-09-17T00:22:59,Nam,VNPT,vultr_singapore,216.0,2.64
2026-09-17T00:22:59,Nam,VNPT,vultr_seoul,107.0,218.17
2026-09-17T00:22:59,Nam,VNPT,linode_singapore,57.0,115.46
2026-09-17T00:33:39,Nam,VNPT,cloudflare,61.0,20.61
2026-09-17T00:33:39,Nam,VNPT,vultr_singapore,216.0,41.61
2026-09-17T00:33:39,Nam,VNPT,vultr_seoul,108.0,49.22
2026-09-17T00:33:39,Nam,VNPT,linode_singapore,57.0,121.15
2026-09-17T00:44:31,Nam,VNPT,cloudflare,61.0,18.34
2026-09-17T00:44:31,Nam,VNPT,vultr_singapore,216.0,2.52
2026-09-17T00:44:31,Nam,VNPT,vultr_seoul,107.0,202.08
2026-09-17T00:44:31,Nam,VNPT,linode_singapore,57.0,181.7
2026-09-17T00:55:09,Nam,VNPT,cloudflare,65.0,20.73
2026-09-17T00:55:09,Nam,VNPT,vultr_singapore,216.0,2.52
2026-09-17T00:55:09,Nam,VNPT,vultr_seoul,106.0,234.84
2026-09-17T00:55:09,Nam,VNPT,linode_singapore,57.0,261.43
2026-09-17T01:05:46,Nam,VNPT,cloudflare,62.0,20.74
2026-09-17T01:05:46,Nam,VNPT,vultr_singapore,216.0,2.59
2026-09-17T01:05:46,Nam,VNPT,vultr_seoul,106.0,65.41
2026-09-17T01:05:46,Nam,VNPT,linode_singapore,56.0,110.94
2026-09-17T01:16:36,Nam,VNPT,cloudflare,60.0,20.19
2026-09-17T01:16:36,Nam,VNPT,vultr_singapore,216.0,2.61
2026-09-17T01:16:36,Nam,VNPT,vultr_seoul,104.0,151.33
2026-09-17T01:16:36,Nam,VNPT,linode_singapore,58.0,124.83
2026-09-17T01:27:18,Nam,VNPT,cloudflare,60.0,19.88
2026-09-17T01:27:18,Nam,VNPT,vultr_singapore,215.0,2.53
2026-09-17T01:27:18,Nam,VNPT,vultr_seoul,102.0,76.64
2026-09-17T01:27:18,Nam,VNPT,linode_singapore,57.0,251.06
2026-09-17T01:38:02,Nam,VNPT,cloudflare,60.0,21.24
2026-09-17T01:38:02,Nam,VNPT,vultr_singapore,216.0,2.66
2026-09-17T01:38:02,Nam,VNPT,vultr_seoul,103.0,198.92
2026-09-17T01:38:02,Nam,VNPT,linode_singapore,58.0,108.48
2026-09-17T01:48:44,Nam,VNPT,cloudflare,62.0,20.18
2026-09-17T01:48:44,Nam,VNPT,vultr_singapore,216.0,2.73
2026-09-17T01:48:44,Nam,VNPT,vultr_seoul,103.0,215.69
2026-09-17T01:48:44,Nam,VNPT,linode_singapore,56.0,119.89
2026-09-17T01:59:24,Nam,VNPT,cloudflare,62.0,23.27
2026-09-17T01:59:24,Nam,VNPT,vultr_singapore,219.0,2.6
2026-09-17T01:59:24,Nam,VNPT,vultr_seoul,102.0,44.73
2026-09-17T01:59:24,Nam,VNPT,linode_singapore,57.0,101.68
2026-09-17T02:10:17,Nam,VNPT,cloudflare,61.0,24.57
2026-09-17T02:10:17,Nam,VNPT,vultr_singapore,216.0,16.0
2026-09-17T02:10:17,Nam,VNPT,vultr_seoul,102.0,209.32
2026-09-17T02:10:17,Nam,VNPT,linode_singapore,57.0,174.18
2026-09-17T02:20:56,Nam,VNPT,cloudflare,61.0,19.51
2026-09-17T02:20:56,Nam,VNPT,vultr_singapore,215.0,2.63
2026-09-17T02:20:56,Nam,VNPT,vultr_seoul,103.0,202.66
2026-09-17T02:20:56,Nam,VNPT,linode_singapore,56.0,160.99
2026-09-17T02:31:35,Nam,VNPT,cloudflare,60.0,20.27
2026-09-17T02:31:35,Nam,VNPT,vultr_singapore,215.0,2.52
2026-09-17T02:31:35,Nam,VNPT,vultr_seoul,102.0,110.62
2026-09-17T02:31:35,Nam,VNPT,linode_singapore,56.0,140.85
2026-09-17T02:42:19,Nam,VNPT,cloudflare,61.0,20.28
2026-09-17T02:42:19,Nam,VNPT,vultr_singapore,214.0,2.58
2026-09-17T02:42:19,Nam,VNPT,vultr_seoul,103.0,209.37
2026-09-17T02:42:19,Nam,VNPT,linode_singapore,57.0,155.2
2026-09-17T02:52:58,Nam,VNPT,cloudflare,61.0,17.55
2026-09-17T02:52:58,Nam,VNPT,vultr_singapore,216.0,2.59
2026-09-17T02:52:58,Nam,VNPT,vultr_seoul,103.0,223.07
2026-09-17T02:52:58,Nam,VNPT,linode_singapore,57.0,158.42
2026-09-17T03:03:37,Nam,VNPT,cloudflare,60.0,25.34
2026-09-17T03:03:37,Nam,VNPT,vultr_singapore,225.0,2.66
2026-09-17T03:03:37,Nam,VNPT,vultr_seoul,103.0,185.97
2026-09-17T03:03:37,Nam,VNPT,linode_singapore,57.0,132.8
2026-09-17T03:14:17,Nam,VNPT,cloudflare,62.0,21.74
2026-09-17T03:14:17,Nam,VNPT,vultr_singapore,227.0,2.49
2026-09-17T03:14:17,Nam,VNPT,vultr_seoul,103.0,147.32
2026-09-17T03:14:17,Nam,VNPT,linode_singapore,57.0,283.94
2026-09-17T03:24:55,Nam,VNPT,cloudflare,60.0,19.88
2026-09-17T03:24:55,Nam,VNPT,vultr_singapore,224.0,2.51
2026-09-17T03:24:55,Nam,VNPT,vultr_seoul,102.0,192.54
2026-09-17T03:24:55,Nam,VNPT,linode_singapore,56.0,163.32
2026-09-17T03:35:35,Nam,VNPT,cloudflare,63.0,21.38
2026-09-17T03:35:35,Nam,VNPT,vultr_singapore,216.0,2.57
2026-09-17T03:35:35,Nam,VNPT,vultr_seoul,102.0,216.38
2026-09-17T03:35:35,Nam,VNPT,linode_singapore,56.0,129.36
2026-09-17T03:46:15,Nam,VNPT,cloudflare,61.0,23.6
2026-09-17T03:46:15,Nam,VNPT,vultr_singapore,216.0,2.71
2026-09-17T03:46:15,Nam,VNPT,vultr_seoul,103.0,218.38
2026-09-17T03:46:15,Nam,VNPT,linode_singapore,57.0,193.59
2026-09-17T03:56:52,Nam,VNPT,cloudflare,61.0,18.75
2026-09-17T03:56:52,Nam,VNPT,vultr_singapore,216.0,2.56
2026-09-17T03:56:52,Nam,VNPT,vultr_seoul,102.0,14.74
2026-09-17T03:56:52,Nam,VNPT,linode_singapore,57.0,290.83
2026-09-17T04:07:40,Nam,VNPT,cloudflare,61.0,25.39
2026-09-17T04:07:40,Nam,VNPT,vultr_singapore,215.0,2.51
2026-09-17T04:07:40,Nam,VNPT,vultr_seoul,103.0,215.66
2026-09-17T04:07:40,Nam,VNPT,linode_singapore,56.0,180.94
2026-09-17T04:18:18,Nam,VNPT,cloudflare,61.0,23.69
2026-09-17T04:18:18,Nam,VNPT,vultr_singapore,217.0,6.63
2026-09-17T04:18:18,Nam,VNPT,vultr_seoul,104.0,112.73
2026-09-17T04:18:18,Nam,VNPT,linode_singapore,55.0,229.64
2026-09-17T04:28:59,Nam,VNPT,cloudflare,62.0,20.51
2026-09-17T04:28:59,Nam,VNPT,vultr_singapore,217.0,2.69
2026-09-17T04:28:59,Nam,VNPT,vultr_seoul,102.0,215.22
2026-09-17T04:28:59,Nam,VNPT,linode_singapore,57.0,222.16
2026-09-17T04:39:36,Nam,VNPT,cloudflare,61.0,20.45
2026-09-17T04:39:36,Nam,VNPT,vultr_singapore,214.0,2.67
2026-09-17T04:39:36,Nam,VNPT,vultr_seoul,101.0,196.18
2026-09-17T04:39:36,Nam,VNPT,linode_singapore,56.0,173.85
2026-09-17T04:50:15,Nam,VNPT,cloudflare,64.0,19.24
2026-09-17T04:50:15,Nam,VNPT,vultr_singapore,216.0,2.66
2026-09-17T04:50:15,Nam,VNPT,vultr_seoul,103.0,112.91
2026-09-17T04:50:15,Nam,VNPT,linode_singapore,57.0,131.07
2026-09-17T05:00:59,Nam,VNPT,cloudflare,60.0,21.78
2026-09-17T05:00:59,Nam,VNPT,vultr_singapore,217.0,2.57
2026-09-17T05:00:59,Nam,VNPT,vultr_seoul,104.0,82.74
2026-09-17T05:00:59,Nam,VNPT,linode_singapore,58.0,112.5
2026-09-17T05:11:46,Nam,VNPT,cloudflare,61.0,21.34
2026-09-17T05:11:46,Nam,VNPT,vultr_singapore,215.0,16.85
2026-09-17T05:11:46,Nam,VNPT,vultr_seoul,103.0,212.56
2026-09-17T05:11:46,Nam,VNPT,linode_singapore,57.0,200.55
2026-09-17T05:22:24,Nam,VNPT,cloudflare,61.0,20.17
2026-09-17T05:22:24,Nam,VNPT,vultr_singapore,216.0,2.56
2026-09-17T05:22:24,Nam,VNPT,vultr_seoul,102.0,187.45
2026-09-17T05:22:24,Nam,VNPT,linode_singapore,56.0,307.18
2026-09-17T05:33:01,Nam,VNPT,cloudflare,60.0,22.7
2026-09-17T05:33:01,Nam,VNPT,vultr_singapore,215.0,2.57
2026-09-17T05:33:01,Nam,VNPT,vultr_seoul,102.0,101.03
2026-09-17T05:33:01,Nam,VNPT,linode_singapore,58.0,229.31
2026-09-17T05:43:42,Nam,VNPT,cloudflare,60.0,20.0
2026-09-17T05:43:42,Nam,VNPT,vultr_singapore,215.0,5.3
2026-09-17T05:43:42,Nam,VNPT,vultr_seoul,279.0,1.69
2026-09-17T05:43:42,Nam,VNPT,linode_singapore,56.0,141.82
2026-09-17T05:54:33,Nam,VNPT,cloudflare,60.0,22.86
2026-09-17T05:54:33,Nam,VNPT,vultr_singapore,216.0,6.37
2026-09-17T05:54:33,Nam,VNPT,vultr_seoul,104.0,173.96
2026-09-17T05:54:33,Nam,VNPT,linode_singapore,57.0,228.9
2026-09-17T06:05:11,Nam,VNPT,cloudflare,61.0,20.32
2026-09-17T06:05:11,Nam,VNPT,vultr_singapore,219.0,2.61
2026-09-17T06:05:11,Nam,VNPT,vultr_seoul,109.0,198.41
2026-09-17T06:05:11,Nam,VNPT,linode_singapore,58.0,105.46
2026-09-17T06:15:53,Nam,VNPT,cloudflare,61.0,20.0
2026-09-17T06:15:53,Nam,VNPT,vultr_singapore,214.0,2.48
2026-09-17T06:15:53,Nam,VNPT,vultr_seoul,105.0,152.8
2026-09-17T06:15:53,Nam,VNPT,linode_singapore,56.0,130.31
2026-09-17T06:26:35,Nam,VNPT,cloudflare,60.0,19.72
2026-09-17T06:26:35,Nam,VNPT,vultr_singapore,216.0,2.68
2026-09-17T06:26:35,Nam,VNPT,vultr_seoul,108.0,63.01
2026-09-17T06:26:35,Nam,VNPT,linode_singapore,57.0,125.85
2026-09-17T06:37:24,Nam,VNPT,cloudflare,62.0,20.87
2026-09-17T06:37:24,Nam,VNPT,vultr_singapore,218.0,2.77
2026-09-17T06:37:24,Nam,VNPT,vultr_seoul,104.0,185.3
2026-09-17T06:37:24,Nam,VNPT,linode_singapore,56.0,163.13
2026-09-17T08:26:20,Nam,VNPT,cloudflare,63.0,19.52
2026-09-17T08:26:20,Nam,VNPT,vultr_singapore,222.0,2.81
2026-09-17T08:26:20,Nam,VNPT,vultr_seoul,107.0,24.97
2026-09-17T08:26:20,Nam,VNPT,linode_singapore,56.0,112.39
2026-09-17T08:37:12,Nam,VNPT,cloudflare,62.0,23.5
2026-09-17T08:37:12,Nam,VNPT,vultr_singapore,214.0,2.64
2026-09-17T08:37:12,Nam,VNPT,vultr_seoul,118.0,71.35
2026-09-17T08:37:12,Nam,VNPT,linode_singapore,59.0,103.82
2026-09-17T08:48:02,Nam,VNPT,cloudflare,63.0,19.43
2026-09-17T08:48:02,Nam,VNPT,vultr_singapore,215.0,2.76
2026-09-17T08:48:02,Nam,VNPT,vultr_seoul,112.0,7.73
2026-09-17T08:48:02,Nam,VNPT,linode_singapore,57.0,117.53
2026-09-17T08:58:54,Nam,VNPT,cloudflare,64.0,17.72
2026-09-17T08:58:54,Nam,VNPT,vultr_singapore,220.0,2.69
2026-09-17T08:58:54,Nam,VNPT,vultr_seoul,103.0,76.15
2026-09-17T08:58:54,Nam,VNPT,linode_singapore,56.0,78.84
2026-09-17T09:09:46,Nam,VNPT,cloudflare,66.0,20.9
2026-09-17T09:09:46,Nam,VNPT,vultr_singapore,216.0,2.63
2026-09-17T09:09:46,Nam,VNPT,vultr_seoul,108.0,109.01
2026-09-17T09:09:46,Nam,VNPT,linode_singapore,58.0,93.49
2026-09-17T09:20:32,Nam,VNPT,cloudflare,63.0,19.59
2026-09-17T09:20:32,Nam,VNPT,vultr_singapore,216.0,2.46
2026-09-17T09:20:32,Nam,VNPT,vultr_seoul,105.0,57.26
2026-09-17T09:20:32,Nam,VNPT,linode_singapore,57.0,83.51
2026-09-17T09:31:27,Nam,VNPT,cloudflare,63.0,19.45
2026-09-17T09:31:27,Nam,VNPT,vultr_singapore,216.0,2.72
2026-09-17T09:31:27,Nam,VNPT,vultr_seoul,112.0,5.05
2026-09-17T09:31:27,Nam,VNPT,linode_singapore,58.0,53.83
2026-09-17T09:42:27,Nam,VNPT,cloudflare,62.0,19.33
2026-09-17T09:42:27,Nam,VNPT,vultr_singapore,215.0,2.65
2026-09-17T09:42:27,Nam,VNPT,vultr_seoul,108.0,49.97
2026-09-17T09:42:27,Nam,VNPT,linode_singapore,56.0,33.34
2026-09-17T09:53:28,Nam,VNPT,cloudflare,61.0,16.28
2026-09-17T09:53:28,Nam,VNPT,vultr_singapore,214.0,2.51
2026-09-17T09:53:28,Nam,VNPT,vultr_seoul,104.0,93.32
2026-09-17T09:53:28,Nam,VNPT,linode_singapore,56.0,51.24
2026-09-17T10:04:22,Nam,VNPT,cloudflare,64.0,23.53
2026-09-17T10:04:22,Nam,VNPT,vultr_singapore,218.0,2.53
2026-09-17T10:04:22,Nam,VNPT,vultr_seoul,104.0,67.32
2026-09-17T10:04:22,Nam,VNPT,linode_singapore,58.0,107.33
2026-09-17T10:15:12,Nam,VNPT,cloudflare,65.0,21.16
2026-09-17T10:15:12,Nam,VNPT,vultr_singapore,216.0,4.66
2026-09-17T10:15:12,Nam,VNPT,vultr_seoul,107.0,32.63
2026-09-17T10:15:12,Nam,VNPT,linode_singapore,58.0,77.59
2026-09-17T10:26:08,Nam,VNPT,cloudflare,64.0,20.16
2026-09-17T10:26:08,Nam,VNPT,vultr_singapore,216.0,2.46
2026-09-17T10:26:08,Nam,VNPT,vultr_seoul,106.0,105.05
2026-09-17T10:26:08,Nam,VNPT,linode_singapore,58.0,85.3
2026-09-17T10:36:55,Nam,VNPT,cloudflare,64.0,20.14
2026-09-17T10:36:55,Nam,VNPT,vultr_singapore,215.0,2.71
2026-09-17T10:36:55,Nam,VNPT,vultr_seoul,105.0,106.3
2026-09-17T10:36:55,Nam,VNPT,linode_singapore,58.0,85.4
2026-09-17T10:47:43,Nam,VNPT,cloudflare,61.0,22.07
2026-09-17T10:47:43,Nam,VNPT,vultr_singapore,216.0,2.89
2026-09-17T10:47:43,Nam,VNPT,vultr_seoul,105.0,81.0
2026-09-17T10:47:43,Nam,VNPT,linode_singapore,59.0,101.42
2026-09-17T10:58:31,Nam,VNPT,cloudflare,64.0,16.74
2026-09-17T10:58:31,Nam,VNPT,vultr_singapore,217.0,2.68
2026-09-17T10:58:31,Nam,VNPT,vultr_seoul,109.0,37.63
2026-09-17T10:58:31,Nam,VNPT,linode_singapore,88.0,82.28
2026-09-17T11:09:26,Nam,VNPT,cloudflare,60.0,19.72
2026-09-17T11:09:26,Nam,VNPT,vultr_singapore,216.0,2.53
2026-09-17T11:09:26,Nam,VNPT,vultr_seoul,104.0,95.01
2026-09-17T11:09:26,Nam,VNPT,linode_singapore,58.0,93.74
2026-09-17T11:20:14,Nam,VNPT,cloudflare,65.0,22.7
2026-09-17T11:20:14,Nam,VNPT,vultr_singapore,216.0,4.27
2026-09-17T11:20:14,Nam,VNPT,vultr_seoul,106.0,26.33
2026-09-17T11:20:14,Nam,VNPT,linode_singapore,59.0,63.62
2026-09-17T11:31:11,Nam,VNPT,cloudflare,60.0,20.92
2026-09-17T11:31:11,Nam,VNPT,vultr_singapore,215.0,2.49
2026-09-17T11:31:11,Nam,VNPT,vultr_seoul,107.0,111.43
2026-09-17T11:31:11,Nam,VNPT,linode_singapore,62.0,105.63
2026-09-17T11:41:56,Nam,VNPT,cloudflare,60.0,21.2
2026-09-17T11:41:56,Nam,VNPT,vultr_singapore,217.0,2.56
2026-09-17T11:41:56,Nam,VNPT,vultr_seoul,105.0,72.9
2026-09-17T11:41:56,Nam,VNPT,linode_singapore,57.0,61.24
2026-09-17T11:52:51,Nam,VNPT,cloudflare,61.0,19.65
2026-09-17T11:52:51,Nam,VNPT,vultr_singapore,224.0,0.78
2026-09-17T11:52:51,Nam,VNPT,vultr_seoul,106.0,52.46
2026-09-17T11:52:51,Nam,VNPT,linode_singapore,61.0,2.92
2026-09-17T12:03:59,Nam,VNPT,cloudflare,68.0,17.15
2026-09-17T12:03:59,Nam,VNPT,vultr_singapore,226.0,0.05
2026-09-17T12:03:59,Nam,VNPT,vultr_seoul,107.0,14.85
2026-09-17T12:03:59,Nam,VNPT,linode_singapore,58.0,104.53
2026-09-17T12:14:55,Nam,VNPT,cloudflare,61.0,15.93
2026-09-17T12:14:55,Nam,VNPT,vultr_singapore,229.0,0.52
2026-09-17T12:14:55,Nam,VNPT,vultr_seoul,106.0,104.42
2026-09-17T12:14:55,Nam,VNPT,linode_singapore,60.0,95.16
2026-09-17T12:25:42,Nam,VNPT,cloudflare,61.0,19.81
2026-09-17T12:25:42,Nam,VNPT,vultr_singapore,224.0,0.74
2026-09-17T12:25:42,Nam,VNPT,vultr_seoul,109.0,27.74
2026-09-17T12:25:42,Nam,VNPT,linode_singapore,58.0,96.11
2026-09-17T12:36:36,Nam,VNPT,cloudflare,62.0,22.72
2026-09-17T12:36:36,Nam,VNPT,vultr_singapore,224.0,0.89
2026-09-17T12:36:36,Nam,VNPT,vultr_seoul,106.0,36.18
2026-09-17T12:36:36,Nam,VNPT,linode_singapore,59.0,51.18
2026-09-17T12:47:39,Nam,VNPT,cloudflare,62.0,19.03
2026-09-17T12:47:39,Nam,VNPT,vultr_singapore,224.0,1.27
2026-09-17T12:47:39,Nam,VNPT,vultr_seoul,104.0,13.93
2026-09-17T12:47:39,Nam,VNPT,linode_singapore,58.0,90.37
2026-09-17T12:58:33,Nam,VNPT,cloudflare,40.0,8.66
2026-09-17T12:58:33,Nam,VNPT,vultr_singapore,227.0,12.85
2026-09-17T12:58:33,Nam,VNPT,vultr_seoul,89.0,21.7
2026-09-17T12:58:33,Nam,VNPT,linode_singapore,58.0,95.52
2026-09-17T19:30:04,Nam,VNPT,cloudflare,41.0,17.72
2026-09-17T19:30:04,Nam,VNPT,vultr_singapore,229.0,10.78
2026-09-17T19:30:04,Nam,VNPT,vultr_seoul,94.0,88.63
2026-09-17T19:30:04,Nam,VNPT,linode_singapore,58.0,104.9
2026-09-17T19:40:50,Nam,VNPT,cloudflare,40.0,23.89
2026-09-17T19:40:50,Nam,VNPT,vultr_singapore,228.0,6.15
2026-09-17T19:40:50,Nam,VNPT,vultr_seoul,94.0,126.33
2026-09-17T19:40:50,Nam,VNPT,linode_singapore,58.0,116.34
2026-09-17T19:51:34,Nam,VNPT,cloudflare,42.0,10.39
2026-09-17T19:51:34,Nam,VNPT,vultr_singapore,228.0,10.53
2026-09-17T19:51:34,Nam,VNPT,vultr_seoul,92.0,85.38
2026-09-17T19:51:34,Nam,VNPT,linode_singapore,60.0,82.93
2026-09-17T20:02:24,Nam,VNPT,cloudflare,41.0,7.88
2026-09-17T20:02:24,Nam,VNPT,vultr_singapore,229.0,10.79
2026-09-17T20:02:24,Nam,VNPT,vultr_seoul,92.0,35.98
2026-09-17T20:02:24,Nam,VNPT,linode_singapore,56.0,112.04
2026-09-17T20:13:18,Nam,VNPT,cloudflare,41.0,7.29
2026-09-17T20:13:18,Nam,VNPT,vultr_singapore,229.0,14.57
2026-09-17T20:13:18,Nam,VNPT,vultr_seoul,92.0,9.2
2026-09-17T20:13:18,Nam,VNPT,linode_singapore,56.0,120.22
2026-09-17T20:24:12,Nam,VNPT,cloudflare,40.0,8.37
2026-09-17T20:24:12,Nam,VNPT,vultr_singapore,230.0,3.25
2026-09-17T20:24:12,Nam,VNPT,vultr_seoul,92.0,4.61
2026-09-17T20:24:12,Nam,VNPT,linode_singapore,57.0,97.46
2026-09-17T20:35:07,Nam,VNPT,cloudflare,41.0,9.0
2026-09-17T20:35:07,Nam,VNPT,vultr_singapore,227.0,3.9
2026-09-17T20:35:07,Nam,VNPT,vultr_seoul,95.0,9.83
2026-09-17T20:35:07,Nam,VNPT,linode_singapore,60.0,87.04
2026-09-17T20:46:02,Nam,VNPT,cloudflare,41.0,3.42
2026-09-17T20:46:02,Nam,VNPT,vultr_singapore,267.0,2.55
2026-09-17T20:46:02,Nam,VNPT,vultr_seoul,92.0,4.31
2026-09-17T20:46:02,Nam,VNPT,linode_singapore,58.0,78.83
2026-09-17T20:57:02,Nam,VNPT,cloudflare,40.0,3.51
2026-09-17T20:57:02,Nam,VNPT,vultr_singapore,228.0,3.27
2026-09-17T20:57:02,Nam,VNPT,vultr_seoul,92.0,12.68
2026-09-17T20:57:02,Nam,VNPT,linode_singapore,57.0,80.61
2026-09-17T21:08:01,Nam,VNPT,cloudflare,40.0,5.35
2026-09-17T21:08:01,Nam,VNPT,vultr_singapore,228.0,3.3
2026-09-17T21:08:01,Nam,VNPT,vultr_seoul,93.0,3.02
2026-09-17T21:08:01,Nam,VNPT,linode_singapore,60.0,79.65
2026-09-17T21:18:59,Nam,VNPT,cloudflare,45.0,6.21
2026-09-17T21:18:59,Nam,VNPT,vultr_singapore,231.0,1.25
2026-09-17T21:18:59,Nam,VNPT,vultr_seoul,93.0,4.15
2026-09-17T21:18:59,Nam,VNPT,linode_singapore,59.0,68.84
2026-09-17T21:29:58,Nam,VNPT,cloudflare,40.0,4.08
2026-09-17T21:29:58,Nam,VNPT,vultr_singapore,229.0,14.04
2026-09-17T21:29:58,Nam,VNPT,vultr_seoul,94.0,11.46
2026-09-17T21:29:58,Nam,VNPT,linode_singapore,59.0,53.15
2026-09-17T21:41:01,Nam,VNPT,cloudflare,40.0,5.46
2026-09-17T21:41:01,Nam,VNPT,vultr_singapore,228.0,3.21
2026-09-17T21:41:01,Nam,VNPT,vultr_seoul,93.0,10.76
2026-09-17T21:41:01,Nam,VNPT,linode_singapore,59.0,105.32
2026-09-17T21:52:28,Nam,VNPT,cloudflare,42.0,6.05
2026-09-17T21:52:28,Nam,VNPT,vultr_singapore,229.0,17.77
2026-09-17T21:52:28,Nam,VNPT,vultr_seoul,94.0,3.17
2026-09-17T21:52:28,Nam,VNPT,linode_singapore,59.0,86.59
2026-09-17T22:03:25,Nam,VNPT,cloudflare,42.0,4.12
2026-09-17T22:03:25,Nam,VNPT,vultr_singapore,227.0,2.44
2026-09-17T22:03:25,Nam,VNPT,vultr_seoul,93.0,1.85
2026-09-17T22:03:25,Nam,VNPT,linode_singapore,60.0,58.45
2026-09-17T22:14:28,Nam,VNPT,cloudflare,41.0,3.53
2026-09-17T22:14:28,Nam,VNPT,vultr_singapore,228.0,1.34
2026-09-17T22:14:28,Nam,VNPT,vultr_seoul,93.0,7.64
2026-09-17T22:14:28,Nam,VNPT,linode_singapore,59.0,28.16
2026-09-17T22:25:32,Nam,VNPT,cloudflare,42.0,5.5
2026-09-17T22:25:32,Nam,VNPT,vultr_singapore,229.0,13.49
2026-09-17T22:25:32,Nam,VNPT,vultr_seoul,92.0,20.62
2026-09-17T22:25:32,Nam,VNPT,linode_singapore,60.0,87.89
2026-09-17T22:36:28,Nam,VNPT,cloudflare,42.0,9.49
2026-09-17T22:36:28,Nam,VNPT,vultr_singapore,235.0,3.97
2026-09-17T22:36:28,Nam,VNPT,vultr_seoul,108.0,15.09
2026-09-17T22:36:28,Nam,VNPT,linode_singapore,60.0,25.29
2026-09-17T22:47:29,Nam,VNPT,cloudflare,41.0,11.75
2026-09-17T22:47:29,Nam,VNPT,vultr_singapore,232.0,5.61
2026-09-17T22:47:29,Nam,VNPT,vultr_seoul,98.0,74.19
2026-09-17T22:47:29,Nam,VNPT,linode_singapore,60.0,65.13
2026-09-17T22:58:23,Nam,VNPT,cloudflare,42.0,21.75
2026-09-17T22:58:23,Nam,VNPT,vultr_singapore,228.0,2.14
2026-09-17T22:58:23,Nam,VNPT,vultr_seoul,94.0,111.91
2026-09-17T22:58:23,Nam,VNPT,linode_singapore,58.0,100.74
2026-09-17T23:09:09,Nam,VNPT,cloudflare,46.0,12.6
2026-09-17T23:09:09,Nam,VNPT,vultr_singapore,228.0,65.37
2026-09-17T23:09:09,Nam,VNPT,vultr_seoul,99.0,103.14
2026-09-17T23:09:09,Nam,VNPT,linode_singapore,89.0,16.69
2026-09-17T23:20:01,Nam,VNPT,cloudflare,41.0,10.3
2026-09-17T23:20:01,Nam,VNPT,vultr_singapore,231.0,50.11
2026-09-17T23:20:01,Nam,VNPT,vultr_seoul,100.0,93.49
2026-09-17T23:20:01,Nam,VNPT,linode_singapore,67.0,25.38
2026-09-17T23:30:56,Nam,VNPT,cloudflare,44.0,23.8
2026-09-17T23:30:56,Nam,VNPT,vultr_singapore,228.0,61.31
2026-09-17T23:30:56,Nam,VNPT,vultr_seoul,95.0,83.29
2026-09-17T23:30:56,Nam,VNPT,linode_singapore,61.0,49.64
2026-09-17T23:41:50,Nam,VNPT,cloudflare,41.0,29.39
2026-09-17T23:41:50,Nam,VNPT,vultr_singapore,230.0,55.4
2026-09-17T23:41:50,Nam,VNPT,vultr_seoul,95.0,105.66
2026-09-17T23:41:50,Nam,VNPT,linode_singapore,65.0,23.67
2026-09-17T23:52:43,Nam,VNPT,cloudflare,49.0,15.01
2026-09-17T23:52:43,Nam,VNPT,vultr_singapore,232.0,50.13
2026-09-17T23:52:43,Nam,VNPT,vultr_seoul,95.0,117.31
2026-09-17T23:52:43,Nam,VNPT,linode_singapore,58.0,87.35
2026-09-18T00:03:30,Nam,VNPT,cloudflare,42.0,25.12
2026-09-18T00:03:30,Nam,VNPT,vultr_singapore,229.0,46.15
2026-09-18T00:03:30,Nam,VNPT,vultr_seoul,93.0,113.38
2026-09-18T00:03:30,Nam,VNPT,linode_singapore,61.0,54.39
2026-09-18T00:14:22,Nam,VNPT,cloudflare,46.0,15.88
2026-09-18T00:14:22,Nam,VNPT,vultr_singapore,284.0,39.9
2026-09-18T00:14:22,Nam,VNPT,vultr_seoul,98.0,101.12
2026-09-18T00:14:22,Nam,VNPT,linode_singapore,59.0,63.07
2026-09-18T00:25:14,Nam,VNPT,cloudflare,40.0,17.06
2026-09-18T00:25:14,Nam,VNPT,vultr_singapore,242.0,58.05
2026-09-18T00:25:14,Nam,VNPT,vultr_seoul,93.0,109.2
2026-09-18T00:25:14,Nam,VNPT,linode_singapore,99.0,68.7
2026-09-18T00:36:03,Nam,VNPT,cloudflare,42.0,26.98
2026-09-18T00:36:03,Nam,VNPT,vultr_singapore,229.0,62.59
2026-09-18T00:36:03,Nam,VNPT,vultr_seoul,94.0,112.94
2026-09-18T00:36:03,Nam,VNPT,linode_singapore,59.0,72.17
2026-09-18T00:46:51,Nam,VNPT,cloudflare,41.0,24.56
2026-09-18T00:46:51,Nam,VNPT,vultr_singapore,229.0,49.29
2026-09-18T00:46:51,Nam,VNPT,vultr_seoul,93.0,121.65
2026-09-18T00:46:51,Nam,VNPT,linode_singapore,59.0,28.52
2026-09-18T00:57:42,Nam,VNPT,cloudflare,41.0,27.09
2026-09-18T00:57:42,Nam,VNPT,vultr_singapore,227.0,55.76
2026-09-18T00:57:42,Nam,VNPT,vultr_seoul,93.0,98.47
2026-09-18T00:57:42,Nam,VNPT,linode_singapore,58.0,66.74
2026-09-18T01:08:33,Nam,VNPT,cloudflare,41.0,29.3
2026-09-18T01:08:33,Nam,VNPT,vultr_singapore,229.0,61.9
2026-09-18T01:08:33,Nam,VNPT,vultr_seoul,92.0,121.02
2026-09-18T01:08:33,Nam,VNPT,linode_singapore,60.0,82.35
2026-09-18T01:19:19,Nam,VNPT,cloudflare,40.0,26.86
2026-09-18T01:19:19,Nam,VNPT,vultr_singapore,226.0,54.14
2026-09-18T01:19:19,Nam,VNPT,vultr_seoul,93.0,135.17
2026-09-18T01:19:19,Nam,VNPT,linode_singapore,59.0,82.09
2026-09-18T01:30:05,Nam,VNPT,cloudflare,42.0,23.74
2026-09-18T01:30:05,Nam,VNPT,vultr_singapore,228.0,57.01
2026-09-18T01:30:05,Nam,VNPT,vultr_seoul,93.0,125.65
2026-09-18T01:30:05,Nam,VNPT,linode_singapore,59.0,94.53
2026-09-18T01:40:50,Nam,VNPT,cloudflare,41.0,28.69
2026-09-18T01:40:50,Nam,VNPT,vultr_singapore,227.0,51.34
2026-09-18T01:40:50,Nam,VNPT,vultr_seoul,93.0,117.89
2026-09-18T01:40:50,Nam,VNPT,linode_singapore,58.0,105.74
2026-09-18T01:51:35,Nam,VNPT,cloudflare,39.0,31.94
2026-09-18T01:51:35,Nam,VNPT,vultr_singapore,229.0,42.34
2026-09-18T01:51:35,Nam,VNPT,vultr_seoul,95.0,6.52
2026-09-18T01:51:35,Nam,VNPT,linode_singapore,57.0,103.39
2026-09-18T02:02:28,Nam,VNPT,cloudflare,41.0,24.51
2026-09-18T02:02:28,Nam,VNPT,vultr_singapore,241.0,14.59
2026-09-18T02:02:28,Nam,VNPT,vultr_seoul,96.0,132.82
2026-09-18T02:02:28,Nam,VNPT,linode_singapore,60.0,101.01
2026-09-18T02:13:13,Nam,VNPT,cloudflare,40.0,30.69
2026-09-18T02:13:13,Nam,VNPT,vultr_singapore,229.0,58.85
2026-09-18T02:13:13,Nam,VNPT,vultr_seoul,92.0,118.19
2026-09-18T02:13:13,Nam,VNPT,linode_singapore,59.0,79.31
2026-09-18T02:23:59,Nam,VNPT,cloudflare,43.0,27.96
2026-09-18T02:23:59,Nam,VNPT,vultr_singapore,227.0,87.32
2026-09-18T02:23:59,Nam,VNPT,vultr_seoul,93.0,116.67
2026-09-18T02:23:59,Nam,VNPT,linode_singapore,59.0,66.74
2026-09-18T02:34:43,Nam,VNPT,cloudflare,40.0,26.46
2026-09-18T02:34:43,Nam,VNPT,vultr_singapore,228.0,49.36
2026-09-18T02:34:43,Nam,VNPT,vultr_seoul,94.0,141.74
2026-09-18T02:34:43,Nam,VNPT,linode_singapore,58.0,94.97
2026-09-18T02:45:28,Nam,VNPT,cloudflare,42.0,24.9
2026-09-18T02:45:28,Nam,VNPT,vultr_singapore,230.0,14.65
2026-09-18T02:45:28,Nam,VNPT,vultr_seoul,96.0,122.32
2026-09-18T02:45:28,Nam,VNPT,linode_singapore,60.0,85.19
2026-09-18T02:56:15,Nam,VNPT,cloudflare,43.0,28.13
2026-09-18T02:56:15,Nam,VNPT,vultr_singapore,228.0,35.32
2026-09-18T02:56:15,Nam,VNPT,vultr_seoul,93.0,19.76
2026-09-18T02:56:15,Nam,VNPT,linode_singapore,58.0,89.67
2026-09-18T03:07:09,Nam,VNPT,cloudflare,41.0,26.55
2026-09-18T03:07:09,Nam,VNPT,vultr_singapore,229.0,55.03
2026-09-18T03:07:09,Nam,VNPT,vultr_seoul,106.0,94.04
2026-09-18T03:07:09,Nam,VNPT,linode_singapore,58.0,52.02
2026-09-18T03:18:03,Nam,VNPT,cloudflare,40.0,28.46
2026-09-18T03:18:03,Nam,VNPT,vultr_singapore,235.0,58.03
2026-09-18T03:18:03,Nam,VNPT,vultr_seoul,94.0,117.5
2026-09-18T03:18:03,Nam,VNPT,linode_singapore,59.0,43.55
2026-09-18T03:28:54,Nam,VNPT,cloudflare,41.0,27.9
2026-09-18T03:28:54,Nam,VNPT,vultr_singapore,228.0,15.9
2026-09-18T03:28:54,Nam,VNPT,vultr_seoul,93.0,109.18
2026-09-18T03:28:54,Nam,VNPT,linode_singapore,57.0,106.55
2026-09-18T03:39:39,Nam,VNPT,cloudflare,40.0,23.54
2026-09-18T03:39:39,Nam,VNPT,vultr_singapore,229.0,15.06
2026-09-18T03:39:39,Nam,VNPT,vultr_seoul,92.0,19.86
2026-09-18T03:39:39,Nam,VNPT,linode_singapore,58.0,88.58
2026-09-18T03:50:34,Nam,VNPT,cloudflare,42.0,17.37
2026-09-18T03:50:34,Nam,VNPT,vultr_singapore,228.0,54.1
2026-09-18T03:50:34,Nam,VNPT,vultr_seoul,93.0,50.15
2026-09-18T03:50:34,Nam,VNPT,linode_singapore,59.0,31.44
2026-09-18T04:01:34,Nam,VNPT,cloudflare,41.0,28.38
2026-09-18T04:01:34,Nam,VNPT,vultr_singapore,233.0,54.76
2026-09-18T04:01:34,Nam,VNPT,vultr_seoul,94.0,112.99
2026-09-18T04:01:34,Nam,VNPT,linode_singapore,58.0,103.87
2026-09-18T04:12:19,Nam,VNPT,cloudflare,41.0,28.49
2026-09-18T04:12:19,Nam,VNPT,vultr_singapore,231.0,56.6
2026-09-18T04:12:19,Nam,VNPT,vultr_seoul,94.0,113.22
2026-09-18T04:12:19,Nam,VNPT,linode_singapore,58.0,64.19
2026-09-18T04:23:09,Nam,VNPT,cloudflare,40.0,27.96
2026-09-18T04:23:09,Nam,VNPT,vultr_singapore,228.0,69.57
2026-09-18T04:23:09,Nam,VNPT,vultr_seoul,92.0,42.98
2026-09-18T04:23:09,Nam,VNPT,linode_singapore,58.0,99.95
2026-09-18T04:34:00,Nam,VNPT,cloudflare,41.0,19.67
2026-09-18T04:34:00,Nam,VNPT,vultr_singapore,229.0,73.39
2026-09-18T04:34:00,Nam,VNPT,vultr_seoul,93.0,113.4
2026-09-18T04:34:00,Nam,VNPT,linode_singapore,59.0,72.9
2026-09-18T04:44:45,Nam,VNPT,cloudflare,40.0,26.36
2026-09-18T04:44:45,Nam,VNPT,vultr_singapore,230.0,71.15
2026-09-18T04:44:45,Nam,VNPT,vultr_seoul,95.0,123.46
2026-09-18T04:44:45,Nam,VNPT,linode_singapore,58.0,93.55
2026-09-18T04:55:27,Nam,VNPT,cloudflare,41.0,24.13
2026-09-18T04:55:27,Nam,VNPT,vultr_singapore,232.0,76.74
2026-09-18T04:55:27,Nam,VNPT,vultr_seoul,94.0,116.77
2026-09-18T04:55:27,Nam,VNPT,linode_singapore,57.0,74.89
2026-09-18T05:06:11,Nam,VNPT,cloudflare,44.0,28.0
2026-09-18T05:06:11,Nam,VNPT,vultr_singapore,229.0,36.79
2026-09-18T05:06:11,Nam,VNPT,vultr_seoul,94.0,109.38
2026-09-18T05:06:11,Nam,VNPT,linode_singapore,57.0,73.19
2026-09-18T05:17:00,Nam,VNPT,cloudflare,41.0,28.67
2026-09-18T05:17:00,Nam,VNPT,vultr_singapore,231.0,24.36
2026-09-18T05:17:00,Nam,VNPT,vultr_seoul,93.0,15.29
2026-09-18T05:17:00,Nam,VNPT,linode_singapore,59.0,76.07
2026-09-18T05:27:57,Nam,VNPT,cloudflare,42.0,26.11
2026-09-18T05:27:57,Nam,VNPT,vultr_singapore,228.0,70.4
2026-09-18T05:27:57,Nam,VNPT,vultr_seoul,93.0,58.76
2026-09-18T05:27:57,Nam,VNPT,linode_singapore,58.0,99.23
2026-09-18T05:38:47,Nam,VNPT,cloudflare,42.0,27.41
2026-09-18T05:38:47,Nam,VNPT,vultr_singapore,231.0,72.6
2026-09-18T05:38:47,Nam,VNPT,vultr_seoul,93.0,109.13
2026-09-18T05:38:47,Nam,VNPT,linode_singapore,57.0,91.26
2026-09-18T05:49:30,Nam,VNPT,cloudflare,40.0,26.15
2026-09-18T05:49:30,Nam,VNPT,vultr_singapore,231.0,23.92
2026-09-18T05:49:30,Nam,VNPT,vultr_seoul,92.0,102.01
2026-09-18T05:49:30,Nam,VNPT,linode_singapore,60.0,90.11
2026-09-18T06:00:17,Nam,VNPT,cloudflare,43.0,27.24
2026-09-18T06:00:17,Nam,VNPT,vultr_singapore,231.0,64.61
2026-09-18T06:00:17,Nam,VNPT,vultr_seoul,96.0,96.86
2026-09-18T06:00:17,Nam,VNPT,linode_singapore,59.0,78.26
2026-09-18T06:11:05,Nam,VNPT,cloudflare,41.0,28.33
2026-09-18T06:11:05,Nam,VNPT,vultr_singapore,229.0,67.94
2026-09-18T06:11:05,Nam,VNPT,vultr_seoul,92.0,109.62
2026-09-18T06:11:05,Nam,VNPT,linode_singapore,59.0,38.34
2026-09-18T06:21:54,Nam,VNPT,cloudflare,41.0,28.91
2026-09-18T06:21:54,Nam,VNPT,vultr_singapore,228.0,23.28
2026-09-18T06:21:54,Nam,VNPT,vultr_seoul,100.0,103.9
2026-09-18T06:21:54,Nam,VNPT,linode_singapore,60.0,64.88
2026-09-18T06:32:46,Nam,VNPT,cloudflare,39.0,25.44
2026-09-18T06:32:46,Nam,VNPT,vultr_singapore,232.0,83.58
2026-09-18T06:32:46,Nam,VNPT,vultr_seoul,93.0,113.21
2026-09-18T06:32:46,Nam,VNPT,linode_singapore,58.0,99.65
2026-09-18T06:43:26,Nam,VNPT,cloudflare,42.0,31.43
2026-09-18T06:43:26,Nam,VNPT,vultr_singapore,228.0,22.77
2026-09-18T06:43:26,Nam,VNPT,vultr_seoul,92.0,117.43
2026-09-18T06:43:26,Nam,VNPT,linode_singapore,57.0,103.91
2026-09-18T06:54:11,Nam,VNPT,cloudflare,45.0,24.37
2026-09-18T06:54:11,Nam,VNPT,vultr_singapore,231.0,43.75
2026-09-18T06:54:11,Nam,VNPT,vultr_seoul,96.0,68.64
2026-09-18T06:54:11,Nam,VNPT,linode_singapore,64.0,13.54
2026-09-18T07:05:09,Nam,VNPT,cloudflare,41.0,30.71
2026-09-18T07:05:09,Nam,VNPT,vultr_singapore,229.0,73.86
2026-09-18T07:05:09,Nam,VNPT,vultr_seoul,92.0,35.18
2026-09-18T07:05:09,Nam,VNPT,linode_singapore,59.0,107.91
2026-09-18T07:15:58,Nam,VNPT,cloudflare,41.0,26.24
2026-09-18T07:15:58,Nam,VNPT,vultr_singapore,229.0,38.8
2026-09-18T07:15:58,Nam,VNPT,vultr_seoul,94.0,56.4
2026-09-18T07:15:58,Nam,VNPT,linode_singapore,57.0,71.92
2026-09-18T07:26:54,Nam,VNPT,cloudflare,39.0,31.32
2026-09-18T07:26:54,Nam,VNPT,vultr_singapore,227.0,66.75
2026-09-18T07:26:54,Nam,VNPT,vultr_seoul,93.0,129.7
2026-09-18T07:26:54,Nam,VNPT,linode_singapore,61.0,42.81
2026-09-18T07:37:42,Nam,VNPT,cloudflare,41.0,32.27
2026-09-18T07:37:42,Nam,VNPT,vultr_singapore,234.0,44.26
2026-09-18T07:37:42,Nam,VNPT,vultr_seoul,93.0,150.42
2026-09-18T07:37:42,Nam,VNPT,linode_singapore,57.0,93.76
2026-09-18T07:48:27,Nam,VNPT,cloudflare,44.0,24.14
2026-09-18T07:48:27,Nam,VNPT,vultr_singapore,232.0,109.38
2026-09-18T07:48:27,Nam,VNPT,vultr_seoul,93.0,51.8
2026-09-18T07:48:27,Nam,VNPT,linode_singapore,56.0,87.76
2026-09-18T07:59:13,Nam,VNPT,cloudflare,41.0,24.82
2026-09-18T07:59:13,Nam,VNPT,vultr_singapore,229.0,43.97
2026-09-18T07:59:13,Nam,VNPT,vultr_seoul,95.0,88.35
2026-09-18T07:59:13,Nam,VNPT,linode_singapore,59.0,98.58
2026-09-18T08:10:01,Nam,VNPT,cloudflare,40.0,22.08
2026-09-18T08:10:01,Nam,VNPT,vultr_singapore,227.0,28.38
2026-09-18T08:10:01,Nam,VNPT,vultr_seoul,93.0,121.46
2026-09-18T08:10:01,Nam,VNPT,linode_singapore,57.0,88.49
2026-09-18T08:20:47,Nam,VNPT,cloudflare,39.0,25.15
2026-09-18T08:20:47,Nam,VNPT,vultr_singapore,227.0,126.77
2026-09-18T08:20:47,Nam,VNPT,vultr_seoul,92.0,62.98
2026-09-18T08:20:47,Nam,VNPT,linode_singapore,56.0,89.04
2026-09-18T08:31:31,Nam,VNPT,cloudflare,40.0,24.22
2026-09-18T08:31:31,Nam,VNPT,vultr_singapore,227.0,17.41
2026-09-18T08:31:31,Nam,VNPT,vultr_seoul,93.0,116.83
2026-09-18T08:31:31,Nam,VNPT,linode_singapore,55.0,117.32
2026-09-18T08:42:15,Nam,VNPT,cloudflare,41.0,25.6
2026-09-18T08:42:15,Nam,VNPT,vultr_singapore,230.0,85.23
2026-09-18T08:42:15,Nam,VNPT,vultr_seoul,93.0,67.37
2026-09-18T08:42:15,Nam,VNPT,linode_singapore,56.0,66.19
2026-09-18T08:53:05,Nam,VNPT,cloudflare,39.0,25.04
2026-09-18T08:53:05,Nam,VNPT,vultr_singapore,226.0,48.98
2026-09-18T08:53:05,Nam,VNPT,vultr_seoul,92.0,121.28
2026-09-18T08:53:05,Nam,VNPT,linode_singapore,57.0,95.31
2026-09-18T09:03:50,Nam,VNPT,cloudflare,41.0,20.31
2026-09-18T09:03:50,Nam,VNPT,vultr_singapore,233.0,94.15
2026-09-18T09:03:50,Nam,VNPT,vultr_seoul,92.0,117.27
2026-09-18T09:03:50,Nam,VNPT,linode_singapore,56.0,105.76
2026-09-18T09:14:29,Nam,VNPT,cloudflare,42.0,22.82
2026-09-18T09:14:29,Nam,VNPT,vultr_singapore,227.0,86.88
2026-09-18T09:14:29,Nam,VNPT,vultr_seoul,93.0,98.71
2026-09-18T09:14:29,Nam,VNPT,linode_singapore,55.0,47.68
2026-09-18T09:25:17,Nam,VNPT,cloudflare,40.0,29.36
2026-09-18T09:25:17,Nam,VNPT,vultr_singapore,227.0,104.8
2026-09-18T09:25:17,Nam,VNPT,vultr_seoul,91.0,107.11
2026-09-18T09:25:17,Nam,VNPT,linode_singapore,55.0,77.57
2026-09-18T09:35:58,Nam,VNPT,cloudflare,55.0,28.79
2026-09-18T09:35:58,Nam,VNPT,vultr_singapore,228.0,20.54
2026-09-18T09:35:58,Nam,VNPT,vultr_seoul,93.0,103.26
2026-09-18T09:35:58,Nam,VNPT,linode_singapore,58.0,87.3
2026-09-18T09:46:45,Nam,VNPT,cloudflare,41.0,28.86
2026-09-18T09:46:45,Nam,VNPT,vultr_singapore,229.0,60.24
2026-09-18T09:46:45,Nam,VNPT,vultr_seoul,92.0,127.64
2026-09-18T09:46:45,Nam,VNPT,linode_singapore,55.0,79.82
2026-09-18T09:57:31,Nam,VNPT,cloudflare,42.0,25.6
2026-09-18T09:57:31,Nam,VNPT,vultr_singapore,230.0,80.52
2026-09-18T09:57:31,Nam,VNPT,vultr_seoul,93.0,128.3
2026-09-18T09:57:31,Nam,VNPT,linode_singapore,56.0,65.98
2026-09-18T10:08:15,Nam,VNPT,cloudflare,43.0,28.35
2026-09-18T10:08:15,Nam,VNPT,vultr_singapore,226.0,111.13
2026-09-18T10:08:15,Nam,VNPT,vultr_seoul,91.0,121.11
2026-09-18T10:08:15,Nam,VNPT,linode_singapore,56.0,109.95
2026-09-18T10:18:52,Nam,VNPT,cloudflare,41.0,28.53
2026-09-18T10:18:52,Nam,VNPT,vultr_singapore,229.0,121.07
2026-09-18T10:18:52,Nam,VNPT,vultr_seoul,94.0,102.8
2026-09-18T10:18:52,Nam,VNPT,linode_singapore,57.0,90.33
2026-09-18T10:29:31,Nam,VNPT,cloudflare,42.0,24.12
2026-09-18T10:29:31,Nam,VNPT,vultr_singapore,230.0,55.79
2026-09-18T10:29:31,Nam,VNPT,vultr_seoul,97.0,111.67
2026-09-18T10:29:31,Nam,VNPT,linode_singapore,57.0,84.33
2026-09-18T10:40:18,Nam,VNPT,cloudflare,44.0,28.35
2026-09-18T10:40:18,Nam,VNPT,vultr_singapore,228.0,95.18
2026-09-18T10:40:18,Nam,VNPT,vultr_seoul,94.0,66.23
2026-09-18T10:40:18,Nam,VNPT,linode_singapore,57.0,115.59
2026-09-18T10:51:02,Nam,VNPT,cloudflare,39.0,30.89
2026-09-18T10:51:02,Nam,VNPT,vultr_singapore,230.0,61.18
2026-09-18T10:51:02,Nam,VNPT,vultr_seoul,93.0,135.66
2026-09-18T10:51:02,Nam,VNPT,linode_singapore,66.0,61.05
2026-09-18T11:01:50,Nam,VNPT,cloudflare,41.0,13.44
2026-09-18T11:01:50,Nam,VNPT,vultr_singapore,230.0,117.47
2026-09-18T11:01:50,Nam,VNPT,vultr_seoul,92.0,103.63
2026-09-18T11:01:50,Nam,VNPT,linode_singapore,57.0,73.49
2026-09-18T11:12:31,Nam,VNPT,cloudflare,40.0,26.61
2026-09-18T11:12:31,Nam,VNPT,vultr_singapore,229.0,92.69
2026-09-18T11:12:31,Nam,VNPT,vultr_seoul,93.0,102.36
2026-09-18T11:12:31,Nam,VNPT,linode_singapore,58.0,86.68
2026-09-18T11:23:13,Nam,VNPT,cloudflare,42.0,15.83
2026-09-18T11:23:13,Nam,VNPT,vultr_singapore,229.0,65.04
2026-09-18T11:23:13,Nam,VNPT,vultr_seoul,93.0,101.02
2026-09-18T11:23:13,Nam,VNPT,linode_singapore,55.0,74.31
2026-09-18T11:34:00,Nam,VNPT,cloudflare,40.0,23.5
2026-09-18T11:34:00,Nam,VNPT,vultr_singapore,230.0,85.64
2026-09-18T11:34:00,Nam,VNPT,vultr_seoul,92.0,117.28
2026-09-18T11:34:00,Nam,VNPT,linode_singapore,57.0,73.97
2026-09-18T11:44:43,Nam,VNPT,cloudflare,40.0,11.05
2026-09-18T11:44:43,Nam,VNPT,vultr_singapore,227.0,107.59
2026-09-18T11:44:43,Nam,VNPT,vultr_seoul,116.0,68.05
2026-09-18T11:44:43,Nam,VNPT,linode_singapore,56.0,78.52
2026-09-18T11:55:29,Nam,VNPT,cloudflare,41.0,7.9
2026-09-18T11:55:29,Nam,VNPT,vultr_singapore,230.0,6.38
2026-09-18T11:55:29,Nam,VNPT,vultr_seoul,91.0,66.05
2026-09-18T11:55:29,Nam,VNPT,linode_singapore,57.0,90.36
2026-09-18T12:06:22,Nam,VNPT,cloudflare,42.0,8.64
2026-09-18T12:06:22,Nam,VNPT,vultr_singapore,226.0,20.77
2026-09-18T12:06:22,Nam,VNPT,vultr_seoul,92.0,53.14
2026-09-18T12:06:22,Nam,VNPT,linode_singapore,61.0,95.46
2026-09-18T12:17:17,Nam,VNPT,cloudflare,43.0,4.98
2026-09-18T12:17:17,Nam,VNPT,vultr_singapore,229.0,83.83
2026-09-18T12:17:17,Nam,VNPT,vultr_seoul,93.0,9.17
2026-09-18T12:17:17,Nam,VNPT,linode_singapore,58.0,85.43
2026-09-18T12:28:10,Nam,VNPT,cloudflare,45.0,9.88
2026-09-18T12:28:10,Nam,VNPT,vultr_singapore,227.0,104.63
2026-09-18T12:28:10,Nam,VNPT,vultr_seoul,91.0,27.58
2026-09-18T12:28:10,Nam,VNPT,linode_singapore,57.0,80.83
2026-09-18T12:38:59,Nam,VNPT,cloudflare,40.0,13.29
2026-09-18T12:38:59,Nam,VNPT,vultr_singapore,231.0,90.49
2026-09-18T12:38:59,Nam,VNPT,vultr_seoul,96.0,18.75
2026-09-18T12:38:59,Nam,VNPT,linode_singapore,57.0,83.87
2026-09-18T12:49:48,Nam,VNPT,cloudflare,41.0,7.26
2026-09-18T12:49:48,Nam,VNPT,vultr_singapore,228.0,61.92
2026-09-18T12:49:48,Nam,VNPT,vultr_seoul,91.0,5.07
2026-09-18T12:49:48,Nam,VNPT,linode_singapore,58.0,91.13
2026-09-18T13:00:42,Nam,VNPT,cloudflare,41.0,3.78
2026-09-18T13:00:42,Nam,VNPT,vultr_singapore,232.0,22.38
2026-09-18T13:00:42,Nam,VNPT,vultr_seoul,96.0,10.06
2026-09-18T13:00:42,Nam,VNPT,linode_singapore,57.0,66.88
2026-09-18T13:11:43,Nam,VNPT,cloudflare,40.0,15.6
2026-09-18T13:11:43,Nam,VNPT,vultr_singapore,228.0,3.3
2026-09-18T13:11:43,Nam,VNPT,vultr_seoul,97.0,21.77
2026-09-18T13:11:43,Nam,VNPT,linode_singapore,57.0,76.77
2026-09-18T13:22:39,Nam,VNPT,cloudflare,40.0,8.24
2026-09-18T13:22:39,Nam,VNPT,vultr_singapore,228.0,40.6
2026-09-18T13:22:39,Nam,VNPT,vultr_seoul,95.0,81.61
2026-09-18T13:22:39,Nam,VNPT,linode_singapore,58.0,118.27
2026-09-18T13:33:27,Nam,VNPT,cloudflare,40.0,11.92
2026-09-18T13:33:27,Nam,VNPT,vultr_singapore,229.0,100.66
2026-09-18T13:33:27,Nam,VNPT,vultr_seoul,95.0,20.45
2026-09-18T13:33:27,Nam,VNPT,linode_singapore,55.0,104.39
2026-09-18T13:44:14,Nam,VNPT,cloudflare,42.0,17.4
2026-09-18T13:44:14,Nam,VNPT,vultr_singapore,229.0,18.68
2026-09-18T13:44:14,Nam,VNPT,vultr_seoul,97.0,83.2
2026-09-18T13:44:14,Nam,VNPT,linode_singapore,56.0,80.4
2026-09-18T17:26:35,Nam,VNPT,cloudflare,40.0,29.26
2026-09-18T17:26:35,Nam,VNPT,vultr_singapore,231.0,10.91
2026-09-18T17:26:35,Nam,VNPT,vultr_seoul,89.0,117.03
2026-09-18T17:26:35,Nam,VNPT,linode_singapore,57.0,102.51
2026-09-18T17:37:19,Nam,VNPT,cloudflare,40.0,30.89
2026-09-18T17:37:19,Nam,VNPT,vultr_singapore,228.0,8.97
2026-09-18T17:37:19,Nam,VNPT,vultr_seoul,89.0,128.78
2026-09-18T17:37:19,Nam,VNPT,linode_singapore,57.0,91.53
2026-09-18T17:48:05,Nam,VNPT,cloudflare,42.0,27.04
2026-09-18T17:48:05,Nam,VNPT,vultr_singapore,227.0,10.46
2026-09-18T17:48:05,Nam,VNPT,vultr_seoul,89.0,128.71
2026-09-18T17:48:05,Nam,VNPT,linode_singapore,57.0,115.17
2026-09-18T17:58:49,Nam,VNPT,cloudflare,42.0,27.96
2026-09-18T17:58:49,Nam,VNPT,vultr_singapore,226.0,2.46
2026-09-18T17:58:49,Nam,VNPT,vultr_seoul,92.0,105.92
2026-09-18T17:58:49,Nam,VNPT,linode_singapore,57.0,113.13
2026-09-18T18:09:34,Nam,VNPT,cloudflare,41.0,25.61
2026-09-18T18:09:34,Nam,VNPT,vultr_singapore,231.0,9.82
2026-09-18T18:09:34,Nam,VNPT,vultr_seoul,92.0,135.62
2026-09-18T18:09:34,Nam,VNPT,linode_singapore,57.0,88.72
2026-09-18T18:20:20,Nam,VNPT,cloudflare,47.0,23.5
2026-09-18T18:20:20,Nam,VNPT,vultr_singapore,228.0,8.42
2026-09-18T18:20:20,Nam,VNPT,vultr_seoul,90.0,78.25
2026-09-18T18:20:20,Nam,VNPT,linode_singapore,62.0,91.46
2026-09-18T18:31:10,Nam,VNPT,cloudflare,63.0,10.17
2026-09-18T18:31:10,Nam,VNPT,vultr_singapore,227.0,12.97
2026-09-18T18:31:10,Nam,VNPT,vultr_seoul,92.0,108.51
2026-09-18T18:31:10,Nam,VNPT,linode_singapore,57.0,103.2
2026-09-18T18:41:58,Nam,VNPT,cloudflare,44.0,25.62
2026-09-18T18:41:58,Nam,VNPT,vultr_singapore,239.0,2.31
2026-09-18T18:41:58,Nam,VNPT,vultr_seoul,90.0,20.61
2026-09-18T18:41:58,Nam,VNPT,linode_singapore,60.0,77.74
2026-09-18T18:52:53,Nam,VNPT,cloudflare,42.0,21.34
2026-09-18T18:52:53,Nam,VNPT,vultr_singapore,229.0,2.05
2026-09-18T18:52:53,Nam,VNPT,vultr_seoul,98.0,92.77
2026-09-18T18:52:53,Nam,VNPT,linode_singapore,56.0,99.11
2026-09-18T19:03:40,Nam,VNPT,cloudflare,42.0,16.9
2026-09-18T19:03:40,Nam,VNPT,vultr_singapore,228.0,2.21
2026-09-18T19:03:40,Nam,VNPT,vultr_seoul,90.0,70.41
2026-09-18T19:03:40,Nam,VNPT,linode_singapore,58.0,94.26
2026-09-18T19:14:31,Nam,VNPT,cloudflare,41.0,20.19
2026-09-18T19:14:31,Nam,VNPT,vultr_singapore,228.0,8.19
2026-09-18T19:14:31,Nam,VNPT,vultr_seoul,95.0,10.72
2026-09-18T19:14:31,Nam,VNPT,linode_singapore,58.0,96.85
2026-09-18T19:25:24,Nam,VNPT,cloudflare,41.0,11.2
2026-09-18T19:25:24,Nam,VNPT,vultr_singapore,227.0,12.48
2026-09-18T19:25:24,Nam,VNPT,vultr_seoul,90.0,39.48
2026-09-18T19:25:24,Nam,VNPT,linode_singapore,61.0,46.71
2026-09-18T19:36:25,Nam,VNPT,cloudflare,43.0,17.57
2026-09-18T19:36:25,Nam,VNPT,vultr_singapore,228.0,1.73
2026-09-18T19:36:25,Nam,VNPT,vultr_seoul,90.0,51.12
2026-09-18T19:36:25,Nam,VNPT,linode_singapore,57.0,128.39
2026-09-18T19:47:16,Nam,VNPT,cloudflare,40.0,6.67
2026-09-18T19:47:16,Nam,VNPT,vultr_singapore,228.0,1.62
2026-09-18T19:47:16,Nam,VNPT,vultr_seoul,90.0,54.48
2026-09-18T19:47:16,Nam,VNPT,linode_singapore,56.0,100.82
2026-09-18T19:58:11,Nam,VNPT,cloudflare,42.0,8.85
2026-09-18T19:58:11,Nam,VNPT,vultr_singapore,227.0,85.0
2026-09-18T19:58:11,Nam,VNPT,vultr_seoul,89.0,28.86
2026-09-18T19:58:11,Nam,VNPT,linode_singapore,63.0,70.84
2026-09-18T20:09:04,Nam,VNPT,cloudflare,41.0,9.88
2026-09-18T20:09:04,Nam,VNPT,vultr_singapore,226.0,3.94
2026-09-18T20:09:04,Nam,VNPT,vultr_seoul,88.0,16.93
2026-09-18T20:09:04,Nam,VNPT,linode_singapore,56.0,122.21
2026-09-18T20:19:57,Nam,VNPT,cloudflare,45.0,9.06
2026-09-18T20:19:57,Nam,VNPT,vultr_singapore,232.0,13.33
2026-09-18T20:19:57,Nam,VNPT,vultr_seoul,91.0,33.2
2026-09-18T20:19:57,Nam,VNPT,linode_singapore,56.0,73.64
2026-09-18T20:30:54,Nam,VNPT,cloudflare,43.0,8.28
2026-09-18T20:30:54,Nam,VNPT,vultr_singapore,229.0,3.22
2026-09-18T20:30:54,Nam,VNPT,vultr_seoul,91.0,16.83
2026-09-18T20:30:54,Nam,VNPT,linode_singapore,56.0,60.89
2026-09-18T20:41:54,Nam,VNPT,cloudflare,39.0,9.95
2026-09-18T20:41:54,Nam,VNPT,vultr_singapore,230.0,10.74
2026-09-18T20:41:54,Nam,VNPT,vultr_seoul,88.0,21.09
2026-09-18T20:41:54,Nam,VNPT,linode_singapore,63.0,82.08
2026-09-18T22:17:12,Nam,VNPT,cloudflare,41.0,4.11
2026-09-18T22:17:12,Nam,VNPT,vultr_singapore,282.0,3.65
2026-09-18T22:17:12,Nam,VNPT,vultr_seoul,90.0,7.49
2026-09-18T22:17:12,Nam,VNPT,linode_singapore,61.0,54.36
2026-09-18T22:28:16,Nam,VNPT,cloudflare,44.0,6.49
2026-09-18T22:28:16,Nam,VNPT,vultr_singapore,281.0,14.64
2026-09-18T22:28:16,Nam,VNPT,vultr_seoul,95.0,25.2
2026-09-18T22:28:16,Nam,VNPT,linode_singapore,59.0,73.24
2026-09-18T22:39:14,Nam,VNPT,cloudflare,41.0,3.45
2026-09-18T22:39:14,Nam,VNPT,vultr_singapore,233.0,4.86
2026-09-18T22:39:14,Nam,VNPT,vultr_seoul,90.0,28.37
2026-09-18T22:39:14,Nam,VNPT,linode_singapore,59.0,78.38
2026-09-18T22:50:14,Nam,VNPT,cloudflare,42.0,10.22
2026-09-18T22:50:14,Nam,VNPT,vultr_singapore,231.0,1.43
2026-09-18T22:50:14,Nam,VNPT,vultr_seoul,90.0,23.89
2026-09-18T22:50:14,Nam,VNPT,linode_singapore,57.0,93.46
2026-09-18T23:01:10,Nam,VNPT,cloudflare,45.0,15.05
2026-09-18T23:01:10,Nam,VNPT,vultr_singapore,233.0,1.02
2026-09-18T23:01:10,Nam,VNPT,vultr_seoul,137.0,5.95
2026-09-18T23:01:10,Nam,VNPT,linode_singapore,42.0,0.46
2026-09-18T23:12:11,Nam,VNPT,cloudflare,41.0,4.99
2026-09-18T23:12:11,Nam,VNPT,vultr_singapore,221.0,5.81
2026-09-18T23:12:11,Nam,VNPT,vultr_seoul,106.0,32.85
2026-09-18T23:12:11,Nam,VNPT,linode_singapore,43.0,2.76
2026-09-18T23:23:14,Nam,VNPT,cloudflare,41.0,15.89
2026-09-18T23:23:14,Nam,VNPT,vultr_singapore,220.0,4.66
2026-09-18T23:23:14,Nam,VNPT,vultr_seoul,98.0,65.82
2026-09-18T23:23:14,Nam,VNPT,linode_singapore,44.0,13.78
2026-09-18T23:34:12,Nam,VNPT,cloudflare,42.0,29.36
2026-09-18T23:34:12,Nam,VNPT,vultr_singapore,228.0,51.16
2026-09-18T23:34:12,Nam,VNPT,vultr_seoul,98.0,149.43
2026-09-18T23:34:12,Nam,VNPT,linode_singapore,41.0,95.18
2026-09-18T23:44:57,Nam,VNPT,cloudflare,44.0,23.51
2026-09-18T23:44:57,Nam,VNPT,vultr_singapore,220.0,10.83
2026-09-18T23:44:57,Nam,VNPT,vultr_seoul,98.0,134.43
2026-09-18T23:44:57,Nam,VNPT,linode_singapore,41.0,102.42
2026-09-18T23:55:41,Nam,VNPT,cloudflare,41.0,30.89
2026-09-18T23:55:41,Nam,VNPT,vultr_singapore,220.0,6.96
2026-09-18T23:55:41,Nam,VNPT,vultr_seoul,95.0,122.61
2026-09-18T23:55:41,Nam,VNPT,linode_singapore,43.0,139.59
2026-09-19T00:06:24,Nam,VNPT,cloudflare,41.0,23.1
2026-09-19T00:06:24,Nam,VNPT,vultr_singapore,219.0,2.44
2026-09-19T00:06:24,Nam,VNPT,vultr_seoul,96.0,7.54
2026-09-19T00:06:24,Nam,VNPT,linode_singapore,41.0,119.71
2026-09-19T00:17:17,Nam,VNPT,cloudflare,40.0,27.52
2026-09-19T00:17:17,Nam,VNPT,vultr_singapore,225.0,16.12
2026-09-19T00:17:17,Nam,VNPT,vultr_seoul,96.0,145.97
2026-09-19T00:17:17,Nam,VNPT,linode_singapore,41.0,126.02
2026-09-19T00:28:00,Nam,VNPT,cloudflare,42.0,23.52
2026-09-19T00:28:00,Nam,VNPT,vultr_singapore,224.0,17.15
2026-09-19T00:28:00,Nam,VNPT,vultr_seoul,96.0,155.75
2026-09-19T00:28:00,Nam,VNPT,linode_singapore,44.0,138.32
2026-09-19T00:38:42,Nam,VNPT,cloudflare,40.0,29.34
2026-09-19T00:38:42,Nam,VNPT,vultr_singapore,221.0,26.93
2026-09-19T00:38:42,Nam,VNPT,vultr_seoul,96.0,155.57
2026-09-19T00:38:42,Nam,VNPT,linode_singapore,41.0,150.8
2026-09-19T00:49:22,Nam,VNPT,cloudflare,39.0,28.81
2026-09-19T00:49:22,Nam,VNPT,vultr_singapore,220.0,2.57
2026-09-19T00:49:22,Nam,VNPT,vultr_seoul,96.0,146.88
2026-09-19T00:49:22,Nam,VNPT,linode_singapore,43.0,106.53
2026-09-19T01:00:06,Nam,VNPT,cloudflare,39.0,31.13
2026-09-19T01:00:06,Nam,VNPT,vultr_singapore,233.0,12.51
2026-09-19T01:00:06,Nam,VNPT,vultr_seoul,96.0,144.33
2026-09-19T01:00:06,Nam,VNPT,linode_singapore,41.0,106.18
2026-09-19T01:10:49,Nam,VNPT,cloudflare,40.0,26.51
2026-09-19T01:10:49,Nam,VNPT,vultr_singapore,228.0,13.16
2026-09-19T01:10:49,Nam,VNPT,vultr_seoul,96.0,122.62
2026-09-19T01:10:49,Nam,VNPT,linode_singapore,40.0,100.82
2026-09-19T01:21:34,Nam,VNPT,cloudflare,40.0,30.67
2026-09-19T01:21:34,Nam,VNPT,vultr_singapore,228.0,10.32
2026-09-19T01:21:34,Nam,VNPT,vultr_seoul,96.0,116.69
2026-09-19T01:21:34,Nam,VNPT,linode_singapore,41.0,132.82
2026-09-19T01:32:18,Nam,VNPT,cloudflare,41.0,26.05
2026-09-19T01:32:18,Nam,VNPT,vultr_singapore,228.0,11.1
2026-09-19T01:32:18,Nam,VNPT,vultr_seoul,98.0,153.1
2026-09-19T01:32:18,Nam,VNPT,linode_singapore,41.0,3.74
2026-09-19T01:43:08,Nam,VNPT,cloudflare,40.0,30.68
2026-09-19T01:43:08,Nam,VNPT,vultr_singapore,228.0,7.77
2026-09-19T01:43:08,Nam,VNPT,vultr_seoul,97.0,150.24
2026-09-19T01:43:08,Nam,VNPT,linode_singapore,41.0,118.5
2026-09-19T01:53:51,Nam,VNPT,cloudflare,44.0,30.89
2026-09-19T01:53:51,Nam,VNPT,vultr_singapore,231.0,9.92
2026-09-19T01:53:51,Nam,VNPT,vultr_seoul,97.0,139.97
2026-09-19T01:53:51,Nam,VNPT,linode_singapore,43.0,100.17
2026-09-19T02:04:35,Nam,VNPT,cloudflare,41.0,32.22
2026-09-19T02:04:35,Nam,VNPT,vultr_singapore,227.0,36.52
2026-09-19T02:04:35,Nam,VNPT,vultr_seoul,102.0,112.32
2026-09-19T02:04:35,Nam,VNPT,linode_singapore,40.0,106.7
2026-09-19T02:15:21,Nam,VNPT,cloudflare,40.0,26.15
2026-09-19T02:15:21,Nam,VNPT,vultr_singapore,227.0,42.58
2026-09-19T02:15:21,Nam,VNPT,vultr_seoul,94.0,148.64
2026-09-19T02:15:21,Nam,VNPT,linode_singapore,41.0,157.45
2026-09-19T02:26:01,Nam,VNPT,cloudflare,40.0,29.53
2026-09-19T02:26:01,Nam,VNPT,vultr_singapore,227.0,16.04
2026-09-19T02:26:01,Nam,VNPT,vultr_seoul,94.0,144.04
2026-09-19T02:26:01,Nam,VNPT,linode_singapore,42.0,107.76
2026-09-19T02:36:45,Nam,VNPT,cloudflare,40.0,23.26
2026-09-19T02:36:45,Nam,VNPT,vultr_singapore,228.0,9.12
2026-09-19T02:36:45,Nam,VNPT,vultr_seoul,96.0,138.14
2026-09-19T02:36:45,Nam,VNPT,linode_singapore,44.0,99.92
2026-09-19T02:47:29,Nam,VNPT,cloudflare,41.0,25.07
2026-09-19T02:47:29,Nam,VNPT,vultr_singapore,227.0,2.44
2026-09-19T02:47:29,Nam,VNPT,vultr_seoul,96.0,132.0
2026-09-19T02:47:29,Nam,VNPT,linode_singapore,41.0,104.95
2026-09-19T02:58:14,Nam,VNPT,cloudflare,39.0,24.06
2026-09-19T02:58:14,Nam,VNPT,vultr_singapore,229.0,2.44
2026-09-19T02:58:14,Nam,VNPT,vultr_seoul,95.0,122.75
2026-09-19T02:58:14,Nam,VNPT,linode_singapore,40.0,109.69
2026-09-19T03:08:58,Nam,VNPT,cloudflare,40.0,28.25
2026-09-19T03:08:58,Nam,VNPT,vultr_singapore,228.0,10.55
2026-09-19T03:08:58,Nam,VNPT,vultr_seoul,96.0,28.75
2026-09-19T03:08:58,Nam,VNPT,linode_singapore,41.0,109.81
2026-09-19T03:19:51,Nam,VNPT,cloudflare,43.0,28.33
2026-09-19T03:19:51,Nam,VNPT,vultr_singapore,228.0,8.34
2026-09-19T03:19:51,Nam,VNPT,vultr_seoul,98.0,142.03
2026-09-19T03:19:51,Nam,VNPT,linode_singapore,41.0,131.37
2026-09-19T03:30:33,Nam,VNPT,cloudflare,41.0,25.81
2026-09-19T03:30:33,Nam,VNPT,vultr_singapore,228.0,8.77
2026-09-19T03:30:33,Nam,VNPT,vultr_seoul,95.0,138.14
2026-09-19T03:30:33,Nam,VNPT,linode_singapore,40.0,119.55
2026-09-19T03:41:16,Nam,VNPT,cloudflare,42.0,25.9
2026-09-19T03:41:16,Nam,VNPT,vultr_singapore,228.0,12.37
2026-09-19T03:41:16,Nam,VNPT,vultr_seoul,95.0,133.91
2026-09-19T03:41:16,Nam,VNPT,linode_singapore,41.0,114.56
2026-09-19T03:52:00,Nam,VNPT,cloudflare,41.0,22.41
2026-09-19T03:52:00,Nam,VNPT,vultr_singapore,229.0,48.43
2026-09-19T03:52:00,Nam,VNPT,vultr_seoul,95.0,143.48
2026-09-19T03:52:00,Nam,VNPT,linode_singapore,42.0,126.06
2026-09-19T04:02:43,Nam,VNPT,cloudflare,43.0,25.17
2026-09-19T04:02:43,Nam,VNPT,vultr_singapore,231.0,2.44
2026-09-19T04:02:43,Nam,VNPT,vultr_seoul,98.0,110.3
2026-09-19T04:02:43,Nam,VNPT,linode_singapore,42.0,138.39
2026-09-19T04:13:27,Nam,VNPT,cloudflare,41.0,26.12
2026-09-19T04:13:27,Nam,VNPT,vultr_singapore,228.0,21.21
2026-09-19T04:13:27,Nam,VNPT,vultr_seoul,96.0,30.33
2026-09-19T04:13:27,Nam,VNPT,linode_singapore,45.0,144.45
2026-09-19T04:24:18,Nam,VNPT,cloudflare,42.0,26.66
2026-09-19T04:24:18,Nam,VNPT,vultr_singapore,230.0,12.59
2026-09-19T04:24:18,Nam,VNPT,vultr_seoul,100.0,131.83
2026-09-19T04:24:18,Nam,VNPT,linode_singapore,42.0,129.49
2026-09-19T04:35:00,Nam,VNPT,cloudflare,46.0,18.42
2026-09-19T04:35:00,Nam,VNPT,vultr_singapore,239.0,9.41
2026-09-19T04:35:00,Nam,VNPT,vultr_seoul,95.0,143.07
2026-09-19T04:35:00,Nam,VNPT,linode_singapore,41.0,103.81
2026-09-19T04:45:45,Nam,VNPT,cloudflare,40.0,33.8
2026-09-19T04:45:45,Nam,VNPT,vultr_singapore,227.0,11.86
2026-09-19T04:45:45,Nam,VNPT,vultr_seoul,95.0,157.24
2026-09-19T04:45:45,Nam,VNPT,linode_singapore,41.0,104.17
2026-09-19T04:56:28,Nam,VNPT,cloudflare,39.0,29.96
2026-09-19T04:56:28,Nam,VNPT,vultr_singapore,227.0,29.72
2026-09-19T04:56:28,Nam,VNPT,vultr_seoul,96.0,147.68
2026-09-19T04:56:28,Nam,VNPT,linode_singapore,40.0,97.18
2026-09-19T05:07:12,Nam,VNPT,cloudflare,43.0,30.86
2026-09-19T05:07:12,Nam,VNPT,vultr_singapore,228.0,8.61
2026-09-19T05:07:12,Nam,VNPT,vultr_seoul,96.0,110.75
2026-09-19T05:07:12,Nam,VNPT,linode_singapore,41.0,120.89
2026-09-19T05:17:56,Nam,VNPT,cloudflare,42.0,30.9
2026-09-19T05:17:56,Nam,VNPT,vultr_singapore,233.0,10.73
2026-09-19T05:17:56,Nam,VNPT,vultr_seoul,96.0,147.78
2026-09-19T05:17:56,Nam,VNPT,linode_singapore,41.0,147.67
2026-09-19T05:28:37,Nam,VNPT,cloudflare,41.0,26.76
2026-09-19T05:28:37,Nam,VNPT,vultr_singapore,227.0,8.92
2026-09-19T05:28:37,Nam,VNPT,vultr_seoul,97.0,60.98
2026-09-19T05:28:37,Nam,VNPT,linode_singapore,42.0,112.71
2026-09-21T11:50:23,Nam,VNPT,cloudflare,49.0,22.29
2026-09-21T11:50:23,Nam,VNPT,vultr_singapore,229.0,11.41
2026-09-21T11:50:23,Nam,VNPT,vultr_seoul,97.0,21.74
2026-09-21T11:50:23,Nam,VNPT,linode_singapore,49.0,74.66
2026-09-21T12:01:20,Nam,VNPT,cloudflare,40.0,17.32
2026-09-21T12:01:20,Nam,VNPT,vultr_singapore,228.0,15.63
2026-09-21T12:01:20,Nam,VNPT,vultr_seoul,110.0,45.93
2026-09-21T12:01:20,Nam,VNPT,linode_singapore,50.0,49.18
2026-09-21T12:12:20,Nam,VNPT,cloudflare,43.0,11.53
2026-09-21T12:12:20,Nam,VNPT,vultr_singapore,230.0,12.81
2026-09-21T12:12:20,Nam,VNPT,vultr_seoul,97.0,105.3
2026-09-21T12:12:20,Nam,VNPT,linode_singapore,50.0,68.84
2026-09-21T12:23:12,Nam,VNPT,cloudflare,40.0,27.09
2026-09-21T12:23:12,Nam,VNPT,vultr_singapore,229.0,10.79
2026-09-21T12:23:12,Nam,VNPT,vultr_seoul,96.0,92.46
2026-09-21T12:23:12,Nam,VNPT,linode_singapore,63.0,67.48
2026-09-21T12:34:03,Nam,VNPT,cloudflare,40.0,27.87
2026-09-21T12:34:03,Nam,VNPT,vultr_singapore,230.0,12.24
2026-09-21T12:34:03,Nam,VNPT,vultr_seoul,96.0,111.47
2026-09-21T12:34:03,Nam,VNPT,linode_singapore,49.0,78.78
2026-09-21T12:44:51,Nam,VNPT,cloudflare,41.0,27.13
2026-09-21T12:44:51,Nam,VNPT,vultr_singapore,229.0,13.16
2026-09-21T12:44:51,Nam,VNPT,vultr_seoul,99.0,123.53
2026-09-21T12:44:51,Nam,VNPT,linode_singapore,50.0,84.18
2026-09-21T12:55:39,Nam,VNPT,cloudflare,40.0,27.25
2026-09-21T12:55:39,Nam,VNPT,vultr_singapore,231.0,10.83
2026-09-21T12:55:39,Nam,VNPT,vultr_seoul,96.0,122.16
2026-09-21T12:55:39,Nam,VNPT,linode_singapore,52.0,97.95
2026-09-21T13:06:26,Nam,VNPT,cloudflare,40.0,25.3
2026-09-21T13:06:26,Nam,VNPT,vultr_singapore,228.0,20.11
2026-09-21T13:06:26,Nam,VNPT,vultr_seoul,97.0,134.07
2026-09-21T13:06:26,Nam,VNPT,linode_singapore,54.0,88.94
2026-09-21T13:17:11,Nam,VNPT,cloudflare,42.0,24.05
2026-09-21T13:17:11,Nam,VNPT,vultr_singapore,230.0,13.12
2026-09-21T13:17:11,Nam,VNPT,vultr_seoul,96.0,129.2
2026-09-21T13:17:11,Nam,VNPT,linode_singapore,50.0,78.05
2026-09-13T12:42:38,Trung,Viettel,cloudflare,48.0,29.06
2026-09-13T12:42:38,Trung,Viettel,vultr_singapore,52.0,14.82
2026-09-13T12:42:38,Trung,Viettel,vultr_seoul,300.0,109.0
2026-09-13T12:42:38,Trung,Viettel,linode_singapore,67.0,99.73
2026-09-13T12:53:24,Trung,Viettel,cloudflare,55.0,29.5
2026-09-13T12:53:24,Trung,Viettel,vultr_singapore,50.0,20.32
2026-09-13T12:53:24,Trung,Viettel,vultr_seoul,298.0,94.92
2026-09-13T12:53:24,Trung,Viettel,linode_singapore,61.0,93.71
2026-09-13T13:04:13,Trung,Viettel,cloudflare,60.0,33.35
2026-09-13T13:04:13,Trung,Viettel,vultr_singapore,49.0,14.13
2026-09-13T13:04:13,Trung,Viettel,vultr_seoul,286.0,97.51
2026-09-13T13:04:13,Trung,Viettel,linode_singapore,53.0,46.69
2026-09-13T13:15:07,Trung,Viettel,cloudflare,64.0,30.81
2026-09-13T13:15:07,Trung,Viettel,vultr_singapore,54.0,41.86
2026-09-13T13:15:07,Trung,Viettel,vultr_seoul,247.0,66.45
2026-09-13T13:15:07,Trung,Viettel,linode_singapore,59.0,57.54
2026-09-13T13:26:04,Trung,Viettel,cloudflare,61.0,33.53
2026-09-13T13:26:04,Trung,Viettel,vultr_singapore,49.0,13.69
2026-09-13T13:26:04,Trung,Viettel,vultr_seoul,293.0,57.92
2026-09-13T13:26:04,Trung,Viettel,linode_singapore,64.0,104.33
2026-09-13T13:36:55,Trung,Viettel,cloudflare,83.0,27.89
2026-09-13T13:36:55,Trung,Viettel,vultr_singapore,48.0,11.3
2026-09-13T13:36:55,Trung,Viettel,vultr_seoul,253.0,37.58
2026-09-13T13:36:55,Trung,Viettel,linode_singapore,68.0,79.43
2026-09-13T13:47:50,Trung,Viettel,cloudflare,57.0,28.81
2026-09-13T13:47:50,Trung,Viettel,vultr_singapore,48.0,18.33
2026-09-13T13:47:50,Trung,Viettel,vultr_seoul,255.0,128.53
2026-09-13T13:47:50,Trung,Viettel,linode_singapore,61.0,86.45
2026-09-13T13:58:38,Trung,Viettel,cloudflare,60.0,31.12
2026-09-13T13:58:38,Trung,Viettel,vultr_singapore,48.0,14.32
2026-09-13T13:58:38,Trung,Viettel,vultr_seoul,297.0,47.51
2026-09-13T13:58:38,Trung,Viettel,linode_singapore,61.0,75.04
2026-09-13T14:09:35,Trung,Viettel,cloudflare,57.0,26.7
2026-09-13T14:09:35,Trung,Viettel,vultr_singapore,50.0,15.09
2026-09-13T14:09:35,Trung,Viettel,vultr_seoul,263.0,38.48
2026-09-13T14:09:35,Trung,Viettel,linode_singapore,61.0,74.15
2026-09-13T14:20:32,Trung,Viettel,cloudflare,59.0,32.54
2026-09-13T14:20:32,Trung,Viettel,vultr_singapore,50.0,14.07
2026-09-13T14:20:32,Trung,Viettel,vultr_seoul,264.0,118.41
2026-09-13T14:20:32,Trung,Viettel,linode_singapore,55.0,103.85
2026-09-13T14:31:16,Trung,Viettel,cloudflare,60.0,26.38
2026-09-13T14:31:16,Trung,Viettel,vultr_singapore,51.0,13.49
2026-09-13T14:31:16,Trung,Viettel,vultr_seoul,281.0,124.24
2026-09-13T14:31:16,Trung,Viettel,linode_singapore,58.0,67.53
2026-09-13T14:42:04,Trung,Viettel,cloudflare,47.0,30.5
2026-09-13T14:42:04,Trung,Viettel,vultr_singapore,39.0,20.1
2026-09-13T14:42:04,Trung,Viettel,vultr_seoul,224.0,139.18
2026-09-13T14:42:04,Trung,Viettel,linode_singapore,56.0,76.78
2026-09-13T14:52:52,Trung,Viettel,cloudflare,49.0,32.98
2026-09-13T14:52:52,Trung,Viettel,vultr_singapore,39.0,19.59
2026-09-13T14:52:52,Trung,Viettel,vultr_seoul,226.0,112.51
2026-09-13T14:52:52,Trung,Viettel,linode_singapore,64.0,93.65
2026-09-13T15:03:37,Trung,Viettel,cloudflare,55.0,33.67
2026-09-13T15:03:37,Trung,Viettel,vultr_singapore,48.0,12.6
2026-09-13T15:03:37,Trung,Viettel,vultr_seoul,233.0,145.59
2026-09-13T15:03:37,Trung,Viettel,linode_singapore,57.0,106.47
2026-09-13T15:14:19,Trung,Viettel,cloudflare,89.0,28.94
2026-09-13T15:14:19,Trung,Viettel,vultr_singapore,47.0,18.8
2026-09-13T15:14:19,Trung,Viettel,vultr_seoul,229.0,58.54
2026-09-13T15:14:19,Trung,Viettel,linode_singapore,78.0,46.67
2026-09-13T15:25:18,Trung,Viettel,cloudflare,59.0,27.36
2026-09-13T15:25:18,Trung,Viettel,vultr_singapore,46.0,34.34
2026-09-13T15:25:18,Trung,Viettel,vultr_seoul,227.0,121.01
2026-09-13T15:25:18,Trung,Viettel,linode_singapore,54.0,73.89
2026-09-13T15:36:05,Trung,Viettel,cloudflare,80.0,32.25
2026-09-13T15:36:05,Trung,Viettel,vultr_singapore,50.0,28.66
2026-09-13T15:36:05,Trung,Viettel,vultr_seoul,229.0,137.26
2026-09-13T15:36:05,Trung,Viettel,linode_singapore,62.0,68.73
2026-09-13T15:46:55,Trung,Viettel,cloudflare,47.0,33.65
2026-09-13T15:46:55,Trung,Viettel,vultr_singapore,46.0,13.35
2026-09-13T15:46:55,Trung,Viettel,vultr_seoul,227.0,126.97
2026-09-13T15:46:55,Trung,Viettel,linode_singapore,52.0,87.28
2026-09-13T15:57:40,Trung,Viettel,cloudflare,48.0,32.12
2026-09-13T15:57:40,Trung,Viettel,vultr_singapore,44.0,14.44
2026-09-13T15:57:40,Trung,Viettel,vultr_seoul,224.0,93.39
2026-09-13T15:57:40,Trung,Viettel,linode_singapore,63.0,75.73
2026-09-13T16:08:31,Trung,Viettel,cloudflare,47.0,35.4
2026-09-13T16:08:31,Trung,Viettel,vultr_singapore,49.0,14.49
2026-09-13T16:08:31,Trung,Viettel,vultr_seoul,230.0,127.27
2026-09-13T16:08:31,Trung,Viettel,linode_singapore,63.0,70.98
2026-09-13T16:19:19,Trung,Viettel,cloudflare,49.0,26.07
2026-09-13T16:19:19,Trung,Viettel,vultr_singapore,47.0,12.87
2026-09-13T16:19:19,Trung,Viettel,vultr_seoul,234.0,122.58
2026-09-13T16:19:19,Trung,Viettel,linode_singapore,65.0,74.6
2026-09-13T16:30:10,Trung,Viettel,cloudflare,48.0,36.53
2026-09-13T16:30:10,Trung,Viettel,vultr_singapore,49.0,49.69
2026-09-13T16:30:10,Trung,Viettel,vultr_seoul,234.0,113.82
2026-09-13T16:30:10,Trung,Viettel,linode_singapore,54.0,92.06
2026-09-13T16:40:55,Trung,Viettel,cloudflare,40.0,33.14
2026-09-13T16:40:55,Trung,Viettel,vultr_singapore,38.0,17.68
2026-09-13T16:40:55,Trung,Viettel,vultr_seoul,227.0,136.94
2026-09-13T16:40:55,Trung,Viettel,linode_singapore,54.0,107.33
2026-09-13T16:51:41,Trung,Viettel,cloudflare,48.0,28.4
2026-09-13T16:51:41,Trung,Viettel,vultr_singapore,36.0,15.53
2026-09-13T16:51:41,Trung,Viettel,vultr_seoul,224.0,127.35
2026-09-13T16:51:41,Trung,Viettel,linode_singapore,62.0,96.04
2026-09-13T17:02:25,Trung,Viettel,cloudflare,58.0,34.23
2026-09-13T17:02:25,Trung,Viettel,vultr_singapore,48.0,86.87
2026-09-13T17:02:25,Trung,Viettel,vultr_seoul,229.0,109.91
2026-09-13T17:02:25,Trung,Viettel,linode_singapore,63.0,80.99
2026-09-13T17:13:06,Trung,Viettel,cloudflare,51.0,16.3
2026-09-13T17:13:06,Trung,Viettel,vultr_singapore,50.0,17.83
2026-09-13T17:13:06,Trung,Viettel,vultr_seoul,234.0,75.55
2026-09-13T17:13:06,Trung,Viettel,linode_singapore,64.0,71.58
2026-09-13T17:24:00,Trung,Viettel,cloudflare,55.0,26.39
2026-09-13T17:24:00,Trung,Viettel,vultr_singapore,48.0,14.12
2026-09-13T17:24:00,Trung,Viettel,vultr_seoul,232.0,140.76
2026-09-13T17:24:00,Trung,Viettel,linode_singapore,65.0,72.01
2026-09-13T17:34:54,Trung,Viettel,cloudflare,47.0,32.76
2026-09-13T17:34:54,Trung,Viettel,vultr_singapore,40.0,13.13
2026-09-13T17:34:54,Trung,Viettel,vultr_seoul,233.0,133.18
2026-09-13T17:34:54,Trung,Viettel,linode_singapore,54.0,92.64
2026-09-13T17:45:39,Trung,Viettel,cloudflare,49.0,33.35
2026-09-13T17:45:39,Trung,Viettel,vultr_singapore,39.0,13.15
2026-09-13T17:45:39,Trung,Viettel,vultr_seoul,223.0,69.15
2026-09-13T17:45:39,Trung,Viettel,linode_singapore,56.0,95.52
2026-09-13T17:56:29,Trung,Viettel,cloudflare,49.0,37.49
2026-09-13T17:56:29,Trung,Viettel,vultr_singapore,38.0,14.57
2026-09-13T17:56:29,Trung,Viettel,vultr_seoul,227.0,124.74
2026-09-13T17:56:29,Trung,Viettel,linode_singapore,67.0,66.72
2026-09-13T18:07:18,Trung,Viettel,cloudflare,52.0,34.66
2026-09-13T18:07:18,Trung,Viettel,vultr_singapore,44.0,13.77
2026-09-13T18:07:18,Trung,Viettel,vultr_seoul,233.0,128.17
2026-09-13T18:07:18,Trung,Viettel,linode_singapore,53.0,66.4
2026-09-13T18:18:09,Trung,Viettel,cloudflare,57.0,26.92
2026-09-13T18:18:09,Trung,Viettel,vultr_singapore,49.0,14.28
2026-09-13T18:18:09,Trung,Viettel,vultr_seoul,234.0,138.99
2026-09-13T18:18:09,Trung,Viettel,linode_singapore,54.0,65.82
2026-09-13T18:28:57,Trung,Viettel,cloudflare,50.0,24.97
2026-09-13T18:28:57,Trung,Viettel,vultr_singapore,46.0,13.69
2026-09-13T18:28:57,Trung,Viettel,vultr_seoul,227.0,137.61
2026-09-13T18:28:57,Trung,Viettel,linode_singapore,52.0,76.4
2026-09-13T18:39:44,Trung,Viettel,cloudflare,60.0,27.41
2026-09-13T18:39:44,Trung,Viettel,vultr_singapore,46.0,12.52
2026-09-13T18:39:44,Trung,Viettel,vultr_seoul,229.0,110.76
2026-09-13T18:39:44,Trung,Viettel,linode_singapore,54.0,103.05
2026-09-13T18:50:30,Trung,Viettel,cloudflare,58.0,25.63
2026-09-13T18:50:30,Trung,Viettel,vultr_singapore,49.0,14.88
2026-09-13T18:50:30,Trung,Viettel,vultr_seoul,267.0,123.64
2026-09-13T18:50:30,Trung,Viettel,linode_singapore,64.0,111.62
2026-09-13T19:01:14,Trung,Viettel,cloudflare,45.0,33.95
2026-09-13T19:01:14,Trung,Viettel,vultr_singapore,39.0,14.53
2026-09-13T19:01:14,Trung,Viettel,vultr_seoul,218.0,135.49
2026-09-13T19:01:14,Trung,Viettel,linode_singapore,62.0,94.8
2026-09-13T19:11:59,Trung,Viettel,cloudflare,56.0,24.14
2026-09-13T19:11:59,Trung,Viettel,vultr_singapore,48.0,100.04
2026-09-13T19:11:59,Trung,Viettel,vultr_seoul,229.0,131.79
2026-09-13T19:11:59,Trung,Viettel,linode_singapore,53.0,84.81
2026-09-13T19:22:38,Trung,Viettel,cloudflare,58.0,29.96
2026-09-13T19:22:38,Trung,Viettel,vultr_singapore,49.0,17.73
2026-09-13T19:22:38,Trung,Viettel,vultr_seoul,223.0,112.84
2026-09-13T19:22:38,Trung,Viettel,linode_singapore,56.0,78.85
2026-09-13T19:33:27,Trung,Viettel,cloudflare,51.0,30.67
2026-09-13T19:33:27,Trung,Viettel,vultr_singapore,36.0,13.49
2026-09-13T19:33:27,Trung,Viettel,vultr_seoul,229.0,108.93
2026-09-13T19:33:27,Trung,Viettel,linode_singapore,62.0,82.7
2026-09-13T19:44:14,Trung,Viettel,cloudflare,56.0,35.92
2026-09-13T19:44:14,Trung,Viettel,vultr_singapore,43.0,18.64
2026-09-13T19:44:14,Trung,Viettel,vultr_seoul,230.0,121.98
2026-09-13T19:44:14,Trung,Viettel,linode_singapore,64.0,91.65
2026-09-13T19:55:02,Trung,Viettel,cloudflare,57.0,25.77
2026-09-13T19:55:02,Trung,Viettel,vultr_singapore,44.0,13.13
2026-09-13T19:55:02,Trung,Viettel,vultr_seoul,229.0,125.22
2026-09-13T19:55:02,Trung,Viettel,linode_singapore,68.0,83.71
2026-09-13T20:05:49,Trung,Viettel,cloudflare,45.0,35.09
2026-09-13T20:05:49,Trung,Viettel,vultr_singapore,39.0,17.92
2026-09-13T20:05:49,Trung,Viettel,vultr_seoul,219.0,67.93
2026-09-13T20:05:49,Trung,Viettel,linode_singapore,63.0,77.73
2026-09-13T20:16:42,Trung,Viettel,cloudflare,46.0,35.98
2026-09-13T20:16:42,Trung,Viettel,vultr_singapore,37.0,14.53
2026-09-13T20:16:42,Trung,Viettel,vultr_seoul,219.0,135.31
2026-09-13T20:16:42,Trung,Viettel,linode_singapore,52.0,81.84
2026-09-13T20:27:29,Trung,Viettel,cloudflare,56.0,29.12
2026-09-13T20:27:29,Trung,Viettel,vultr_singapore,48.0,15.12
2026-09-13T20:27:29,Trung,Viettel,vultr_seoul,239.0,107.1
2026-09-13T20:27:29,Trung,Viettel,linode_singapore,54.0,72.1
2026-09-13T20:38:17,Trung,Viettel,cloudflare,60.0,37.33
2026-09-13T20:38:17,Trung,Viettel,vultr_singapore,46.0,13.1
2026-09-13T20:38:17,Trung,Viettel,vultr_seoul,233.0,67.32
2026-09-13T20:38:17,Trung,Viettel,linode_singapore,71.0,84.99
2026-09-13T20:49:10,Trung,Viettel,cloudflare,56.0,27.69
2026-09-13T20:49:10,Trung,Viettel,vultr_singapore,43.0,13.4
2026-09-13T20:49:10,Trung,Viettel,vultr_seoul,244.0,7.83
2026-09-13T20:49:10,Trung,Viettel,linode_singapore,63.0,82.1
2026-09-13T21:00:03,Trung,Viettel,cloudflare,56.0,31.59
2026-09-13T21:00:03,Trung,Viettel,vultr_singapore,44.0,14.27
2026-09-13T21:00:03,Trung,Viettel,vultr_seoul,258.0,121.26
2026-09-13T21:00:03,Trung,Viettel,linode_singapore,64.0,89.32
2026-09-13T21:10:50,Trung,Viettel,cloudflare,60.0,23.07
2026-09-13T21:10:50,Trung,Viettel,vultr_singapore,50.0,16.2
2026-09-13T21:10:50,Trung,Viettel,vultr_seoul,272.0,53.63
2026-09-13T21:10:50,Trung,Viettel,linode_singapore,64.0,103.31
2026-09-13T21:21:44,Trung,Viettel,cloudflare,55.0,37.19
2026-09-13T21:21:44,Trung,Viettel,vultr_singapore,44.0,13.32
2026-09-13T21:21:44,Trung,Viettel,vultr_seoul,266.0,50.81
2026-09-13T21:21:44,Trung,Viettel,linode_singapore,135.0,53.53
2026-09-13T21:30:28,Trung,Viettel,cloudflare,57.0,34.04
2026-09-13T21:30:28,Trung,Viettel,vultr_singapore,48.0,14.62
2026-09-13T21:30:28,Trung,Viettel,vultr_seoul,265.0,3.61
2026-09-13T21:30:28,Trung,Viettel,linode_singapore,53.0,84.57
2026-09-13T21:41:23,Trung,Viettel,cloudflare,46.0,30.22
2026-09-13T21:41:23,Trung,Viettel,vultr_singapore,43.0,76.57
2026-09-13T21:41:23,Trung,Viettel,vultr_seoul,245.0,93.5
2026-09-13T21:41:23,Trung,Viettel,linode_singapore,60.0,82.43
2026-09-13T21:52:07,Trung,Viettel,cloudflare,50.0,32.53
2026-09-13T21:52:07,Trung,Viettel,vultr_singapore,47.0,121.16
2026-09-13T21:52:07,Trung,Viettel,vultr_seoul,235.0,118.11
2026-09-13T21:52:07,Trung,Viettel,linode_singapore,66.0,83.84
2026-09-13T22:02:46,Trung,Viettel,cloudflare,56.0,30.43
2026-09-13T22:02:46,Trung,Viettel,vultr_singapore,47.0,18.12
2026-09-13T22:02:46,Trung,Viettel,vultr_seoul,244.0,26.64
2026-09-13T22:02:46,Trung,Viettel,linode_singapore,63.0,89.15
2026-09-13T22:14:49,Trung,Viettel,cloudflare,63.0,24.02
2026-09-13T22:14:49,Trung,Viettel,vultr_singapore,51.0,17.18
2026-09-13T22:14:49,Trung,Viettel,vultr_seoul,258.0,23.87
2026-09-13T22:14:49,Trung,Viettel,linode_singapore,91.0,48.0
2026-09-13T22:25:50,Trung,Viettel,cloudflare,57.0,20.53
2026-09-13T22:25:50,Trung,Viettel,vultr_singapore,47.0,18.56
2026-09-13T22:25:50,Trung,Viettel,vultr_seoul,240.0,92.12
2026-09-13T22:25:50,Trung,Viettel,linode_singapore,65.0,78.16
2026-09-13T22:29:18,Trung,Viettel,cloudflare,56.0,32.3
2026-09-13T22:29:18,Trung,Viettel,vultr_singapore,47.0,99.03
2026-09-13T22:29:18,Trung,Viettel,vultr_seoul,234.0,126.58
2026-09-13T22:29:18,Trung,Viettel,linode_singapore,66.0,70.71
2026-09-13T22:31:47,Trung,Viettel,cloudflare,63.0,23.73
2026-09-13T22:31:47,Trung,Viettel,vultr_singapore,46.0,12.97
2026-09-13T22:31:47,Trung,Viettel,vultr_seoul,248.0,118.08
2026-09-13T22:31:47,Trung,Viettel,linode_singapore,66.0,79.92
2026-09-13T22:42:33,Trung,Viettel,cloudflare,45.0,31.73
2026-09-13T22:42:33,Trung,Viettel,vultr_singapore,38.0,58.39
2026-09-13T22:42:33,Trung,Viettel,vultr_seoul,226.0,135.75
2026-09-13T22:42:33,Trung,Viettel,linode_singapore,55.0,87.13
2026-09-13T22:53:17,Trung,Viettel,cloudflare,55.0,14.39
2026-09-13T22:53:17,Trung,Viettel,vultr_singapore,48.0,15.54
2026-09-13T22:53:17,Trung,Viettel,vultr_seoul,233.0,121.3
2026-09-13T22:53:17,Trung,Viettel,linode_singapore,62.0,103.69
2026-09-14T13:35:00,Trung,Viettel,cloudflare,43.0,32.37
2026-09-14T13:35:00,Trung,Viettel,vultr_singapore,38.0,20.36
2026-09-14T13:35:00,Trung,Viettel,vultr_seoul,228.0,104.52
2026-09-14T13:35:00,Trung,Viettel,linode_singapore,53.0,80.63
2026-09-14T13:45:49,Trung,Viettel,cloudflare,43.0,18.76
2026-09-14T13:45:49,Trung,Viettel,vultr_singapore,38.0,13.96
2026-09-14T13:45:49,Trung,Viettel,vultr_seoul,231.0,77.88
2026-09-14T13:45:49,Trung,Viettel,linode_singapore,53.0,85.29
2026-09-14T13:56:41,Trung,Viettel,cloudflare,36.0,27.02
2026-09-14T13:56:41,Trung,Viettel,vultr_singapore,38.0,99.81
2026-09-14T13:56:41,Trung,Viettel,vultr_seoul,230.0,133.68
2026-09-14T13:56:41,Trung,Viettel,linode_singapore,52.0,74.3
2026-09-14T14:07:20,Trung,Viettel,cloudflare,44.0,33.29
2026-09-14T14:07:20,Trung,Viettel,vultr_singapore,37.0,23.22
2026-09-14T14:07:20,Trung,Viettel,vultr_seoul,231.0,129.78
2026-09-14T14:07:20,Trung,Viettel,linode_singapore,95.0,84.43
2026-09-14T14:18:05,Trung,Viettel,cloudflare,62.0,15.94
2026-09-14T14:18:05,Trung,Viettel,vultr_singapore,55.0,11.62
2026-09-14T14:18:05,Trung,Viettel,vultr_seoul,233.0,48.62
2026-09-14T14:18:05,Trung,Viettel,linode_singapore,126.0,36.09
2026-09-14T14:29:07,Trung,Viettel,cloudflare,36.0,18.27
2026-09-14T14:29:07,Trung,Viettel,vultr_singapore,37.0,13.84
2026-09-14T14:29:07,Trung,Viettel,vultr_seoul,228.0,120.0
2026-09-14T14:29:07,Trung,Viettel,linode_singapore,53.0,74.02
2026-09-14T14:39:55,Trung,Viettel,cloudflare,48.0,32.31
2026-09-14T14:39:55,Trung,Viettel,vultr_singapore,48.0,45.0
2026-09-14T14:39:55,Trung,Viettel,vultr_seoul,235.0,132.58
2026-09-14T14:39:55,Trung,Viettel,linode_singapore,52.0,80.72
2026-09-14T14:50:42,Trung,Viettel,cloudflare,46.0,34.29
2026-09-14T14:50:42,Trung,Viettel,vultr_singapore,43.0,18.09
2026-09-14T14:50:42,Trung,Viettel,vultr_seoul,223.0,126.53
2026-09-14T14:50:42,Trung,Viettel,linode_singapore,53.0,76.04
2026-09-14T15:01:29,Trung,Viettel,cloudflare,50.0,17.75
2026-09-14T15:01:29,Trung,Viettel,vultr_singapore,43.0,13.0
2026-09-14T15:01:29,Trung,Viettel,vultr_seoul,233.0,109.76
2026-09-14T15:01:29,Trung,Viettel,linode_singapore,53.0,102.15
2026-09-14T15:12:14,Trung,Viettel,cloudflare,104.0,20.71
2026-09-14T15:12:14,Trung,Viettel,vultr_singapore,56.0,13.43
2026-09-14T15:12:14,Trung,Viettel,vultr_seoul,235.0,66.79
2026-09-14T15:12:14,Trung,Viettel,linode_singapore,61.0,45.39
2026-09-14T15:23:12,Trung,Viettel,cloudflare,70.0,31.3
2026-09-14T15:23:12,Trung,Viettel,vultr_singapore,46.0,18.86
2026-09-14T15:23:12,Trung,Viettel,vultr_seoul,226.0,136.28
2026-09-14T15:23:12,Trung,Viettel,linode_singapore,63.0,71.37
2026-09-14T15:34:05,Trung,Viettel,cloudflare,45.0,29.89
2026-09-14T15:34:05,Trung,Viettel,vultr_singapore,43.0,94.02
2026-09-14T15:34:05,Trung,Viettel,vultr_seoul,230.0,140.04
2026-09-14T15:34:05,Trung,Viettel,linode_singapore,52.0,68.49
2026-09-14T15:44:47,Trung,Viettel,cloudflare,49.0,31.15
2026-09-14T15:44:47,Trung,Viettel,vultr_singapore,46.0,15.76
2026-09-14T15:44:47,Trung,Viettel,vultr_seoul,233.0,140.59
2026-09-14T15:44:47,Trung,Viettel,linode_singapore,63.0,83.05
2026-09-14T15:55:36,Trung,Viettel,cloudflare,47.0,28.37
2026-09-14T15:55:36,Trung,Viettel,vultr_singapore,46.0,18.72
2026-09-14T15:55:36,Trung,Viettel,vultr_seoul,226.0,125.99
2026-09-14T15:55:36,Trung,Viettel,linode_singapore,63.0,95.9
2026-09-14T16:06:22,Trung,Viettel,cloudflare,42.0,31.39
2026-09-14T16:06:22,Trung,Viettel,vultr_singapore,39.0,14.6
2026-09-14T16:06:22,Trung,Viettel,vultr_seoul,232.0,130.93
2026-09-14T16:06:22,Trung,Viettel,linode_singapore,63.0,107.74
2026-09-14T16:17:05,Trung,Viettel,cloudflare,52.0,25.35
2026-09-14T16:17:05,Trung,Viettel,vultr_singapore,49.0,14.85
2026-09-14T16:17:05,Trung,Viettel,vultr_seoul,231.0,64.24
2026-09-14T16:17:05,Trung,Viettel,linode_singapore,67.0,116.73
2026-09-14T16:27:57,Trung,Viettel,cloudflare,51.0,33.14
2026-09-14T16:27:57,Trung,Viettel,vultr_singapore,49.0,50.02
2026-09-14T16:27:57,Trung,Viettel,vultr_seoul,228.0,136.81
2026-09-14T16:27:57,Trung,Viettel,linode_singapore,54.0,92.61
2026-09-14T16:38:43,Trung,Viettel,cloudflare,38.0,34.52
2026-09-14T16:38:43,Trung,Viettel,vultr_singapore,39.0,18.1
2026-09-14T16:38:43,Trung,Viettel,vultr_seoul,231.0,122.13
2026-09-14T16:38:43,Trung,Viettel,linode_singapore,62.0,77.41
2026-09-14T16:49:32,Trung,Viettel,cloudflare,52.0,29.01
2026-09-14T16:49:32,Trung,Viettel,vultr_singapore,49.0,13.1
2026-09-14T16:49:32,Trung,Viettel,vultr_seoul,225.0,94.19
2026-09-14T16:49:32,Trung,Viettel,linode_singapore,63.0,75.1
2026-09-14T17:00:23,Trung,Viettel,cloudflare,53.0,27.74
2026-09-14T17:00:23,Trung,Viettel,vultr_singapore,48.0,14.52
2026-09-14T17:00:23,Trung,Viettel,vultr_seoul,226.0,124.98
2026-09-14T17:00:23,Trung,Viettel,linode_singapore,53.0,70.15
2026-09-14T17:11:11,Trung,Viettel,cloudflare,60.0,21.87
2026-09-14T17:11:11,Trung,Viettel,vultr_singapore,64.0,34.16
2026-09-14T17:11:11,Trung,Viettel,vultr_seoul,236.0,37.07
2026-09-14T17:11:11,Trung,Viettel,linode_singapore,116.0,46.35
2026-09-14T17:22:12,Trung,Viettel,cloudflare,56.0,22.53
2026-09-14T17:22:12,Trung,Viettel,vultr_singapore,49.0,14.62
2026-09-14T17:22:12,Trung,Viettel,vultr_seoul,240.0,60.81
2026-09-14T17:22:12,Trung,Viettel,linode_singapore,67.0,59.41
2026-09-14T17:33:14,Trung,Viettel,cloudflare,42.0,31.35
2026-09-14T17:33:14,Trung,Viettel,vultr_singapore,38.0,17.87
2026-09-14T17:33:14,Trung,Viettel,vultr_seoul,230.0,119.06
2026-09-14T17:33:14,Trung,Viettel,linode_singapore,65.0,82.79
2026-09-14T17:43:59,Trung,Viettel,cloudflare,47.0,27.48
2026-09-14T17:43:59,Trung,Viettel,vultr_singapore,43.0,60.55
2026-09-14T17:43:59,Trung,Viettel,vultr_seoul,224.0,129.33
2026-09-14T17:43:59,Trung,Viettel,linode_singapore,61.0,62.05
2026-09-14T17:54:49,Trung,Viettel,cloudflare,52.0,30.81
2026-09-14T17:54:49,Trung,Viettel,vultr_singapore,44.0,12.76
2026-09-14T17:54:49,Trung,Viettel,vultr_seoul,229.0,137.53
2026-09-14T17:54:49,Trung,Viettel,linode_singapore,64.0,88.31
2026-09-14T18:05:34,Trung,Viettel,cloudflare,45.0,32.5
2026-09-14T18:05:34,Trung,Viettel,vultr_singapore,37.0,14.74
2026-09-14T18:05:34,Trung,Viettel,vultr_seoul,233.0,132.79
2026-09-14T18:05:34,Trung,Viettel,linode_singapore,62.0,79.82
2026-09-14T18:16:20,Trung,Viettel,cloudflare,55.0,28.36
2026-09-14T18:16:20,Trung,Viettel,vultr_singapore,50.0,13.91
2026-09-14T18:16:20,Trung,Viettel,vultr_seoul,227.0,46.43
2026-09-14T18:16:20,Trung,Viettel,linode_singapore,63.0,92.55
2026-09-14T18:27:13,Trung,Viettel,cloudflare,57.0,30.19
2026-09-14T18:27:13,Trung,Viettel,vultr_singapore,49.0,18.25
2026-09-14T18:27:13,Trung,Viettel,vultr_seoul,224.0,108.36
2026-09-14T18:27:13,Trung,Viettel,linode_singapore,61.0,126.88
2026-09-14T18:37:58,Trung,Viettel,cloudflare,58.0,31.51
2026-09-14T18:37:58,Trung,Viettel,vultr_singapore,52.0,18.36
2026-09-14T18:37:58,Trung,Viettel,vultr_seoul,230.0,134.99
2026-09-14T18:37:58,Trung,Viettel,linode_singapore,52.0,100.48
2026-09-14T18:48:41,Trung,Viettel,cloudflare,44.0,28.95
2026-09-14T18:48:41,Trung,Viettel,vultr_singapore,47.0,15.59
2026-09-14T18:48:41,Trung,Viettel,vultr_seoul,234.0,111.96
2026-09-14T18:48:41,Trung,Viettel,linode_singapore,61.0,90.59
2026-09-14T18:59:27,Trung,Viettel,cloudflare,45.0,27.03
2026-09-14T18:59:27,Trung,Viettel,vultr_singapore,44.0,15.58
2026-09-14T18:59:27,Trung,Viettel,vultr_seoul,235.0,124.48
2026-09-14T18:59:27,Trung,Viettel,linode_singapore,68.0,80.53
2026-09-14T19:10:16,Trung,Viettel,cloudflare,46.0,31.51
2026-09-14T19:10:16,Trung,Viettel,vultr_singapore,50.0,18.06
2026-09-14T19:10:16,Trung,Viettel,vultr_seoul,226.0,100.0
2026-09-14T19:10:16,Trung,Viettel,linode_singapore,55.0,90.95
2026-09-14T19:21:06,Trung,Viettel,cloudflare,46.0,23.35
2026-09-14T19:21:06,Trung,Viettel,vultr_singapore,43.0,13.91
2026-09-14T19:21:06,Trung,Viettel,vultr_seoul,236.0,49.19
2026-09-14T19:21:06,Trung,Viettel,linode_singapore,88.0,56.18
2026-09-14T19:32:05,Trung,Viettel,cloudflare,36.0,31.03
2026-09-14T19:32:05,Trung,Viettel,vultr_singapore,44.0,19.07
2026-09-14T19:32:05,Trung,Viettel,vultr_seoul,232.0,131.45
2026-09-14T19:32:05,Trung,Viettel,linode_singapore,52.0,86.52
2026-09-14T19:42:50,Trung,Viettel,cloudflare,40.0,30.27
2026-09-14T19:42:50,Trung,Viettel,vultr_singapore,39.0,18.95
2026-09-14T19:42:50,Trung,Viettel,vultr_seoul,222.0,122.69
2026-09-14T19:42:50,Trung,Viettel,linode_singapore,63.0,101.63
2026-09-14T19:53:35,Trung,Viettel,cloudflare,45.0,32.97
2026-09-14T19:53:35,Trung,Viettel,vultr_singapore,38.0,19.52
2026-09-14T19:53:35,Trung,Viettel,vultr_seoul,232.0,115.34
2026-09-14T19:53:35,Trung,Viettel,linode_singapore,53.0,81.21
2026-09-14T20:04:23,Trung,Viettel,cloudflare,48.0,33.27
2026-09-14T20:04:23,Trung,Viettel,vultr_singapore,47.0,14.2
2026-09-14T20:04:23,Trung,Viettel,vultr_seoul,228.0,52.22
2026-09-14T20:04:23,Trung,Viettel,linode_singapore,61.0,71.44
2026-09-14T20:15:19,Trung,Viettel,cloudflare,54.0,25.96
2026-09-14T20:15:19,Trung,Viettel,vultr_singapore,47.0,15.4
2026-09-14T20:15:19,Trung,Viettel,vultr_seoul,227.0,116.89
2026-09-14T20:15:19,Trung,Viettel,linode_singapore,62.0,73.09
2026-09-14T20:26:07,Trung,Viettel,cloudflare,52.0,31.65
2026-09-14T20:26:07,Trung,Viettel,vultr_singapore,47.0,18.55
2026-09-14T20:26:07,Trung,Viettel,vultr_seoul,233.0,111.72
2026-09-14T20:26:07,Trung,Viettel,linode_singapore,62.0,70.99
2026-09-14T20:36:56,Trung,Viettel,cloudflare,52.0,19.72
2026-09-14T20:36:56,Trung,Viettel,vultr_singapore,47.0,15.1
2026-09-14T20:36:56,Trung,Viettel,vultr_seoul,245.0,107.23
2026-09-14T20:36:56,Trung,Viettel,linode_singapore,60.0,85.67
2026-09-14T20:47:45,Trung,Viettel,cloudflare,49.0,34.57
2026-09-14T20:47:45,Trung,Viettel,vultr_singapore,48.0,14.48
2026-09-14T20:47:45,Trung,Viettel,vultr_seoul,229.0,122.98
2026-09-14T20:47:45,Trung,Viettel,linode_singapore,63.0,62.44
2026-09-14T20:58:34,Trung,Viettel,cloudflare,52.0,35.08
2026-09-14T20:58:34,Trung,Viettel,vultr_singapore,48.0,14.25
2026-09-14T20:58:34,Trung,Viettel,vultr_seoul,231.0,119.24
2026-09-14T20:58:34,Trung,Viettel,linode_singapore,63.0,65.83
2026-09-14T21:09:24,Trung,Viettel,cloudflare,52.0,26.12
2026-09-14T21:09:24,Trung,Viettel,vultr_singapore,48.0,20.14
2026-09-14T21:09:24,Trung,Viettel,vultr_seoul,239.0,126.32
2026-09-14T21:09:24,Trung,Viettel,linode_singapore,61.0,85.02
2026-09-14T21:20:10,Trung,Viettel,cloudflare,89.0,19.33
2026-09-14T21:20:10,Trung,Viettel,vultr_singapore,56.0,16.3
2026-09-14T21:20:10,Trung,Viettel,vultr_seoul,233.0,46.32
2026-09-14T21:20:10,Trung,Viettel,linode_singapore,143.0,36.36
2026-09-14T21:31:08,Trung,Viettel,cloudflare,45.0,34.07
2026-09-14T21:31:08,Trung,Viettel,vultr_singapore,49.0,180.02
2026-09-14T21:31:08,Trung,Viettel,vultr_seoul,232.0,109.55
2026-09-14T21:31:08,Trung,Viettel,linode_singapore,59.0,93.27
2026-09-14T21:41:44,Trung,Viettel,cloudflare,54.0,27.55
2026-09-14T21:41:44,Trung,Viettel,vultr_singapore,49.0,22.13
2026-09-14T21:41:44,Trung,Viettel,vultr_seoul,230.0,100.74
2026-09-14T21:41:44,Trung,Viettel,linode_singapore,63.0,83.79
2026-09-14T21:52:33,Trung,Viettel,cloudflare,36.0,29.23
2026-09-14T21:52:33,Trung,Viettel,vultr_singapore,36.0,101.01
2026-09-14T21:52:33,Trung,Viettel,vultr_seoul,233.0,132.39
2026-09-14T21:52:33,Trung,Viettel,linode_singapore,53.0,84.56
2026-09-14T22:03:12,Trung,Viettel,cloudflare,46.0,34.66
2026-09-14T22:03:12,Trung,Viettel,vultr_singapore,50.0,19.65
2026-09-14T22:03:12,Trung,Viettel,vultr_seoul,229.0,122.63
2026-09-14T22:03:12,Trung,Viettel,linode_singapore,64.0,109.65
2026-09-14T22:13:54,Trung,Viettel,cloudflare,55.0,25.24
2026-09-14T22:13:54,Trung,Viettel,vultr_singapore,52.0,10.86
2026-09-14T22:13:54,Trung,Viettel,vultr_seoul,237.0,43.42
2026-09-14T22:13:54,Trung,Viettel,linode_singapore,59.0,43.9
2026-09-14T22:24:54,Trung,Viettel,cloudflare,52.0,28.48
2026-09-14T22:24:54,Trung,Viettel,vultr_singapore,46.0,17.78
2026-09-14T22:24:54,Trung,Viettel,vultr_seoul,231.0,123.19
2026-09-14T22:24:54,Trung,Viettel,linode_singapore,54.0,96.5
2026-09-14T22:35:39,Trung,Viettel,cloudflare,52.0,24.3
2026-09-14T22:35:39,Trung,Viettel,vultr_singapore,44.0,21.08
2026-09-14T22:35:39,Trung,Viettel,vultr_seoul,235.0,129.89
2026-09-14T22:35:39,Trung,Viettel,linode_singapore,63.0,81.93
2026-09-14T22:46:25,Trung,Viettel,cloudflare,58.0,25.8
2026-09-14T22:46:25,Trung,Viettel,vultr_singapore,44.0,15.73
2026-09-14T22:46:25,Trung,Viettel,vultr_seoul,231.0,124.6
2026-09-14T22:46:25,Trung,Viettel,linode_singapore,61.0,77.91
2026-09-14T22:57:12,Trung,Viettel,cloudflare,58.0,29.65
2026-09-14T22:57:12,Trung,Viettel,vultr_singapore,48.0,19.65
2026-09-14T22:57:12,Trung,Viettel,vultr_seoul,228.0,139.46
2026-09-14T22:57:12,Trung,Viettel,linode_singapore,60.0,80.67
2026-09-14T23:07:58,Trung,Viettel,cloudflare,51.0,33.94
2026-09-14T23:07:58,Trung,Viettel,vultr_singapore,46.0,14.34
2026-09-14T23:07:58,Trung,Viettel,vultr_seoul,229.0,124.11
2026-09-14T23:07:58,Trung,Viettel,linode_singapore,61.0,83.48
2026-09-14T23:18:44,Trung,Viettel,cloudflare,70.0,18.67
2026-09-14T23:18:44,Trung,Viettel,vultr_singapore,38.0,14.91
2026-09-14T23:18:44,Trung,Viettel,vultr_seoul,234.0,51.74
2026-09-14T23:18:44,Trung,Viettel,linode_singapore,64.0,48.87
2026-09-14T23:29:45,Trung,Viettel,cloudflare,52.0,26.09
2026-09-14T23:29:45,Trung,Viettel,vultr_singapore,47.0,14.42
2026-09-14T23:29:45,Trung,Viettel,vultr_seoul,234.0,120.89
2026-09-14T23:29:45,Trung,Viettel,linode_singapore,60.0,77.08
2026-09-14T23:40:34,Trung,Viettel,cloudflare,52.0,31.42
2026-09-14T23:40:34,Trung,Viettel,vultr_singapore,51.0,20.17
2026-09-14T23:40:34,Trung,Viettel,vultr_seoul,235.0,127.51
2026-09-14T23:40:34,Trung,Viettel,linode_singapore,53.0,76.52
2026-09-14T23:51:20,Trung,Viettel,cloudflare,38.0,31.54
2026-09-14T23:51:20,Trung,Viettel,vultr_singapore,39.0,13.62
2026-09-14T23:51:20,Trung,Viettel,vultr_seoul,231.0,122.14
2026-09-14T23:51:20,Trung,Viettel,linode_singapore,54.0,88.78
2026-09-15T00:02:06,Trung,Viettel,cloudflare,53.0,35.28
2026-09-15T00:02:06,Trung,Viettel,vultr_singapore,47.0,13.05
2026-09-15T00:02:06,Trung,Viettel,vultr_seoul,234.0,133.26
2026-09-15T00:02:06,Trung,Viettel,linode_singapore,53.0,84.51
2026-09-15T00:12:52,Trung,Viettel,cloudflare,67.0,25.01
2026-09-15T00:12:52,Trung,Viettel,vultr_singapore,51.0,15.42
2026-09-15T00:12:52,Trung,Viettel,vultr_seoul,235.0,69.11
2026-09-15T00:12:52,Trung,Viettel,linode_singapore,68.0,57.42
2026-09-15T00:23:47,Trung,Viettel,cloudflare,46.0,32.94
2026-09-15T00:23:47,Trung,Viettel,vultr_singapore,52.0,13.68
2026-09-15T00:23:47,Trung,Viettel,vultr_seoul,226.0,121.26
2026-09-15T00:23:47,Trung,Viettel,linode_singapore,54.0,76.92
2026-09-15T00:34:34,Trung,Viettel,cloudflare,55.0,33.55
2026-09-15T00:34:34,Trung,Viettel,vultr_singapore,48.0,14.76
2026-09-15T00:34:34,Trung,Viettel,vultr_seoul,228.0,124.79
2026-09-15T00:34:34,Trung,Viettel,linode_singapore,63.0,86.93
2026-09-15T00:45:21,Trung,Viettel,cloudflare,56.0,34.18
2026-09-15T00:45:21,Trung,Viettel,vultr_singapore,49.0,14.21
2026-09-15T00:45:21,Trung,Viettel,vultr_seoul,234.0,139.44
2026-09-15T00:45:21,Trung,Viettel,linode_singapore,52.0,70.15
2026-09-15T00:56:09,Trung,Viettel,cloudflare,43.0,31.29
2026-09-15T00:56:09,Trung,Viettel,vultr_singapore,37.0,54.57
2026-09-15T00:56:09,Trung,Viettel,vultr_seoul,233.0,117.27
2026-09-15T00:56:09,Trung,Viettel,linode_singapore,53.0,103.67
2026-09-15T01:06:53,Trung,Viettel,cloudflare,48.0,29.42
2026-09-15T01:06:53,Trung,Viettel,vultr_singapore,39.0,14.27
2026-09-15T01:06:53,Trung,Viettel,vultr_seoul,228.0,29.15
2026-09-15T01:06:53,Trung,Viettel,linode_singapore,69.0,47.56
2026-09-15T01:17:53,Trung,Viettel,cloudflare,52.0,22.75
2026-09-15T01:17:53,Trung,Viettel,vultr_singapore,43.0,14.22
2026-09-15T01:17:53,Trung,Viettel,vultr_seoul,240.0,48.25
2026-09-15T01:17:53,Trung,Viettel,linode_singapore,129.0,59.07
2026-09-15T01:28:52,Trung,Viettel,cloudflare,46.0,34.55
2026-09-15T01:28:52,Trung,Viettel,vultr_singapore,51.0,79.27
2026-09-15T01:28:52,Trung,Viettel,vultr_seoul,225.0,124.38
2026-09-15T01:28:52,Trung,Viettel,linode_singapore,62.0,72.3
2026-09-15T01:39:36,Trung,Viettel,cloudflare,52.0,32.75
2026-09-15T01:39:36,Trung,Viettel,vultr_singapore,48.0,68.05
2026-09-15T01:39:36,Trung,Viettel,vultr_seoul,227.0,125.06
2026-09-15T01:39:36,Trung,Viettel,linode_singapore,54.0,112.41
2026-09-15T01:50:17,Trung,Viettel,cloudflare,57.0,31.85
2026-09-15T01:50:17,Trung,Viettel,vultr_singapore,50.0,14.49
2026-09-15T01:50:17,Trung,Viettel,vultr_seoul,233.0,117.68
2026-09-15T01:50:17,Trung,Viettel,linode_singapore,54.0,80.12
2026-09-15T02:01:04,Trung,Viettel,cloudflare,48.0,16.22
2026-09-15T02:01:04,Trung,Viettel,vultr_singapore,38.0,22.62
2026-09-15T02:01:04,Trung,Viettel,vultr_seoul,227.0,118.39
2026-09-15T02:01:04,Trung,Viettel,linode_singapore,63.0,76.96
2026-09-15T02:11:52,Trung,Viettel,cloudflare,58.0,26.4
2026-09-15T02:11:52,Trung,Viettel,vultr_singapore,48.0,18.53
2026-09-15T02:11:52,Trung,Viettel,vultr_seoul,228.0,112.32
2026-09-15T02:11:52,Trung,Viettel,linode_singapore,54.0,73.98
2026-09-15T02:22:40,Trung,Viettel,cloudflare,49.0,33.39
2026-09-15T02:22:40,Trung,Viettel,vultr_singapore,39.0,14.25
2026-09-15T02:22:40,Trung,Viettel,vultr_seoul,235.0,130.93
2026-09-15T02:22:40,Trung,Viettel,linode_singapore,54.0,105.51
2026-09-15T02:33:25,Trung,Viettel,cloudflare,58.0,29.77
2026-09-15T02:33:25,Trung,Viettel,vultr_singapore,52.0,40.0
2026-09-15T02:33:25,Trung,Viettel,vultr_seoul,232.0,129.03
2026-09-15T02:33:25,Trung,Viettel,linode_singapore,52.0,90.93
2026-09-15T02:44:12,Trung,Viettel,cloudflare,59.0,27.28
2026-09-15T02:44:12,Trung,Viettel,vultr_singapore,49.0,14.84
2026-09-15T02:44:12,Trung,Viettel,vultr_seoul,229.0,122.96
2026-09-15T02:44:12,Trung,Viettel,linode_singapore,53.0,80.06
2026-09-15T02:54:59,Trung,Viettel,cloudflare,51.0,28.39
2026-09-15T02:54:59,Trung,Viettel,vultr_singapore,48.0,18.09
2026-09-15T02:54:59,Trung,Viettel,vultr_seoul,227.0,115.78
2026-09-15T02:54:59,Trung,Viettel,linode_singapore,53.0,87.15
2026-09-15T03:05:46,Trung,Viettel,cloudflare,53.0,25.57
2026-09-15T03:05:46,Trung,Viettel,vultr_singapore,50.0,14.76
2026-09-15T03:05:46,Trung,Viettel,vultr_seoul,235.0,70.59
2026-09-15T03:05:46,Trung,Viettel,linode_singapore,53.0,71.36
2026-09-15T10:11:47,Trung,Viettel,cloudflare,81.0,20.87
2026-09-15T10:11:47,Trung,Viettel,vultr_singapore,52.0,13.24
2026-09-15T10:11:47,Trung,Viettel,vultr_seoul,231.0,68.88
2026-09-15T10:11:47,Trung,Viettel,linode_singapore,55.0,54.31
2026-09-15T10:22:45,Trung,Viettel,cloudflare,52.0,32.0
2026-09-15T10:22:45,Trung,Viettel,vultr_singapore,48.0,15.69
2026-09-15T10:22:45,Trung,Viettel,vultr_seoul,226.0,104.47
2026-09-15T10:22:45,Trung,Viettel,linode_singapore,55.0,71.4
2026-09-15T10:33:34,Trung,Viettel,cloudflare,52.0,31.93
2026-09-15T10:33:34,Trung,Viettel,vultr_singapore,45.0,14.9
2026-09-15T10:33:34,Trung,Viettel,vultr_seoul,228.0,106.05
2026-09-15T10:33:34,Trung,Viettel,linode_singapore,64.0,83.89
2026-09-15T10:44:23,Trung,Viettel,cloudflare,54.0,24.57
2026-09-15T10:44:23,Trung,Viettel,vultr_singapore,49.0,19.85
2026-09-15T10:44:23,Trung,Viettel,vultr_seoul,231.0,136.51
2026-09-15T10:44:23,Trung,Viettel,linode_singapore,63.0,74.58
2026-09-15T10:55:09,Trung,Viettel,cloudflare,45.0,33.76
2026-09-15T10:55:09,Trung,Viettel,vultr_singapore,37.0,125.86
2026-09-15T10:55:09,Trung,Viettel,vultr_seoul,227.0,144.37
2026-09-15T10:55:09,Trung,Viettel,linode_singapore,64.0,92.32
2026-09-15T11:05:44,Trung,Viettel,cloudflare,53.0,0.01
2026-09-15T11:05:44,Trung,Viettel,vultr_singapore,47.0,17.28
2026-09-15T11:05:44,Trung,Viettel,vultr_seoul,228.0,110.54
2026-09-15T11:05:44,Trung,Viettel,linode_singapore,64.0,89.88
2026-09-15T11:16:45,Trung,Viettel,cloudflare,55.0,31.68
2026-09-15T11:16:45,Trung,Viettel,vultr_singapore,47.0,18.71
2026-09-15T11:16:45,Trung,Viettel,vultr_seoul,228.0,128.91
2026-09-15T11:16:45,Trung,Viettel,linode_singapore,64.0,90.58
2026-09-15T11:27:31,Trung,Viettel,cloudflare,48.0,36.78
2026-09-15T11:27:31,Trung,Viettel,vultr_singapore,37.0,52.55
2026-09-15T11:27:31,Trung,Viettel,vultr_seoul,227.0,125.53
2026-09-15T11:27:31,Trung,Viettel,linode_singapore,54.0,87.16
2026-09-15T11:38:17,Trung,Viettel,cloudflare,52.0,29.23
2026-09-15T11:38:17,Trung,Viettel,vultr_singapore,47.0,13.82
2026-09-15T11:38:17,Trung,Viettel,vultr_seoul,226.0,119.82
2026-09-15T11:38:17,Trung,Viettel,linode_singapore,65.0,113.4
2026-09-15T11:49:01,Trung,Viettel,cloudflare,46.0,30.73
2026-09-15T11:49:01,Trung,Viettel,vultr_singapore,48.0,15.41
2026-09-15T11:49:01,Trung,Viettel,vultr_seoul,226.0,130.89
2026-09-15T11:49:01,Trung,Viettel,linode_singapore,54.0,99.9
2026-09-15T11:59:47,Trung,Viettel,cloudflare,57.0,33.89
2026-09-15T11:59:47,Trung,Viettel,vultr_singapore,48.0,102.06
2026-09-15T11:59:47,Trung,Viettel,vultr_seoul,233.0,121.14
2026-09-15T11:59:47,Trung,Viettel,linode_singapore,56.0,81.82
2026-09-15T12:10:28,Trung,Viettel,cloudflare,56.0,23.49
2026-09-15T12:10:28,Trung,Viettel,vultr_singapore,50.0,13.53
2026-09-15T12:10:28,Trung,Viettel,vultr_seoul,229.0,132.17
2026-09-15T12:10:28,Trung,Viettel,linode_singapore,64.0,76.7
2026-09-15T12:21:18,Trung,Viettel,cloudflare,65.0,21.92
2026-09-15T12:21:18,Trung,Viettel,vultr_singapore,47.0,16.56
2026-09-15T12:21:18,Trung,Viettel,vultr_seoul,232.0,87.1
2026-09-15T12:21:18,Trung,Viettel,linode_singapore,57.0,46.84
2026-09-15T12:32:16,Trung,Viettel,cloudflare,46.0,34.59
2026-09-15T12:32:16,Trung,Viettel,vultr_singapore,37.0,190.65
2026-09-15T12:32:16,Trung,Viettel,vultr_seoul,222.0,133.8
2026-09-15T12:32:16,Trung,Viettel,linode_singapore,62.0,84.85
2026-09-15T12:42:51,Trung,Viettel,cloudflare,49.0,28.48
2026-09-15T12:42:51,Trung,Viettel,vultr_singapore,48.0,14.09
2026-09-15T12:42:51,Trung,Viettel,vultr_seoul,228.0,135.17
2026-09-15T12:42:51,Trung,Viettel,linode_singapore,54.0,76.41
2026-09-15T12:53:37,Trung,Viettel,cloudflare,57.0,32.58
2026-09-15T12:53:37,Trung,Viettel,vultr_singapore,49.0,18.98
2026-09-15T12:53:37,Trung,Viettel,vultr_seoul,228.0,133.29
2026-09-15T12:53:37,Trung,Viettel,linode_singapore,64.0,81.78
2026-09-15T13:04:23,Trung,Viettel,cloudflare,47.0,31.44
2026-09-15T13:04:23,Trung,Viettel,vultr_singapore,37.0,20.16
2026-09-15T13:04:23,Trung,Viettel,vultr_seoul,231.0,135.45
2026-09-15T13:04:23,Trung,Viettel,linode_singapore,63.0,104.02
2026-09-15T13:15:06,Trung,Viettel,cloudflare,44.0,32.09
2026-09-15T13:15:06,Trung,Viettel,vultr_singapore,38.0,75.64
2026-09-15T13:15:06,Trung,Viettel,vultr_seoul,229.0,135.83
2026-09-15T13:15:06,Trung,Viettel,linode_singapore,53.0,68.45
2026-09-15T13:25:50,Trung,Viettel,cloudflare,48.0,26.94
2026-09-15T13:25:50,Trung,Viettel,vultr_singapore,39.0,18.4
2026-09-15T13:25:50,Trung,Viettel,vultr_seoul,231.0,115.04
2026-09-15T13:25:50,Trung,Viettel,linode_singapore,60.0,83.84
2026-09-15T13:36:38,Trung,Viettel,cloudflare,56.0,31.49
2026-09-15T13:36:38,Trung,Viettel,vultr_singapore,47.0,26.35
2026-09-15T13:36:38,Trung,Viettel,vultr_seoul,224.0,114.6
2026-09-15T13:36:38,Trung,Viettel,linode_singapore,56.0,87.57
2026-09-15T13:47:24,Trung,Viettel,cloudflare,57.0,24.34
2026-09-15T13:47:24,Trung,Viettel,vultr_singapore,49.0,14.9
2026-09-15T13:47:24,Trung,Viettel,vultr_seoul,233.0,104.91
2026-09-15T13:47:24,Trung,Viettel,linode_singapore,55.0,96.82
2026-09-15T13:58:10,Trung,Viettel,cloudflare,56.0,6.18
2026-09-15T13:58:10,Trung,Viettel,vultr_singapore,44.0,14.05
2026-09-15T13:58:10,Trung,Viettel,vultr_seoul,225.0,124.43
2026-09-15T13:58:10,Trung,Viettel,linode_singapore,54.0,81.68
2026-09-15T14:09:01,Trung,Viettel,cloudflare,56.0,30.64
2026-09-15T14:09:01,Trung,Viettel,vultr_singapore,44.0,149.25
2026-09-15T14:09:01,Trung,Viettel,vultr_seoul,225.0,129.22
2026-09-15T14:09:01,Trung,Viettel,linode_singapore,53.0,76.65
2026-09-15T14:19:37,Trung,Viettel,cloudflare,51.0,24.43
2026-09-15T14:19:37,Trung,Viettel,vultr_singapore,56.0,14.11
2026-09-15T14:19:37,Trung,Viettel,vultr_seoul,234.0,63.72
2026-09-15T14:19:37,Trung,Viettel,linode_singapore,65.0,65.41
2026-09-15T14:30:33,Trung,Viettel,cloudflare,49.0,39.16
2026-09-15T14:30:33,Trung,Viettel,vultr_singapore,38.0,59.69
2026-09-15T14:30:33,Trung,Viettel,vultr_seoul,226.0,113.67
2026-09-15T14:30:33,Trung,Viettel,linode_singapore,55.0,81.3
2026-09-15T14:41:21,Trung,Viettel,cloudflare,48.0,28.29
2026-09-15T14:41:21,Trung,Viettel,vultr_singapore,37.0,51.94
2026-09-15T14:41:21,Trung,Viettel,vultr_seoul,229.0,122.07
2026-09-15T14:41:21,Trung,Viettel,linode_singapore,63.0,80.33
2026-09-15T14:52:07,Trung,Viettel,cloudflare,45.0,29.99
2026-09-15T14:52:07,Trung,Viettel,vultr_singapore,47.0,70.32
2026-09-15T14:52:07,Trung,Viettel,vultr_seoul,226.0,123.64
2026-09-15T14:52:07,Trung,Viettel,linode_singapore,64.0,78.57
2026-09-15T15:02:51,Trung,Viettel,cloudflare,48.0,28.27
2026-09-15T15:02:51,Trung,Viettel,vultr_singapore,49.0,20.36
2026-09-15T15:02:51,Trung,Viettel,vultr_seoul,229.0,126.25
2026-09-15T15:02:51,Trung,Viettel,linode_singapore,54.0,74.13
2026-09-15T15:13:39,Trung,Viettel,cloudflare,48.0,34.91
2026-09-15T15:13:39,Trung,Viettel,vultr_singapore,46.0,14.67
2026-09-15T15:13:39,Trung,Viettel,vultr_seoul,227.0,124.97
2026-09-15T15:13:39,Trung,Viettel,linode_singapore,57.0,75.52
2026-09-15T15:24:28,Trung,Viettel,cloudflare,46.0,35.04
2026-09-15T15:24:28,Trung,Viettel,vultr_singapore,36.0,56.87
2026-09-15T15:24:28,Trung,Viettel,vultr_seoul,226.0,134.12
2026-09-15T15:24:28,Trung,Viettel,linode_singapore,54.0,104.09
2026-09-15T15:35:11,Trung,Viettel,cloudflare,47.0,32.49
2026-09-15T15:35:11,Trung,Viettel,vultr_singapore,50.0,76.01
2026-09-15T15:35:11,Trung,Viettel,vultr_seoul,229.0,123.95
2026-09-15T15:35:11,Trung,Viettel,linode_singapore,64.0,123.9
2026-09-15T15:45:51,Trung,Viettel,cloudflare,47.0,26.21
2026-09-15T15:45:51,Trung,Viettel,vultr_singapore,36.0,14.66
2026-09-15T15:45:51,Trung,Viettel,vultr_seoul,227.0,137.11
2026-09-15T15:45:51,Trung,Viettel,linode_singapore,63.0,76.17
2026-09-15T15:56:37,Trung,Viettel,cloudflare,56.0,27.65
2026-09-15T15:56:37,Trung,Viettel,vultr_singapore,46.0,68.8
2026-09-15T15:56:37,Trung,Viettel,vultr_seoul,228.0,128.97
2026-09-15T15:56:37,Trung,Viettel,linode_singapore,65.0,89.63
2026-09-15T16:07:21,Trung,Viettel,cloudflare,54.0,33.49
2026-09-15T16:07:21,Trung,Viettel,vultr_singapore,45.0,13.36
2026-09-15T16:07:21,Trung,Viettel,vultr_seoul,228.0,111.17
2026-09-15T16:07:21,Trung,Viettel,linode_singapore,54.0,118.18
2026-09-15T16:18:08,Trung,Viettel,cloudflare,46.0,15.81
2026-09-15T16:18:08,Trung,Viettel,vultr_singapore,62.0,18.56
2026-09-15T16:18:08,Trung,Viettel,vultr_seoul,223.0,68.98
2026-09-15T16:18:08,Trung,Viettel,linode_singapore,56.0,48.98
2026-09-15T16:29:05,Trung,Viettel,cloudflare,57.0,30.96
2026-09-15T16:29:05,Trung,Viettel,vultr_singapore,46.0,14.99
2026-09-15T16:29:05,Trung,Viettel,vultr_seoul,230.0,125.49
2026-09-15T16:29:05,Trung,Viettel,linode_singapore,56.0,110.94
2026-09-15T16:39:50,Trung,Viettel,cloudflare,57.0,33.79
2026-09-15T16:39:50,Trung,Viettel,vultr_singapore,46.0,13.31
2026-09-15T16:39:50,Trung,Viettel,vultr_seoul,230.0,76.43
2026-09-15T16:39:50,Trung,Viettel,linode_singapore,53.0,75.19
2026-09-15T16:50:45,Trung,Viettel,cloudflare,54.0,26.73
2026-09-15T16:50:45,Trung,Viettel,vultr_singapore,46.0,57.27
2026-09-15T16:50:45,Trung,Viettel,vultr_seoul,230.0,121.07
2026-09-15T16:50:45,Trung,Viettel,linode_singapore,53.0,76.85
2026-09-15T17:01:32,Trung,Viettel,cloudflare,52.0,29.75
2026-09-15T17:01:32,Trung,Viettel,vultr_singapore,47.0,17.87
2026-09-15T17:01:32,Trung,Viettel,vultr_seoul,232.0,120.61
2026-09-15T17:01:32,Trung,Viettel,linode_singapore,54.0,95.46
2026-09-15T17:12:18,Trung,Viettel,cloudflare,55.0,33.33
2026-09-15T17:12:18,Trung,Viettel,vultr_singapore,44.0,13.45
2026-09-15T17:12:18,Trung,Viettel,vultr_seoul,225.0,80.16
2026-09-15T17:12:18,Trung,Viettel,linode_singapore,53.0,83.81
2026-09-15T17:23:10,Trung,Viettel,cloudflare,55.0,23.68
2026-09-15T17:23:10,Trung,Viettel,vultr_singapore,43.0,25.88
2026-09-15T17:23:10,Trung,Viettel,vultr_seoul,226.0,75.32
2026-09-15T17:23:10,Trung,Viettel,linode_singapore,52.0,118.54
2026-09-15T17:33:57,Trung,Viettel,cloudflare,37.0,30.05
2026-09-15T17:33:57,Trung,Viettel,vultr_singapore,40.0,29.24
2026-09-15T17:33:57,Trung,Viettel,vultr_seoul,236.0,131.7
2026-09-15T17:33:57,Trung,Viettel,linode_singapore,61.0,65.29
2026-09-15T17:44:46,Trung,Viettel,cloudflare,48.0,31.2
2026-09-15T17:44:46,Trung,Viettel,vultr_singapore,46.0,15.45
2026-09-15T17:44:46,Trung,Viettel,vultr_seoul,228.0,132.58
2026-09-15T17:44:46,Trung,Viettel,linode_singapore,62.0,103.72
2026-09-15T17:55:30,Trung,Viettel,cloudflare,60.0,23.95
2026-09-15T17:55:30,Trung,Viettel,vultr_singapore,47.0,18.53
2026-09-15T17:55:30,Trung,Viettel,vultr_seoul,233.0,126.55
2026-09-15T17:55:30,Trung,Viettel,linode_singapore,54.0,103.77
2026-09-15T18:06:16,Trung,Viettel,cloudflare,56.0,27.99
2026-09-15T18:06:16,Trung,Viettel,vultr_singapore,49.0,13.54
2026-09-15T18:06:16,Trung,Viettel,vultr_seoul,234.0,111.17
2026-09-15T18:06:16,Trung,Viettel,linode_singapore,63.0,73.34
2026-09-15T18:17:06,Trung,Viettel,cloudflare,55.0,8.44
2026-09-15T18:17:06,Trung,Viettel,vultr_singapore,47.0,10.47
2026-09-15T18:17:06,Trung,Viettel,vultr_seoul,229.0,18.9
2026-09-15T18:17:06,Trung,Viettel,linode_singapore,128.0,24.79
2026-09-15T18:28:09,Trung,Viettel,cloudflare,44.0,26.96
2026-09-15T18:28:09,Trung,Viettel,vultr_singapore,36.0,15.6
2026-09-15T18:28:09,Trung,Viettel,vultr_seoul,231.0,77.91
2026-09-15T18:28:09,Trung,Viettel,linode_singapore,62.0,64.91
2026-09-15T18:39:01,Trung,Viettel,cloudflare,48.0,31.6
2026-09-15T18:39:01,Trung,Viettel,vultr_singapore,37.0,101.47
2026-09-15T18:39:01,Trung,Viettel,vultr_seoul,227.0,136.74
2026-09-15T18:39:01,Trung,Viettel,linode_singapore,64.0,104.26
2026-09-15T18:49:40,Trung,Viettel,cloudflare,61.0,29.35
2026-09-15T18:49:40,Trung,Viettel,vultr_singapore,47.0,18.86
2026-09-15T18:49:40,Trung,Viettel,vultr_seoul,230.0,116.94
2026-09-15T18:49:40,Trung,Viettel,linode_singapore,60.0,100.68
2026-09-15T19:00:26,Trung,Viettel,cloudflare,47.0,13.03
2026-09-15T19:00:26,Trung,Viettel,vultr_singapore,37.0,17.88
2026-09-15T19:00:26,Trung,Viettel,vultr_seoul,228.0,123.72
2026-09-15T19:00:26,Trung,Viettel,linode_singapore,54.0,84.12
2026-09-15T19:11:14,Trung,Viettel,cloudflare,52.0,22.69
2026-09-15T19:11:14,Trung,Viettel,vultr_singapore,55.0,13.61
2026-09-15T19:11:14,Trung,Viettel,vultr_seoul,239.0,46.43
2026-09-15T19:11:14,Trung,Viettel,linode_singapore,79.0,11.67
2026-09-15T19:22:13,Trung,Viettel,cloudflare,59.0,32.39
2026-09-15T19:22:13,Trung,Viettel,vultr_singapore,47.0,18.8
2026-09-15T19:22:13,Trung,Viettel,vultr_seoul,224.0,129.04
2026-09-15T19:22:13,Trung,Viettel,linode_singapore,53.0,104.5
2026-09-15T19:33:00,Trung,Viettel,cloudflare,53.0,23.87
2026-09-15T19:33:00,Trung,Viettel,vultr_singapore,44.0,19.21
2026-09-15T19:33:00,Trung,Viettel,vultr_seoul,223.0,142.06
2026-09-15T19:33:00,Trung,Viettel,linode_singapore,60.0,102.7
2026-09-15T19:43:45,Trung,Viettel,cloudflare,56.0,35.72
2026-09-15T19:43:45,Trung,Viettel,vultr_singapore,49.0,14.37
2026-09-15T19:43:45,Trung,Viettel,vultr_seoul,225.0,136.07
2026-09-15T19:43:45,Trung,Viettel,linode_singapore,76.0,66.2
2026-09-15T19:54:33,Trung,Viettel,cloudflare,60.0,29.37
2026-09-15T19:54:33,Trung,Viettel,vultr_singapore,49.0,14.78
2026-09-15T19:54:33,Trung,Viettel,vultr_seoul,240.0,111.04
2026-09-15T19:54:33,Trung,Viettel,linode_singapore,61.0,66.52
2026-09-15T20:05:24,Trung,Viettel,cloudflare,57.0,25.74
2026-09-15T20:05:24,Trung,Viettel,vultr_singapore,48.0,18.18
2026-09-15T20:05:24,Trung,Viettel,vultr_seoul,232.0,116.07
2026-09-15T20:05:24,Trung,Viettel,linode_singapore,62.0,80.27
2026-09-15T20:16:13,Trung,Viettel,cloudflare,45.0,31.68
2026-09-15T20:16:13,Trung,Viettel,vultr_singapore,37.0,14.1
2026-09-15T20:16:13,Trung,Viettel,vultr_seoul,231.0,118.24
2026-09-15T20:16:13,Trung,Viettel,linode_singapore,60.0,43.3
2026-09-15T20:27:07,Trung,Viettel,cloudflare,46.0,27.97
2026-09-15T20:27:07,Trung,Viettel,vultr_singapore,36.0,18.44
2026-09-15T20:27:07,Trung,Viettel,vultr_seoul,226.0,98.63
2026-09-15T20:27:07,Trung,Viettel,linode_singapore,52.0,77.16
2026-09-15T20:37:57,Trung,Viettel,cloudflare,45.0,31.22
2026-09-15T20:37:57,Trung,Viettel,vultr_singapore,36.0,14.2
2026-09-15T20:37:57,Trung,Viettel,vultr_seoul,224.0,92.29
2026-09-15T20:37:57,Trung,Viettel,linode_singapore,53.0,85.37
2026-09-15T20:48:45,Trung,Viettel,cloudflare,40.0,31.25
2026-09-15T20:48:45,Trung,Viettel,vultr_singapore,38.0,20.94
2026-09-15T20:48:45,Trung,Viettel,vultr_seoul,226.0,131.82
2026-09-15T20:48:45,Trung,Viettel,linode_singapore,53.0,94.52
2026-09-15T20:59:31,Trung,Viettel,cloudflare,45.0,24.89
2026-09-15T20:59:31,Trung,Viettel,vultr_singapore,38.0,17.64
2026-09-15T20:59:31,Trung,Viettel,vultr_seoul,231.0,94.52
2026-09-15T20:59:31,Trung,Viettel,linode_singapore,62.0,69.04
2026-09-15T22:23:00,Trung,Viettel,cloudflare,36.0,28.82
2026-09-15T22:23:00,Trung,Viettel,vultr_singapore,35.0,15.63
2026-09-15T22:23:00,Trung,Viettel,vultr_seoul,232.0,136.26
2026-09-15T22:23:00,Trung,Viettel,linode_singapore,63.0,93.2
2026-09-15T22:33:46,Trung,Viettel,cloudflare,46.0,35.32
2026-09-15T22:33:46,Trung,Viettel,vultr_singapore,48.0,19.29
2026-09-15T22:33:46,Trung,Viettel,vultr_seoul,223.0,115.07
2026-09-15T22:33:46,Trung,Viettel,linode_singapore,52.0,77.88
2026-09-15T22:44:34,Trung,Viettel,cloudflare,54.0,21.99
2026-09-15T22:44:34,Trung,Viettel,vultr_singapore,49.0,14.98
2026-09-15T22:44:34,Trung,Viettel,vultr_seoul,231.0,65.32
2026-09-15T22:44:34,Trung,Viettel,linode_singapore,57.0,104.95
2026-09-15T22:55:26,Trung,Viettel,cloudflare,56.0,25.24
2026-09-15T22:55:26,Trung,Viettel,vultr_singapore,43.0,15.34
2026-09-15T22:55:26,Trung,Viettel,vultr_seoul,231.0,135.12
2026-09-15T22:55:26,Trung,Viettel,linode_singapore,65.0,112.3
2026-09-15T23:06:08,Trung,Viettel,cloudflare,56.0,32.0
2026-09-15T23:06:08,Trung,Viettel,vultr_singapore,45.0,14.13
2026-09-15T23:06:08,Trung,Viettel,vultr_seoul,227.0,99.85
2026-09-15T23:06:08,Trung,Viettel,linode_singapore,64.0,99.87
2026-09-15T23:16:54,Trung,Viettel,cloudflare,61.0,22.28
2026-09-15T23:16:54,Trung,Viettel,vultr_singapore,54.0,15.24
2026-09-15T23:16:54,Trung,Viettel,vultr_seoul,237.0,80.7
2026-09-15T23:16:54,Trung,Viettel,linode_singapore,62.0,55.6
2026-09-15T23:27:49,Trung,Viettel,cloudflare,50.0,31.92
2026-09-15T23:27:49,Trung,Viettel,vultr_singapore,54.0,14.64
2026-09-15T23:27:49,Trung,Viettel,vultr_seoul,229.0,134.13
2026-09-15T23:27:49,Trung,Viettel,linode_singapore,66.0,91.52
2026-09-15T23:38:34,Trung,Viettel,cloudflare,55.0,32.39
2026-09-15T23:38:34,Trung,Viettel,vultr_singapore,48.0,20.18
2026-09-15T23:38:34,Trung,Viettel,vultr_seoul,231.0,113.32
2026-09-15T23:38:34,Trung,Viettel,linode_singapore,64.0,107.39
2026-09-15T23:49:19,Trung,Viettel,cloudflare,46.0,30.6
2026-09-15T23:49:19,Trung,Viettel,vultr_singapore,40.0,12.83
2026-09-15T23:49:19,Trung,Viettel,vultr_seoul,231.0,135.33
2026-09-15T23:49:19,Trung,Viettel,linode_singapore,66.0,89.78
2026-09-16T00:00:05,Trung,Viettel,cloudflare,47.0,28.52
2026-09-16T00:00:05,Trung,Viettel,vultr_singapore,37.0,19.16
2026-09-16T00:00:05,Trung,Viettel,vultr_seoul,230.0,82.98
2026-09-16T00:00:05,Trung,Viettel,linode_singapore,65.0,96.21
2026-09-16T00:10:55,Trung,Viettel,cloudflare,51.0,24.88
2026-09-16T00:10:55,Trung,Viettel,vultr_singapore,45.0,14.71
2026-09-16T00:10:55,Trung,Viettel,vultr_seoul,242.0,75.85
2026-09-16T00:10:55,Trung,Viettel,linode_singapore,55.0,64.6
2026-09-16T00:21:48,Trung,Viettel,cloudflare,46.0,31.93
2026-09-16T00:21:48,Trung,Viettel,vultr_singapore,38.0,18.51
2026-09-16T00:21:48,Trung,Viettel,vultr_seoul,230.0,122.03
2026-09-16T00:21:48,Trung,Viettel,linode_singapore,56.0,97.4
2026-09-16T00:32:32,Trung,Viettel,cloudflare,59.0,31.05
2026-09-16T00:32:32,Trung,Viettel,vultr_singapore,50.0,15.15
2026-09-16T00:32:32,Trung,Viettel,vultr_seoul,234.0,135.42
2026-09-16T00:32:32,Trung,Viettel,linode_singapore,64.0,112.18
2026-09-16T00:43:16,Trung,Viettel,cloudflare,45.0,29.36
2026-09-16T00:43:16,Trung,Viettel,vultr_singapore,38.0,13.3
2026-09-16T00:43:16,Trung,Viettel,vultr_seoul,231.0,116.68
2026-09-16T00:43:16,Trung,Viettel,linode_singapore,64.0,115.95
2026-09-16T00:54:00,Trung,Viettel,cloudflare,59.0,33.16
2026-09-16T00:54:00,Trung,Viettel,vultr_singapore,53.0,14.24
2026-09-16T00:54:00,Trung,Viettel,vultr_seoul,225.0,94.32
2026-09-16T00:54:00,Trung,Viettel,linode_singapore,55.0,86.35
2026-09-16T01:04:48,Trung,Viettel,cloudflare,53.0,25.61
2026-09-16T01:04:48,Trung,Viettel,vultr_singapore,46.0,14.98
2026-09-16T01:04:48,Trung,Viettel,vultr_seoul,234.0,118.66
2026-09-16T01:04:48,Trung,Viettel,linode_singapore,64.0,100.83
2026-09-16T01:15:33,Trung,Viettel,cloudflare,47.0,6.17
2026-09-16T01:15:33,Trung,Viettel,vultr_singapore,92.0,15.35
2026-09-16T01:15:33,Trung,Viettel,vultr_seoul,256.0,76.25
2026-09-16T01:15:33,Trung,Viettel,linode_singapore,66.0,54.92
2026-09-16T01:26:34,Trung,Viettel,cloudflare,59.0,26.42
2026-09-16T01:26:34,Trung,Viettel,vultr_singapore,52.0,13.9
2026-09-16T01:26:34,Trung,Viettel,vultr_seoul,230.0,126.84
2026-09-16T01:26:34,Trung,Viettel,linode_singapore,53.0,106.53
2026-09-16T01:37:18,Trung,Viettel,cloudflare,57.0,26.75
2026-09-16T01:37:18,Trung,Viettel,vultr_singapore,49.0,13.79
2026-09-16T01:37:18,Trung,Viettel,vultr_seoul,229.0,83.42
2026-09-16T01:37:18,Trung,Viettel,linode_singapore,65.0,111.0
2026-09-16T01:48:07,Trung,Viettel,cloudflare,56.0,27.77
2026-09-16T01:48:07,Trung,Viettel,vultr_singapore,49.0,37.78
2026-09-16T01:48:07,Trung,Viettel,vultr_seoul,234.0,142.25
2026-09-16T01:48:07,Trung,Viettel,linode_singapore,66.0,84.18
2026-09-16T01:58:51,Trung,Viettel,cloudflare,53.0,29.27
2026-09-16T01:58:51,Trung,Viettel,vultr_singapore,51.0,14.49
2026-09-16T01:58:51,Trung,Viettel,vultr_seoul,227.0,112.43
2026-09-16T01:58:51,Trung,Viettel,linode_singapore,64.0,75.78
2026-09-16T02:09:41,Trung,Viettel,cloudflare,35.0,26.83
2026-09-16T02:09:41,Trung,Viettel,vultr_singapore,38.0,13.34
2026-09-16T02:09:41,Trung,Viettel,vultr_seoul,228.0,74.33
2026-09-16T02:09:41,Trung,Viettel,linode_singapore,65.0,98.33
2026-09-16T02:20:34,Trung,Viettel,cloudflare,45.0,35.28
2026-09-16T02:20:34,Trung,Viettel,vultr_singapore,39.0,14.52
2026-09-16T02:20:34,Trung,Viettel,vultr_seoul,227.0,118.64
2026-09-16T02:20:34,Trung,Viettel,linode_singapore,64.0,77.12
2026-09-16T02:31:20,Trung,Viettel,cloudflare,55.0,24.9
2026-09-16T02:31:20,Trung,Viettel,vultr_singapore,204.0,13.63
2026-09-16T02:31:20,Trung,Viettel,vultr_seoul,231.0,125.13
2026-09-16T02:31:20,Trung,Viettel,linode_singapore,67.0,62.44
2026-09-16T02:42:08,Trung,Viettel,cloudflare,55.0,31.43
2026-09-16T02:42:08,Trung,Viettel,vultr_singapore,48.0,20.16
2026-09-16T02:42:08,Trung,Viettel,vultr_seoul,227.0,114.97
2026-09-16T02:42:08,Trung,Viettel,linode_singapore,68.0,76.14
2026-09-16T02:52:56,Trung,Viettel,cloudflare,48.0,34.57
2026-09-16T02:52:56,Trung,Viettel,vultr_singapore,51.0,13.97
2026-09-16T02:52:56,Trung,Viettel,vultr_seoul,226.0,135.98
2026-09-16T02:52:56,Trung,Viettel,linode_singapore,61.0,70.36
2026-09-16T03:03:45,Trung,Viettel,cloudflare,57.0,33.76
2026-09-16T03:03:45,Trung,Viettel,vultr_singapore,49.0,19.15
2026-09-16T03:03:45,Trung,Viettel,vultr_seoul,229.0,97.11
2026-09-16T03:03:45,Trung,Viettel,linode_singapore,62.0,69.1
2026-09-16T03:14:37,Trung,Viettel,cloudflare,47.0,32.97
2026-09-16T03:14:37,Trung,Viettel,vultr_singapore,36.0,15.51
2026-09-16T03:14:37,Trung,Viettel,vultr_seoul,269.0,74.25
2026-09-16T03:14:37,Trung,Viettel,linode_singapore,59.0,47.23
2026-09-16T03:25:34,Trung,Viettel,cloudflare,53.0,29.66
2026-09-16T03:25:34,Trung,Viettel,vultr_singapore,49.0,64.9
2026-09-16T03:25:34,Trung,Viettel,vultr_seoul,240.0,77.07
2026-09-16T03:25:34,Trung,Viettel,linode_singapore,61.0,76.04
2026-09-16T03:36:24,Trung,Viettel,cloudflare,56.0,32.08
2026-09-16T03:36:24,Trung,Viettel,vultr_singapore,48.0,19.34
2026-09-16T03:36:24,Trung,Viettel,vultr_seoul,227.0,106.88
2026-09-16T03:36:24,Trung,Viettel,linode_singapore,58.0,81.33
2026-09-16T03:47:15,Trung,Viettel,cloudflare,56.0,32.28
2026-09-16T03:47:15,Trung,Viettel,vultr_singapore,49.0,13.65
2026-09-16T03:47:15,Trung,Viettel,vultr_seoul,230.0,143.01
2026-09-16T03:47:15,Trung,Viettel,linode_singapore,60.0,111.97
2026-09-16T03:57:58,Trung,Viettel,cloudflare,59.0,34.41
2026-09-16T03:57:58,Trung,Viettel,vultr_singapore,49.0,14.27
2026-09-16T03:57:58,Trung,Viettel,vultr_seoul,228.0,119.11
2026-09-16T03:57:58,Trung,Viettel,linode_singapore,57.0,100.13
2026-09-16T04:08:44,Trung,Viettel,cloudflare,55.0,27.64
2026-09-16T04:08:44,Trung,Viettel,vultr_singapore,49.0,72.17
2026-09-16T04:08:44,Trung,Viettel,vultr_seoul,235.0,74.88
2026-09-16T04:08:44,Trung,Viettel,linode_singapore,69.0,80.97
2026-09-16T04:19:36,Trung,Viettel,cloudflare,59.0,26.97
2026-09-16T04:19:36,Trung,Viettel,vultr_singapore,54.0,31.53
2026-09-16T04:19:36,Trung,Viettel,vultr_seoul,248.0,90.6
2026-09-16T04:19:36,Trung,Viettel,linode_singapore,59.0,85.45
2026-09-16T04:30:25,Trung,Viettel,cloudflare,52.0,29.58
2026-09-16T04:30:25,Trung,Viettel,vultr_singapore,47.0,45.92
2026-09-16T04:30:25,Trung,Viettel,vultr_seoul,230.0,116.67
2026-09-16T04:30:25,Trung,Viettel,linode_singapore,59.0,105.11
2026-09-16T04:41:08,Trung,Viettel,cloudflare,53.0,34.12
2026-09-16T04:41:08,Trung,Viettel,vultr_singapore,46.0,14.65
2026-09-16T04:41:08,Trung,Viettel,vultr_seoul,234.0,123.77
2026-09-16T04:41:08,Trung,Viettel,linode_singapore,57.0,92.33
2026-09-16T04:51:53,Trung,Viettel,cloudflare,59.0,29.14
2026-09-16T04:51:53,Trung,Viettel,vultr_singapore,48.0,19.31
2026-09-16T04:51:53,Trung,Viettel,vultr_seoul,229.0,76.29
2026-09-16T04:51:53,Trung,Viettel,linode_singapore,60.0,111.07
2026-09-16T05:02:43,Trung,Viettel,cloudflare,54.0,31.74
2026-09-16T05:02:43,Trung,Viettel,vultr_singapore,49.0,69.73
2026-09-16T05:02:43,Trung,Viettel,vultr_seoul,223.0,93.78
2026-09-16T05:02:43,Trung,Viettel,linode_singapore,59.0,85.94
2026-09-16T05:13:29,Trung,Viettel,cloudflare,82.0,25.36
2026-09-16T05:13:29,Trung,Viettel,vultr_singapore,50.0,14.3
2026-09-16T05:13:29,Trung,Viettel,vultr_seoul,234.0,85.67
2026-09-16T05:13:29,Trung,Viettel,linode_singapore,59.0,100.15
2026-09-16T05:24:17,Trung,Viettel,cloudflare,53.0,33.71
2026-09-16T05:24:17,Trung,Viettel,vultr_singapore,48.0,14.8
2026-09-16T05:24:17,Trung,Viettel,vultr_seoul,233.0,102.74
2026-09-16T05:24:17,Trung,Viettel,linode_singapore,58.0,95.42
2026-09-16T05:35:04,Trung,Viettel,cloudflare,59.0,31.58
2026-09-16T05:35:04,Trung,Viettel,vultr_singapore,50.0,41.48
2026-09-16T05:35:04,Trung,Viettel,vultr_seoul,228.0,114.7
2026-09-16T05:35:04,Trung,Viettel,linode_singapore,58.0,88.02
2026-09-16T05:45:51,Trung,Viettel,cloudflare,57.0,34.64
2026-09-16T05:45:51,Trung,Viettel,vultr_singapore,48.0,15.3
2026-09-16T05:45:51,Trung,Viettel,vultr_seoul,224.0,114.79
2026-09-16T05:45:51,Trung,Viettel,linode_singapore,64.0,81.29
2026-09-16T05:56:38,Trung,Viettel,cloudflare,46.0,32.03
2026-09-16T05:56:38,Trung,Viettel,vultr_singapore,38.0,12.89
2026-09-16T05:56:38,Trung,Viettel,vultr_seoul,229.0,75.55
2026-09-16T05:56:38,Trung,Viettel,linode_singapore,57.0,69.45
2026-09-16T06:07:31,Trung,Viettel,cloudflare,56.0,20.02
2026-09-16T06:07:31,Trung,Viettel,vultr_singapore,55.0,15.65
2026-09-16T06:07:31,Trung,Viettel,vultr_seoul,231.0,110.21
2026-09-16T06:07:31,Trung,Viettel,linode_singapore,66.0,93.84
2026-09-16T06:18:17,Trung,Viettel,cloudflare,60.0,21.16
2026-09-16T06:18:17,Trung,Viettel,vultr_singapore,53.0,14.8
2026-09-16T06:18:17,Trung,Viettel,vultr_seoul,231.0,55.78
2026-09-16T06:18:17,Trung,Viettel,linode_singapore,71.0,60.59
2026-09-16T06:29:15,Trung,Viettel,cloudflare,58.0,34.32
2026-09-16T06:29:15,Trung,Viettel,vultr_singapore,50.0,12.9
2026-09-16T06:29:15,Trung,Viettel,vultr_seoul,231.0,98.04
2026-09-16T06:29:15,Trung,Viettel,linode_singapore,67.0,82.1
2026-09-16T06:40:04,Trung,Viettel,cloudflare,47.0,17.48
2026-09-16T06:40:04,Trung,Viettel,vultr_singapore,49.0,13.95
2026-09-16T06:40:04,Trung,Viettel,vultr_seoul,228.0,119.87
2026-09-16T06:40:04,Trung,Viettel,linode_singapore,58.0,89.16
2026-09-16T06:50:51,Trung,Viettel,cloudflare,47.0,29.01
2026-09-16T06:50:51,Trung,Viettel,vultr_singapore,40.0,15.48
2026-09-16T06:50:51,Trung,Viettel,vultr_seoul,226.0,129.85
2026-09-16T06:50:51,Trung,Viettel,linode_singapore,60.0,92.97
2026-09-16T07:01:36,Trung,Viettel,cloudflare,49.0,28.33
2026-09-16T07:01:36,Trung,Viettel,vultr_singapore,49.0,22.6
2026-09-16T07:01:36,Trung,Viettel,vultr_seoul,227.0,54.36
2026-09-16T07:01:36,Trung,Viettel,linode_singapore,60.0,67.26
2026-09-16T07:12:35,Trung,Viettel,cloudflare,54.0,33.95
2026-09-16T07:12:35,Trung,Viettel,vultr_singapore,47.0,28.11
2026-09-16T07:12:35,Trung,Viettel,vultr_seoul,232.0,113.85
2026-09-16T07:12:35,Trung,Viettel,linode_singapore,58.0,116.62
2026-09-16T07:23:21,Trung,Viettel,cloudflare,49.0,37.86
2026-09-16T07:23:21,Trung,Viettel,vultr_singapore,49.0,14.14
2026-09-16T07:23:21,Trung,Viettel,vultr_seoul,237.0,107.07
2026-09-16T07:23:21,Trung,Viettel,linode_singapore,58.0,106.38
2026-09-16T07:34:06,Trung,Viettel,cloudflare,54.0,29.85
2026-09-16T07:34:06,Trung,Viettel,vultr_singapore,49.0,14.93
2026-09-16T07:34:06,Trung,Viettel,vultr_seoul,234.0,122.54
2026-09-16T07:34:06,Trung,Viettel,linode_singapore,70.0,93.12
2026-09-16T07:44:50,Trung,Viettel,cloudflare,45.0,27.35
2026-09-16T07:44:50,Trung,Viettel,vultr_singapore,36.0,19.78
2026-09-16T07:44:50,Trung,Viettel,vultr_seoul,229.0,23.24
2026-09-16T07:44:50,Trung,Viettel,linode_singapore,58.0,106.69
2026-09-16T07:55:43,Trung,Viettel,cloudflare,58.0,30.25
2026-09-16T07:55:43,Trung,Viettel,vultr_singapore,46.0,14.47
2026-09-16T07:55:43,Trung,Viettel,vultr_seoul,236.0,101.7
2026-09-16T07:55:43,Trung,Viettel,linode_singapore,66.0,85.53
2026-09-16T08:06:30,Trung,Viettel,cloudflare,54.0,27.05
2026-09-16T08:06:30,Trung,Viettel,vultr_singapore,48.0,13.42
2026-09-16T08:06:30,Trung,Viettel,vultr_seoul,226.0,36.48
2026-09-16T08:06:30,Trung,Viettel,linode_singapore,60.0,62.72
2026-09-16T08:17:28,Trung,Viettel,cloudflare,54.0,22.07
2026-09-16T08:17:28,Trung,Viettel,vultr_singapore,52.0,14.67
2026-09-16T08:17:28,Trung,Viettel,vultr_seoul,235.0,51.74
2026-09-16T08:17:28,Trung,Viettel,linode_singapore,94.0,54.74
2026-09-16T08:28:27,Trung,Viettel,cloudflare,54.0,27.11
2026-09-16T08:28:27,Trung,Viettel,vultr_singapore,47.0,19.78
2026-09-16T08:28:27,Trung,Viettel,vultr_seoul,236.0,90.45
2026-09-16T08:28:27,Trung,Viettel,linode_singapore,65.0,81.11
2026-09-16T08:39:15,Trung,Viettel,cloudflare,45.0,30.08
2026-09-16T08:39:15,Trung,Viettel,vultr_singapore,39.0,16.2
2026-09-16T08:39:15,Trung,Viettel,vultr_seoul,237.0,132.2
2026-09-16T08:39:15,Trung,Viettel,linode_singapore,64.0,93.37
2026-09-16T08:50:00,Trung,Viettel,cloudflare,53.0,28.16
2026-09-16T08:50:00,Trung,Viettel,vultr_singapore,48.0,12.78
2026-09-16T08:50:00,Trung,Viettel,vultr_seoul,226.0,75.29
2026-09-16T08:50:00,Trung,Viettel,linode_singapore,68.0,84.08
2026-09-16T09:00:50,Trung,Viettel,cloudflare,57.0,33.68
2026-09-16T09:00:50,Trung,Viettel,vultr_singapore,48.0,20.55
2026-09-16T09:00:50,Trung,Viettel,vultr_seoul,232.0,105.2
2026-09-16T09:00:50,Trung,Viettel,linode_singapore,66.0,102.15
2026-09-16T09:11:36,Trung,Viettel,cloudflare,48.0,18.78
2026-09-16T09:11:36,Trung,Viettel,vultr_singapore,41.0,13.96
2026-09-16T09:11:36,Trung,Viettel,vultr_seoul,234.0,125.87
2026-09-16T09:11:36,Trung,Viettel,linode_singapore,59.0,84.53
2026-09-16T09:22:22,Trung,Viettel,cloudflare,47.0,31.02
2026-09-16T09:22:22,Trung,Viettel,vultr_singapore,36.0,16.98
2026-09-16T09:22:22,Trung,Viettel,vultr_seoul,230.0,97.45
2026-09-16T09:22:22,Trung,Viettel,linode_singapore,67.0,76.66
2026-09-16T09:33:11,Trung,Viettel,cloudflare,55.0,31.58
2026-09-16T09:33:11,Trung,Viettel,vultr_singapore,48.0,14.68
2026-09-16T09:33:11,Trung,Viettel,vultr_seoul,226.0,130.72
2026-09-16T09:33:11,Trung,Viettel,linode_singapore,58.0,75.81
2026-09-16T09:43:58,Trung,Viettel,cloudflare,57.0,30.58
2026-09-16T09:43:58,Trung,Viettel,vultr_singapore,52.0,56.87
2026-09-16T09:43:58,Trung,Viettel,vultr_seoul,231.0,122.71
2026-09-16T09:43:58,Trung,Viettel,linode_singapore,62.0,104.43
2026-09-16T09:54:42,Trung,Viettel,cloudflare,51.0,29.12
2026-09-16T09:54:42,Trung,Viettel,vultr_singapore,38.0,45.19
2026-09-16T09:54:42,Trung,Viettel,vultr_seoul,225.0,71.72
2026-09-16T09:54:42,Trung,Viettel,linode_singapore,46.0,92.94
2026-09-16T10:05:32,Trung,Viettel,cloudflare,57.0,29.07
2026-09-16T10:05:32,Trung,Viettel,vultr_singapore,47.0,19.43
2026-09-16T10:05:32,Trung,Viettel,vultr_seoul,232.0,100.01
2026-09-16T10:05:32,Trung,Viettel,linode_singapore,54.0,81.05
2026-09-16T10:16:19,Trung,Viettel,cloudflare,62.0,21.23
2026-09-16T10:16:19,Trung,Viettel,vultr_singapore,55.0,16.85
2026-09-16T10:16:19,Trung,Viettel,vultr_seoul,245.0,62.09
2026-09-16T10:16:19,Trung,Viettel,linode_singapore,55.0,51.44
2026-09-16T10:27:19,Trung,Viettel,cloudflare,55.0,23.6
2026-09-16T10:27:19,Trung,Viettel,vultr_singapore,47.0,26.76
2026-09-16T10:27:19,Trung,Viettel,vultr_seoul,219.0,125.52
2026-09-16T10:27:19,Trung,Viettel,linode_singapore,52.0,98.56
2026-09-16T10:38:05,Trung,Viettel,cloudflare,57.0,24.41
2026-09-16T10:38:05,Trung,Viettel,vultr_singapore,44.0,13.02
2026-09-16T10:38:05,Trung,Viettel,vultr_seoul,230.0,104.34
2026-09-16T10:38:05,Trung,Viettel,linode_singapore,53.0,69.7
2026-09-16T10:48:57,Trung,Viettel,cloudflare,60.0,30.82
2026-09-16T10:48:57,Trung,Viettel,vultr_singapore,47.0,18.42
2026-09-16T10:48:57,Trung,Viettel,vultr_seoul,228.0,128.33
2026-09-16T10:48:57,Trung,Viettel,linode_singapore,35.0,107.29
2026-09-16T10:59:41,Trung,Viettel,cloudflare,56.0,21.69
2026-09-16T10:59:41,Trung,Viettel,vultr_singapore,49.0,19.54
2026-09-16T10:59:41,Trung,Viettel,vultr_seoul,231.0,75.54
2026-09-16T10:59:41,Trung,Viettel,linode_singapore,55.0,82.33
2026-09-16T11:10:31,Trung,Viettel,cloudflare,53.0,31.03
2026-09-16T11:10:31,Trung,Viettel,vultr_singapore,49.0,19.04
2026-09-16T11:10:31,Trung,Viettel,vultr_seoul,227.0,108.32
2026-09-16T11:10:31,Trung,Viettel,linode_singapore,55.0,91.82
2026-09-16T11:21:20,Trung,Viettel,cloudflare,45.0,34.05
2026-09-16T11:21:20,Trung,Viettel,vultr_singapore,46.0,20.39
2026-09-16T11:21:20,Trung,Viettel,vultr_seoul,227.0,101.26
2026-09-16T11:21:20,Trung,Viettel,linode_singapore,57.0,104.58
2026-09-16T11:32:05,Trung,Viettel,cloudflare,46.0,26.44
2026-09-16T11:32:05,Trung,Viettel,vultr_singapore,37.0,65.47
2026-09-16T11:32:05,Trung,Viettel,vultr_seoul,231.0,125.69
2026-09-16T11:32:05,Trung,Viettel,linode_singapore,58.0,73.43
2026-09-16T11:42:50,Trung,Viettel,cloudflare,59.0,32.0
2026-09-16T11:42:50,Trung,Viettel,vultr_singapore,49.0,13.64
2026-09-16T11:42:50,Trung,Viettel,vultr_seoul,235.0,96.86
2026-09-16T11:42:50,Trung,Viettel,linode_singapore,52.0,65.11
2026-09-16T11:53:40,Trung,Viettel,cloudflare,48.0,33.74
2026-09-16T11:53:40,Trung,Viettel,vultr_singapore,48.0,17.65
2026-09-16T11:53:40,Trung,Viettel,vultr_seoul,236.0,94.9
2026-09-16T11:53:40,Trung,Viettel,linode_singapore,54.0,101.42
2026-09-16T12:04:26,Trung,Viettel,cloudflare,59.0,35.45
2026-09-16T12:04:26,Trung,Viettel,vultr_singapore,49.0,14.38
2026-09-16T12:04:26,Trung,Viettel,vultr_seoul,232.0,130.34
2026-09-16T12:04:26,Trung,Viettel,linode_singapore,52.0,76.07
2026-09-16T12:15:14,Trung,Viettel,cloudflare,57.0,33.85
2026-09-16T12:15:14,Trung,Viettel,vultr_singapore,49.0,14.14
2026-09-16T12:15:14,Trung,Viettel,vultr_seoul,223.0,116.14
2026-09-16T12:15:14,Trung,Viettel,linode_singapore,55.0,95.83
2026-09-16T12:26:01,Trung,Viettel,cloudflare,49.0,33.72
2026-09-16T12:26:01,Trung,Viettel,vultr_singapore,44.0,13.49
2026-09-16T12:26:01,Trung,Viettel,vultr_seoul,226.0,124.62
2026-09-16T12:26:01,Trung,Viettel,linode_singapore,45.0,78.96
2026-09-16T22:32:23,Trung,Viettel,cloudflare,48.0,37.32
2026-09-16T22:32:23,Trung,Viettel,vultr_singapore,46.0,13.39
2026-09-16T22:32:23,Trung,Viettel,vultr_seoul,227.0,105.53
2026-09-16T22:32:23,Trung,Viettel,linode_singapore,44.0,105.1
2026-09-16T22:43:09,Trung,Viettel,cloudflare,36.0,34.37
2026-09-16T22:43:09,Trung,Viettel,vultr_singapore,36.0,13.99
2026-09-16T22:43:09,Trung,Viettel,vultr_seoul,231.0,98.77
2026-09-16T22:43:09,Trung,Viettel,linode_singapore,55.0,113.47
2026-09-16T22:53:54,Trung,Viettel,cloudflare,38.0,33.12
2026-09-16T22:53:54,Trung,Viettel,vultr_singapore,36.0,15.35
2026-09-16T22:53:54,Trung,Viettel,vultr_seoul,226.0,123.31
2026-09-16T22:53:54,Trung,Viettel,linode_singapore,45.0,93.05
2026-09-16T23:04:40,Trung,Viettel,cloudflare,68.0,25.96
2026-09-16T23:04:40,Trung,Viettel,vultr_singapore,64.0,12.7
2026-09-16T23:04:40,Trung,Viettel,vultr_seoul,247.0,73.2
2026-09-16T23:04:40,Trung,Viettel,linode_singapore,47.0,25.41
2026-09-16T23:15:39,Trung,Viettel,cloudflare,55.0,33.78
2026-09-16T23:15:39,Trung,Viettel,vultr_singapore,55.0,14.84
2026-09-16T23:15:39,Trung,Viettel,vultr_seoul,225.0,2.39
2026-09-16T23:15:39,Trung,Viettel,linode_singapore,46.0,77.81
2026-09-16T23:26:36,Trung,Viettel,cloudflare,56.0,23.23
2026-09-16T23:26:36,Trung,Viettel,vultr_singapore,47.0,13.59
2026-09-16T23:26:36,Trung,Viettel,vultr_seoul,227.0,126.14
2026-09-16T23:26:36,Trung,Viettel,linode_singapore,48.0,76.46
2026-09-16T23:37:23,Trung,Viettel,cloudflare,46.0,15.63
2026-09-16T23:37:23,Trung,Viettel,vultr_singapore,37.0,17.97
2026-09-16T23:37:23,Trung,Viettel,vultr_seoul,226.0,112.53
2026-09-16T23:37:23,Trung,Viettel,linode_singapore,42.0,87.1
2026-09-16T23:48:09,Trung,Viettel,cloudflare,54.0,26.64
2026-09-16T23:48:09,Trung,Viettel,vultr_singapore,47.0,29.38
2026-09-16T23:48:09,Trung,Viettel,vultr_seoul,230.0,121.02
2026-09-16T23:48:09,Trung,Viettel,linode_singapore,46.0,86.66
2026-09-16T23:58:59,Trung,Viettel,cloudflare,46.0,36.44
2026-09-16T23:58:59,Trung,Viettel,vultr_singapore,37.0,23.45
2026-09-16T23:58:59,Trung,Viettel,vultr_seoul,224.0,51.0
2026-09-16T23:58:59,Trung,Viettel,linode_singapore,80.0,81.29
2026-09-17T00:09:55,Trung,Viettel,cloudflare,46.0,26.87
2026-09-17T00:09:55,Trung,Viettel,vultr_singapore,35.0,13.69
2026-09-17T00:09:55,Trung,Viettel,vultr_seoul,225.0,108.22
2026-09-17T00:09:55,Trung,Viettel,linode_singapore,43.0,84.94
2026-09-17T00:20:45,Trung,Viettel,cloudflare,46.0,26.31
2026-09-17T00:20:45,Trung,Viettel,vultr_singapore,37.0,18.2
2026-09-17T00:20:45,Trung,Viettel,vultr_seoul,226.0,2.34
2026-09-17T00:20:45,Trung,Viettel,linode_singapore,42.0,82.03
2026-09-17T00:31:40,Trung,Viettel,cloudflare,57.0,32.52
2026-09-17T00:31:40,Trung,Viettel,vultr_singapore,47.0,12.95
2026-09-17T00:31:40,Trung,Viettel,vultr_seoul,226.0,118.51
2026-09-17T00:31:40,Trung,Viettel,linode_singapore,52.0,90.83
2026-09-17T00:42:26,Trung,Viettel,cloudflare,56.0,36.97
2026-09-17T00:42:26,Trung,Viettel,vultr_singapore,47.0,43.91
2026-09-17T00:42:26,Trung,Viettel,vultr_seoul,232.0,96.44
2026-09-17T00:42:26,Trung,Viettel,linode_singapore,53.0,61.47
2026-09-17T00:53:18,Trung,Viettel,cloudflare,46.0,26.39
2026-09-17T00:53:18,Trung,Viettel,vultr_singapore,47.0,14.14
2026-09-17T00:53:18,Trung,Viettel,vultr_seoul,229.0,127.43
2026-09-17T00:53:18,Trung,Viettel,linode_singapore,43.0,100.41
2026-09-17T01:04:02,Trung,Viettel,cloudflare,58.0,27.89
2026-09-17T01:04:02,Trung,Viettel,vultr_singapore,46.0,14.71
2026-09-17T01:04:02,Trung,Viettel,vultr_seoul,226.0,127.62
2026-09-17T01:04:02,Trung,Viettel,linode_singapore,53.0,73.23
2026-09-17T01:14:50,Trung,Viettel,cloudflare,48.0,32.28
2026-09-17T01:14:50,Trung,Viettel,vultr_singapore,36.0,41.25
2026-09-17T01:14:50,Trung,Viettel,vultr_seoul,227.0,2.64
2026-09-17T01:14:50,Trung,Viettel,linode_singapore,55.0,82.3
2026-09-17T01:25:44,Trung,Viettel,cloudflare,46.0,34.84
2026-09-17T01:25:44,Trung,Viettel,vultr_singapore,36.0,36.97
2026-09-17T01:25:44,Trung,Viettel,vultr_seoul,232.0,120.0
2026-09-17T01:25:44,Trung,Viettel,linode_singapore,50.0,80.14
2026-09-17T01:36:32,Trung,Viettel,cloudflare,55.0,28.65
2026-09-17T01:36:32,Trung,Viettel,vultr_singapore,47.0,15.65
2026-09-17T01:36:32,Trung,Viettel,vultr_seoul,229.0,120.98
2026-09-17T01:36:32,Trung,Viettel,linode_singapore,44.0,69.41
2026-09-17T01:47:19,Trung,Viettel,cloudflare,56.0,28.41
2026-09-17T01:47:19,Trung,Viettel,vultr_singapore,48.0,14.97
2026-09-17T01:47:19,Trung,Viettel,vultr_seoul,222.0,124.75
2026-09-17T01:47:19,Trung,Viettel,linode_singapore,50.0,75.4
2026-09-17T01:58:08,Trung,Viettel,cloudflare,55.0,24.75
2026-09-17T01:58:08,Trung,Viettel,vultr_singapore,48.0,13.2
2026-09-17T01:58:08,Trung,Viettel,vultr_seoul,232.0,58.66
2026-09-17T01:58:08,Trung,Viettel,linode_singapore,45.0,105.9
2026-09-17T02:09:00,Trung,Viettel,cloudflare,60.0,31.96
2026-09-17T02:09:00,Trung,Viettel,vultr_singapore,52.0,12.71
2026-09-17T02:09:00,Trung,Viettel,vultr_seoul,240.0,102.68
2026-09-17T02:09:00,Trung,Viettel,linode_singapore,44.0,85.44
2026-09-17T02:19:49,Trung,Viettel,cloudflare,56.0,27.61
2026-09-17T02:19:49,Trung,Viettel,vultr_singapore,48.0,18.61
2026-09-17T02:19:49,Trung,Viettel,vultr_seoul,227.0,96.27
2026-09-17T02:19:49,Trung,Viettel,linode_singapore,47.0,82.53
2026-09-17T02:30:38,Trung,Viettel,cloudflare,51.0,25.98
2026-09-17T02:30:38,Trung,Viettel,vultr_singapore,48.0,12.91
2026-09-17T02:30:38,Trung,Viettel,vultr_seoul,230.0,101.96
2026-09-17T02:30:38,Trung,Viettel,linode_singapore,51.0,94.87
2026-09-17T02:41:26,Trung,Viettel,cloudflare,46.0,27.32
2026-09-17T02:41:26,Trung,Viettel,vultr_singapore,37.0,14.72
2026-09-17T02:41:26,Trung,Viettel,vultr_seoul,231.0,127.32
2026-09-17T02:41:26,Trung,Viettel,linode_singapore,51.0,72.8
2026-09-17T02:52:13,Trung,Viettel,cloudflare,83.0,27.15
2026-09-17T02:52:13,Trung,Viettel,vultr_singapore,47.0,15.55
2026-09-17T02:52:13,Trung,Viettel,vultr_seoul,227.0,114.31
2026-09-17T02:52:13,Trung,Viettel,linode_singapore,43.0,102.67
2026-09-17T03:02:59,Trung,Viettel,cloudflare,55.0,36.49
2026-09-17T03:02:59,Trung,Viettel,vultr_singapore,47.0,15.91
2026-09-17T03:02:59,Trung,Viettel,vultr_seoul,230.0,85.9
2026-09-17T03:02:59,Trung,Viettel,linode_singapore,49.0,86.79
2026-09-17T03:13:47,Trung,Viettel,cloudflare,55.0,29.59
2026-09-17T03:13:47,Trung,Viettel,vultr_singapore,49.0,39.38
2026-09-17T03:13:47,Trung,Viettel,vultr_seoul,224.0,102.05
2026-09-17T03:13:47,Trung,Viettel,linode_singapore,48.0,72.93
2026-09-17T03:24:35,Trung,Viettel,cloudflare,55.0,36.18
2026-09-17T03:24:35,Trung,Viettel,vultr_singapore,48.0,28.69
2026-09-17T03:24:35,Trung,Viettel,vultr_seoul,224.0,125.28
2026-09-17T03:24:35,Trung,Viettel,linode_singapore,52.0,77.42
2026-09-17T03:35:23,Trung,Viettel,cloudflare,55.0,27.67
2026-09-17T03:35:23,Trung,Viettel,vultr_singapore,48.0,13.94
2026-09-17T03:35:23,Trung,Viettel,vultr_seoul,226.0,116.82
2026-09-17T03:35:23,Trung,Viettel,linode_singapore,55.0,79.22
2026-09-17T03:46:09,Trung,Viettel,cloudflare,57.0,30.18
2026-09-17T03:46:09,Trung,Viettel,vultr_singapore,47.0,72.67
2026-09-17T03:46:09,Trung,Viettel,vultr_seoul,226.0,110.0
2026-09-17T03:46:09,Trung,Viettel,linode_singapore,53.0,84.19
2026-09-17T03:56:52,Trung,Viettel,cloudflare,48.0,31.41
2026-09-17T03:56:52,Trung,Viettel,vultr_singapore,38.0,48.6
2026-09-17T03:56:52,Trung,Viettel,vultr_seoul,289.0,80.35
2026-09-17T03:56:52,Trung,Viettel,linode_singapore,46.0,81.23
2026-09-17T04:07:42,Trung,Viettel,cloudflare,57.0,28.25
2026-09-17T04:07:42,Trung,Viettel,vultr_singapore,57.0,19.4
2026-09-17T04:07:42,Trung,Viettel,vultr_seoul,230.0,69.4
2026-09-17T04:07:42,Trung,Viettel,linode_singapore,46.0,45.58
2026-09-17T04:18:41,Trung,Viettel,cloudflare,57.0,27.65
2026-09-17T04:18:41,Trung,Viettel,vultr_singapore,47.0,18.83
2026-09-17T04:18:41,Trung,Viettel,vultr_seoul,224.0,42.75
2026-09-17T04:18:41,Trung,Viettel,linode_singapore,57.0,103.39
2026-09-17T04:29:37,Trung,Viettel,cloudflare,57.0,31.58
2026-09-17T04:29:37,Trung,Viettel,vultr_singapore,47.0,13.07
2026-09-17T04:29:37,Trung,Viettel,vultr_seoul,232.0,18.01
2026-09-17T04:29:37,Trung,Viettel,linode_singapore,45.0,72.0
2026-09-17T04:40:34,Trung,Viettel,cloudflare,55.0,33.1
2026-09-17T04:40:34,Trung,Viettel,vultr_singapore,48.0,13.94
2026-09-17T04:40:34,Trung,Viettel,vultr_seoul,236.0,127.52
2026-09-17T04:40:34,Trung,Viettel,linode_singapore,53.0,106.52
2026-09-17T04:51:18,Trung,Viettel,cloudflare,54.0,34.74
2026-09-17T04:51:18,Trung,Viettel,vultr_singapore,47.0,36.86
2026-09-17T04:51:18,Trung,Viettel,vultr_seoul,232.0,59.2
2026-09-17T04:51:18,Trung,Viettel,linode_singapore,52.0,80.65
2026-09-17T05:02:12,Trung,Viettel,cloudflare,55.0,33.29
2026-09-17T05:02:12,Trung,Viettel,vultr_singapore,48.0,13.43
2026-09-17T05:02:12,Trung,Viettel,vultr_seoul,227.0,107.47
2026-09-17T05:02:12,Trung,Viettel,linode_singapore,45.0,79.45
2026-09-17T05:13:00,Trung,Viettel,cloudflare,56.0,28.3
2026-09-17T05:13:00,Trung,Viettel,vultr_singapore,47.0,18.38
2026-09-17T05:13:00,Trung,Viettel,vultr_seoul,230.0,129.53
2026-09-17T05:13:00,Trung,Viettel,linode_singapore,55.0,94.9
2026-09-17T05:23:46,Trung,Viettel,cloudflare,48.0,34.34
2026-09-17T05:23:46,Trung,Viettel,vultr_singapore,37.0,17.51
2026-09-17T05:23:46,Trung,Viettel,vultr_seoul,230.0,135.58
2026-09-17T05:23:46,Trung,Viettel,linode_singapore,42.0,98.31
2026-09-17T05:34:32,Trung,Viettel,cloudflare,55.0,26.87
2026-09-17T05:34:32,Trung,Viettel,vultr_singapore,47.0,60.06
2026-09-17T05:34:32,Trung,Viettel,vultr_seoul,237.0,111.75
2026-09-17T05:34:32,Trung,Viettel,linode_singapore,57.0,75.07
2026-09-17T05:45:20,Trung,Viettel,cloudflare,55.0,26.02
2026-09-17T05:45:20,Trung,Viettel,vultr_singapore,47.0,14.81
2026-09-17T05:45:20,Trung,Viettel,vultr_seoul,235.0,133.68
2026-09-17T05:45:20,Trung,Viettel,linode_singapore,54.0,108.1
2026-09-17T05:56:05,Trung,Viettel,cloudflare,56.0,31.46
2026-09-17T05:56:05,Trung,Viettel,vultr_singapore,47.0,15.49
2026-09-17T05:56:05,Trung,Viettel,vultr_seoul,227.0,20.5
2026-09-17T05:56:05,Trung,Viettel,linode_singapore,49.0,72.63
2026-09-17T06:07:05,Trung,Viettel,cloudflare,55.0,36.67
2026-09-17T06:07:05,Trung,Viettel,vultr_singapore,47.0,12.79
2026-09-17T06:07:05,Trung,Viettel,vultr_seoul,245.0,116.87
2026-09-17T06:07:05,Trung,Viettel,linode_singapore,54.0,86.7
2026-09-17T06:17:51,Trung,Viettel,cloudflare,57.0,33.71
2026-09-17T06:17:51,Trung,Viettel,vultr_singapore,47.0,46.93
2026-09-17T06:17:51,Trung,Viettel,vultr_seoul,225.0,86.69
2026-09-17T06:17:51,Trung,Viettel,linode_singapore,58.0,92.81
2026-09-17T06:28:39,Trung,Viettel,cloudflare,56.0,29.19
2026-09-17T06:28:39,Trung,Viettel,vultr_singapore,48.0,92.45
2026-09-17T06:28:39,Trung,Viettel,vultr_seoul,232.0,128.87
2026-09-17T06:28:39,Trung,Viettel,linode_singapore,51.0,66.63
2026-09-17T06:39:22,Trung,Viettel,cloudflare,46.0,27.45
2026-09-17T06:39:22,Trung,Viettel,vultr_singapore,38.0,13.28
2026-09-17T06:39:22,Trung,Viettel,vultr_seoul,225.0,42.44
2026-09-17T06:39:22,Trung,Viettel,linode_singapore,50.0,93.05
2026-09-17T06:50:16,Trung,Viettel,cloudflare,54.0,36.38
2026-09-17T06:50:16,Trung,Viettel,vultr_singapore,47.0,32.46
2026-09-17T06:50:16,Trung,Viettel,vultr_seoul,224.0,129.61
2026-09-17T06:50:16,Trung,Viettel,linode_singapore,50.0,72.88
2026-09-17T07:01:02,Trung,Viettel,cloudflare,55.0,27.3
2026-09-17T07:01:02,Trung,Viettel,vultr_singapore,47.0,18.45
2026-09-17T07:01:02,Trung,Viettel,vultr_seoul,222.0,95.87
2026-09-17T07:01:02,Trung,Viettel,linode_singapore,44.0,84.69
2026-09-17T07:11:50,Trung,Viettel,cloudflare,40.0,31.52
2026-09-17T07:11:50,Trung,Viettel,vultr_singapore,36.0,13.86
2026-09-17T07:11:50,Trung,Viettel,vultr_seoul,230.0,69.14
2026-09-17T07:11:50,Trung,Viettel,linode_singapore,37.0,111.15
2026-09-17T07:22:41,Trung,Viettel,cloudflare,45.0,29.2
2026-09-17T07:22:41,Trung,Viettel,vultr_singapore,36.0,89.58
2026-09-17T07:22:41,Trung,Viettel,vultr_seoul,236.0,113.09
2026-09-17T07:22:41,Trung,Viettel,linode_singapore,44.0,103.93
2026-09-17T07:33:22,Trung,Viettel,cloudflare,50.0,27.43
2026-09-17T07:33:22,Trung,Viettel,vultr_singapore,47.0,17.3
2026-09-17T07:33:22,Trung,Viettel,vultr_seoul,231.0,101.82
2026-09-17T07:33:22,Trung,Viettel,linode_singapore,52.0,113.03
2026-09-17T07:44:08,Trung,Viettel,cloudflare,54.0,33.13
2026-09-17T07:44:08,Trung,Viettel,vultr_singapore,48.0,20.86
2026-09-17T07:44:08,Trung,Viettel,vultr_seoul,227.0,108.21
2026-09-17T07:44:08,Trung,Viettel,linode_singapore,43.0,81.33
2026-09-17T07:54:54,Trung,Viettel,cloudflare,55.0,30.53
2026-09-17T07:54:54,Trung,Viettel,vultr_singapore,47.0,18.36
2026-09-17T07:54:54,Trung,Viettel,vultr_seoul,253.0,59.19
2026-09-17T07:54:54,Trung,Viettel,linode_singapore,48.0,77.63
2026-09-17T08:05:49,Trung,Viettel,cloudflare,57.0,22.2
2026-09-17T08:05:49,Trung,Viettel,vultr_singapore,51.0,17.6
2026-09-17T08:05:49,Trung,Viettel,vultr_seoul,239.0,69.47
2026-09-17T08:05:49,Trung,Viettel,linode_singapore,54.0,69.28
2026-09-17T08:16:42,Trung,Viettel,cloudflare,47.0,30.64
2026-09-17T08:16:42,Trung,Viettel,vultr_singapore,38.0,43.75
2026-09-17T08:16:42,Trung,Viettel,vultr_seoul,231.0,109.28
2026-09-17T08:16:42,Trung,Viettel,linode_singapore,55.0,71.96
2026-09-17T08:27:30,Trung,Viettel,cloudflare,45.0,14.97
2026-09-17T08:27:30,Trung,Viettel,vultr_singapore,36.0,20.24
2026-09-17T08:27:30,Trung,Viettel,vultr_seoul,226.0,127.92
2026-09-17T08:27:30,Trung,Viettel,linode_singapore,47.0,69.45
2026-09-17T08:38:19,Trung,Viettel,cloudflare,53.0,23.44
2026-09-17T08:38:19,Trung,Viettel,vultr_singapore,48.0,14.83
2026-09-17T08:38:19,Trung,Viettel,vultr_seoul,238.0,113.65
2026-09-17T08:38:19,Trung,Viettel,linode_singapore,51.0,88.82
2026-09-17T08:49:04,Trung,Viettel,cloudflare,55.0,33.2
2026-09-17T08:49:04,Trung,Viettel,vultr_singapore,47.0,14.4
2026-09-17T08:49:04,Trung,Viettel,vultr_seoul,234.0,124.15
2026-09-17T08:49:04,Trung,Viettel,linode_singapore,48.0,82.86
2026-09-17T08:59:51,Trung,Viettel,cloudflare,49.0,32.6
2026-09-17T08:59:51,Trung,Viettel,vultr_singapore,45.0,14.23
2026-09-17T08:59:51,Trung,Viettel,vultr_seoul,226.0,6.29
2026-09-17T08:59:51,Trung,Viettel,linode_singapore,36.0,74.5
2026-09-17T09:10:51,Trung,Viettel,cloudflare,45.0,33.62
2026-09-17T09:10:51,Trung,Viettel,vultr_singapore,38.0,29.55
2026-09-17T09:10:51,Trung,Viettel,vultr_seoul,233.0,96.96
2026-09-17T09:10:51,Trung,Viettel,linode_singapore,50.0,116.66
2026-09-17T09:21:35,Trung,Viettel,cloudflare,55.0,33.51
2026-09-17T09:21:35,Trung,Viettel,vultr_singapore,48.0,14.58
2026-09-17T09:21:35,Trung,Viettel,vultr_seoul,230.0,2.44
2026-09-17T09:21:35,Trung,Viettel,linode_singapore,52.0,80.05
2026-09-17T09:32:30,Trung,Viettel,cloudflare,55.0,26.83
2026-09-17T09:32:30,Trung,Viettel,vultr_singapore,47.0,51.58
2026-09-17T09:32:30,Trung,Viettel,vultr_seoul,230.0,66.33
2026-09-17T09:32:30,Trung,Viettel,linode_singapore,55.0,91.14
2026-09-17T09:43:22,Trung,Viettel,cloudflare,55.0,22.15
2026-09-17T09:43:22,Trung,Viettel,vultr_singapore,48.0,19.23
2026-09-17T09:43:22,Trung,Viettel,vultr_seoul,234.0,125.01
2026-09-17T09:43:22,Trung,Viettel,linode_singapore,57.0,67.7
2026-09-17T09:54:11,Trung,Viettel,cloudflare,57.0,19.83
2026-09-17T09:54:11,Trung,Viettel,vultr_singapore,47.0,65.01
2026-09-17T09:54:11,Trung,Viettel,vultr_seoul,232.0,19.51
2026-09-17T09:54:11,Trung,Viettel,linode_singapore,55.0,79.0
2026-09-17T10:05:04,Trung,Viettel,cloudflare,56.0,32.55
2026-09-17T10:05:04,Trung,Viettel,vultr_singapore,47.0,15.67
2026-09-17T10:05:04,Trung,Viettel,vultr_seoul,231.0,59.82
2026-09-17T10:05:04,Trung,Viettel,linode_singapore,51.0,76.14
2026-09-17T10:16:00,Trung,Viettel,cloudflare,48.0,29.36
2026-09-17T10:16:00,Trung,Viettel,vultr_singapore,52.0,12.91
2026-09-17T10:16:00,Trung,Viettel,vultr_seoul,232.0,97.99
2026-09-17T10:16:00,Trung,Viettel,linode_singapore,47.0,83.75
2026-09-17T10:26:48,Trung,Viettel,cloudflare,49.0,34.8
2026-09-17T10:26:48,Trung,Viettel,vultr_singapore,38.0,15.53
2026-09-17T10:26:48,Trung,Viettel,vultr_seoul,231.0,70.26
2026-09-17T10:26:48,Trung,Viettel,linode_singapore,52.0,66.63
2026-09-17T10:37:41,Trung,Viettel,cloudflare,51.0,31.71
2026-09-17T10:37:41,Trung,Viettel,vultr_singapore,44.0,18.7
2026-09-17T10:37:41,Trung,Viettel,vultr_seoul,269.0,138.44
2026-09-17T10:37:41,Trung,Viettel,linode_singapore,43.0,97.88
2026-09-17T10:48:24,Trung,Viettel,cloudflare,53.0,30.76
2026-09-17T10:48:24,Trung,Viettel,vultr_singapore,48.0,60.51
2026-09-17T10:48:24,Trung,Viettel,vultr_seoul,229.0,108.87
2026-09-17T10:48:24,Trung,Viettel,linode_singapore,45.0,78.63
2026-09-17T10:59:11,Trung,Viettel,cloudflare,56.0,30.57
2026-09-17T10:59:11,Trung,Viettel,vultr_singapore,44.0,14.53
2026-09-17T10:59:11,Trung,Viettel,vultr_seoul,231.0,90.12
2026-09-17T10:59:11,Trung,Viettel,linode_singapore,53.0,89.46
2026-09-17T22:37:17,Trung,Viettel,cloudflare,53.0,30.78
2026-09-17T22:37:17,Trung,Viettel,vultr_singapore,45.0,19.97
2026-09-17T22:37:17,Trung,Viettel,vultr_seoul,270.0,107.49
2026-09-17T22:37:17,Trung,Viettel,linode_singapore,62.0,66.69
2026-09-17T22:48:06,Trung,Viettel,cloudflare,57.0,24.68
2026-09-17T22:48:06,Trung,Viettel,vultr_singapore,48.0,18.52
2026-09-17T22:48:06,Trung,Viettel,vultr_seoul,240.0,80.95
2026-09-17T22:48:06,Trung,Viettel,linode_singapore,60.0,49.75
2026-09-17T22:59:01,Trung,Viettel,cloudflare,56.0,34.3
2026-09-17T22:59:01,Trung,Viettel,vultr_singapore,47.0,12.59
2026-09-17T22:59:01,Trung,Viettel,vultr_seoul,227.0,1.95
2026-09-17T22:59:01,Trung,Viettel,linode_singapore,65.0,107.6
2026-09-17T23:09:54,Trung,Viettel,cloudflare,46.0,32.71
2026-09-17T23:09:54,Trung,Viettel,vultr_singapore,38.0,71.42
2026-09-17T23:09:54,Trung,Viettel,vultr_seoul,226.0,133.39
2026-09-17T23:09:54,Trung,Viettel,linode_singapore,64.0,73.06
2026-09-17T23:20:39,Trung,Viettel,cloudflare,36.0,32.48
2026-09-17T23:20:39,Trung,Viettel,vultr_singapore,37.0,15.2
2026-09-17T23:20:39,Trung,Viettel,vultr_seoul,271.0,93.75
2026-09-17T23:20:39,Trung,Viettel,linode_singapore,56.0,79.48
2026-09-17T23:31:29,Trung,Viettel,cloudflare,45.0,29.24
2026-09-17T23:31:29,Trung,Viettel,vultr_singapore,38.0,17.07
2026-09-17T23:31:29,Trung,Viettel,vultr_seoul,230.0,117.55
2026-09-17T23:31:29,Trung,Viettel,linode_singapore,56.0,70.86
2026-09-17T23:42:17,Trung,Viettel,cloudflare,45.0,26.44
2026-09-17T23:42:17,Trung,Viettel,vultr_singapore,37.0,13.72
2026-09-17T23:42:17,Trung,Viettel,vultr_seoul,232.0,123.28
2026-09-17T23:42:17,Trung,Viettel,linode_singapore,65.0,88.77
2026-09-17T23:53:03,Trung,Viettel,cloudflare,46.0,28.92
2026-09-17T23:53:03,Trung,Viettel,vultr_singapore,37.0,13.99
2026-09-17T23:53:03,Trung,Viettel,vultr_seoul,240.0,60.89
2026-09-17T23:53:03,Trung,Viettel,linode_singapore,78.0,41.39
2026-09-18T00:04:01,Trung,Viettel,cloudflare,55.0,34.73
2026-09-18T00:04:01,Trung,Viettel,vultr_singapore,47.0,18.2
2026-09-18T00:04:01,Trung,Viettel,vultr_seoul,230.0,92.56
2026-09-18T00:04:01,Trung,Viettel,linode_singapore,62.0,74.22
2026-09-18T00:14:50,Trung,Viettel,cloudflare,57.0,26.59
2026-09-18T00:14:50,Trung,Viettel,vultr_singapore,46.0,13.57
2026-09-18T00:14:50,Trung,Viettel,vultr_seoul,234.0,100.36
2026-09-18T00:14:50,Trung,Viettel,linode_singapore,64.0,85.86
2026-09-18T00:25:40,Trung,Viettel,cloudflare,39.0,34.1
2026-09-18T00:25:40,Trung,Viettel,vultr_singapore,38.0,18.65
2026-09-18T00:25:40,Trung,Viettel,vultr_seoul,230.0,129.3
2026-09-18T00:25:40,Trung,Viettel,linode_singapore,66.0,82.13
2026-09-18T00:36:26,Trung,Viettel,cloudflare,57.0,33.41
2026-09-18T00:36:26,Trung,Viettel,vultr_singapore,47.0,18.39
2026-09-18T00:36:26,Trung,Viettel,vultr_seoul,227.0,135.09
2026-09-18T00:36:26,Trung,Viettel,linode_singapore,64.0,92.92
2026-09-18T00:47:12,Trung,Viettel,cloudflare,56.0,23.93
2026-09-18T00:47:12,Trung,Viettel,vultr_singapore,50.0,14.11
2026-09-18T00:47:12,Trung,Viettel,vultr_seoul,227.0,85.92
2026-09-18T00:47:12,Trung,Viettel,linode_singapore,67.0,39.18
2026-09-18T00:58:07,Trung,Viettel,cloudflare,54.0,34.5
2026-09-18T00:58:07,Trung,Viettel,vultr_singapore,46.0,13.21
2026-09-18T00:58:07,Trung,Viettel,vultr_seoul,229.0,76.41
2026-09-18T00:58:07,Trung,Viettel,linode_singapore,56.0,74.93
2026-09-18T01:08:59,Trung,Viettel,cloudflare,48.0,31.69
2026-09-18T01:08:59,Trung,Viettel,vultr_singapore,47.0,63.86
2026-09-18T01:08:59,Trung,Viettel,vultr_seoul,234.0,101.95
2026-09-18T01:08:59,Trung,Viettel,linode_singapore,64.0,105.16
2026-09-18T01:19:41,Trung,Viettel,cloudflare,57.0,34.43
2026-09-18T01:19:41,Trung,Viettel,vultr_singapore,52.0,18.3
2026-09-18T01:19:41,Trung,Viettel,vultr_seoul,231.0,70.02
2026-09-18T01:19:41,Trung,Viettel,linode_singapore,66.0,79.3
2026-09-18T01:30:35,Trung,Viettel,cloudflare,44.0,34.53
2026-09-18T01:30:35,Trung,Viettel,vultr_singapore,37.0,18.58
2026-09-18T01:30:35,Trung,Viettel,vultr_seoul,223.0,141.76
2026-09-18T01:30:35,Trung,Viettel,linode_singapore,66.0,107.32
2026-09-18T01:41:17,Trung,Viettel,cloudflare,36.0,33.96
2026-09-18T01:41:17,Trung,Viettel,vultr_singapore,37.0,15.83
2026-09-18T01:41:17,Trung,Viettel,vultr_seoul,228.0,115.91
2026-09-18T01:41:17,Trung,Viettel,linode_singapore,65.0,71.8
