timestamp,vung_dia_ly,isp,pop_id,latency_ms,throughput_mbps,gio,thu_trong_tuan,latency_bat_thuong
2026-09-13 14:07:07,Bac,FPT,cloudflare,56.0,34.01,14,6,0
2026-09-13 14:07:07,Bac,FPT,vultr_singapore,50.0,17.42,14,6,0
2026-09-13 14:07:07,Bac,FPT,vultr_seoul,222.0,154.19,14,6,0
2026-09-13 14:07:07,Bac,FPT,linode_singapore,45.0,273.6,14,6,0
2026-09-13 14:17:44,Bac,FPT,cloudflare,54.0,26.7,14,6,0
2026-09-13 14:17:44,Bac,FPT,vultr_singapore,60.0,14.28,14,6,0
2026-09-13 14:17:44,Bac,FPT,vultr_seoul,234.0,151.54,14,6,0
2026-09-13 14:17:44,Bac,FPT,linode_singapore,45.0,231.69,14,6,0
2026-09-13 14:28:26,Bac,FPT,cloudflare,57.0,24.27,14,6,0
2026-09-13 14:28:26,Bac,FPT,vultr_singapore,50.0,42.61,14,6,0
2026-09-13 14:28:26,Bac,FPT,vultr_seoul,233.0,152.05,14,6,0
2026-09-13 14:28:26,Bac,FPT,linode_singapore,45.0,295.72,14,6,0
2026-09-13 14:39:03,Bac,FPT,cloudflare,55.0,25.14,14,6,0
2026-09-13 14:39:03,Bac,FPT,vultr_singapore,57.0,11.38,14,6,0
2026-09-13 14:39:03,Bac,FPT,vultr_seoul,230.0,142.67,14,6,0
2026-09-13 14:39:03,Bac,FPT,linode_singapore,45.0,68.8,14,6,0
2026-09-13 14:49:50,Bac,FPT,cloudflare,55.0,25.97,14,6,0
2026-09-13 14:49:50,Bac,FPT,vultr_singapore,53.0,11.16,14,6,0
2026-09-13 14:49:50,Bac,FPT,vultr_seoul,232.0,142.82,14,6,0
2026-09-13 14:49:50,Bac,FPT,linode_singapore,45.0,230.43,14,6,0
2026-09-13 15:00:27,Bac,FPT,cloudflare,55.0,24.21,15,6,0
2026-09-13 15:00:27,Bac,FPT,vultr_singapore,48.0,13.94,15,6,0
2026-09-13 15:00:27,Bac,FPT,vultr_seoul,221.0,139.76,15,6,0
2026-09-13 15:00:27,Bac,FPT,linode_singapore,45.0,234.74,15,6,0
2026-09-13 15:11:06,Bac,FPT,cloudflare,56.0,25.99,15,6,0
2026-09-13 15:11:06,Bac,FPT,vultr_singapore,57.0,17.23,15,6,0
2026-09-13 15:11:06,Bac,FPT,vultr_seoul,225.0,142.95,15,6,0
2026-09-13 15:11:06,Bac,FPT,linode_singapore,45.0,236.25,15,6,0
2026-09-13 15:21:44,Bac,FPT,cloudflare,65.0,22.28,15,6,0
2026-09-13 15:21:44,Bac,FPT,vultr_singapore,55.0,10.73,15,6,0
2026-09-13 15:21:44,Bac,FPT,vultr_seoul,228.0,141.14,15,6,0
2026-09-13 15:21:44,Bac,FPT,linode_singapore,49.0,243.53,15,6,0
2026-09-13 15:32:22,Bac,FPT,cloudflare,70.0,28.72,15,6,0
2026-09-13 15:32:22,Bac,FPT,vultr_singapore,53.0,11.55,15,6,0
2026-09-13 15:32:22,Bac,FPT,vultr_seoul,232.0,134.88,15,6,0
2026-09-13 15:32:22,Bac,FPT,linode_singapore,44.0,235.44,15,6,0
2026-09-13 15:43:00,Bac,FPT,cloudflare,70.0,25.73,15,6,0
2026-09-13 15:43:00,Bac,FPT,vultr_singapore,55.0,11.13,15,6,0
2026-09-13 15:43:00,Bac,FPT,vultr_seoul,225.0,140.87,15,6,0
2026-09-13 15:43:00,Bac,FPT,linode_singapore,44.0,250.36,15,6,0
2026-09-13 15:53:38,Bac,FPT,cloudflare,59.0,29.52,15,6,0
2026-09-13 15:53:38,Bac,FPT,vultr_singapore,54.0,11.36,15,6,0
2026-09-13 15:53:38,Bac,FPT,vultr_seoul,225.0,137.06,15,6,0
2026-09-13 15:53:38,Bac,FPT,linode_singapore,44.0,217.19,15,6,0
2026-09-13 16:04:16,Bac,FPT,cloudflare,61.0,24.22,16,6,0
2026-09-13 16:04:16,Bac,FPT,vultr_singapore,54.0,19.46,16,6,0
2026-09-13 16:04:16,Bac,FPT,vultr_seoul,221.0,152.21,16,6,0
2026-09-13 16:04:16,Bac,FPT,linode_singapore,45.0,262.4,16,6,0
2026-09-13 16:14:53,Bac,FPT,cloudflare,61.0,23.91,16,6,0
2026-09-13 16:14:53,Bac,FPT,vultr_singapore,54.0,14.42,16,6,0
2026-09-13 16:14:53,Bac,FPT,vultr_seoul,233.0,142.37,16,6,0
2026-09-13 16:14:53,Bac,FPT,linode_singapore,45.0,239.49,16,6,0
2026-09-13 16:25:31,Bac,FPT,cloudflare,60.0,24.75,16,6,0
2026-09-13 16:25:31,Bac,FPT,vultr_singapore,40.0,123.57,16,6,0
2026-09-13 16:25:31,Bac,FPT,vultr_seoul,231.0,113.2,16,6,0
2026-09-13 16:25:31,Bac,FPT,linode_singapore,45.0,259.44,16,6,0
2026-09-13 16:36:02,Bac,FPT,cloudflare,55.0,25.33,16,6,0
2026-09-13 16:36:02,Bac,FPT,vultr_singapore,40.0,29.55,16,6,0
2026-09-13 16:36:02,Bac,FPT,vultr_seoul,221.0,144.98,16,6,0
2026-09-13 16:36:02,Bac,FPT,linode_singapore,46.0,264.77,16,6,0
2026-09-13 16:46:40,Bac,FPT,cloudflare,58.0,23.87,16,6,0
2026-09-13 16:46:40,Bac,FPT,vultr_singapore,48.0,13.61,16,6,0
2026-09-13 16:46:40,Bac,FPT,vultr_seoul,229.0,127.44,16,6,0
2026-09-13 16:46:40,Bac,FPT,linode_singapore,45.0,246.19,16,6,0
2026-09-13 16:57:18,Bac,FPT,cloudflare,59.0,26.59,16,6,0
2026-09-13 16:57:18,Bac,FPT,vultr_singapore,47.0,61.86,16,6,0
2026-09-13 16:57:18,Bac,FPT,vultr_seoul,230.0,142.33,16,6,0
2026-09-13 16:57:18,Bac,FPT,linode_singapore,44.0,266.75,16,6,0
2026-09-13 17:07:54,Bac,FPT,cloudflare,58.0,24.9,17,6,0
2026-09-13 17:07:54,Bac,FPT,vultr_singapore,58.0,11.98,17,6,0
2026-09-13 17:07:54,Bac,FPT,vultr_seoul,227.0,142.79,17,6,0
2026-09-13 17:07:54,Bac,FPT,linode_singapore,44.0,242.99,17,6,0
2026-09-13 17:18:32,Bac,FPT,cloudflare,59.0,20.56,17,6,0
2026-09-13 17:18:32,Bac,FPT,vultr_singapore,39.0,14.23,17,6,0
2026-09-13 17:18:32,Bac,FPT,vultr_seoul,232.0,142.55,17,6,0
2026-09-13 17:18:32,Bac,FPT,linode_singapore,45.0,250.63,17,6,0
2026-09-13 17:29:10,Bac,FPT,cloudflare,56.0,26.31,17,6,0
2026-09-13 17:29:10,Bac,FPT,vultr_singapore,118.0,18.55,17,6,0
2026-09-13 17:29:10,Bac,FPT,vultr_seoul,224.0,146.42,17,6,0
2026-09-13 17:29:10,Bac,FPT,linode_singapore,44.0,256.5,17,6,0
2026-09-13 17:39:47,Bac,FPT,cloudflare,56.0,26.44,17,6,0
2026-09-13 17:39:47,Bac,FPT,vultr_singapore,46.0,14.62,17,6,0
2026-09-13 17:39:47,Bac,FPT,vultr_seoul,226.0,158.62,17,6,0
2026-09-13 17:39:47,Bac,FPT,linode_singapore,45.0,250.65,17,6,0
2026-09-13 17:50:24,Bac,FPT,cloudflare,56.0,23.45,17,6,0
2026-09-13 17:50:24,Bac,FPT,vultr_singapore,48.0,10.52,17,6,0
2026-09-13 17:50:24,Bac,FPT,vultr_seoul,231.0,139.07,17,6,0
2026-09-13 17:50:24,Bac,FPT,linode_singapore,45.0,228.15,17,6,0
2026-09-13 18:01:03,Bac,FPT,cloudflare,58.0,16.12,18,6,0
2026-09-13 18:01:03,Bac,FPT,vultr_singapore,49.0,104.92,18,6,0
2026-09-13 18:01:03,Bac,FPT,vultr_seoul,258.0,117.99,18,6,0
2026-09-13 18:01:03,Bac,FPT,linode_singapore,48.0,248.73,18,6,0
2026-09-13 18:11:36,Bac,FPT,cloudflare,54.0,23.75,18,6,0
2026-09-13 18:11:36,Bac,FPT,vultr_singapore,49.0,38.31,18,6,0
2026-09-13 18:11:36,Bac,FPT,vultr_seoul,234.0,145.64,18,6,0
2026-09-13 18:11:36,Bac,FPT,linode_singapore,46.0,253.83,18,6,0
2026-09-13 18:22:13,Bac,FPT,cloudflare,61.0,22.98,18,6,0
2026-09-13 18:22:13,Bac,FPT,vultr_singapore,56.0,12.45,18,6,0
2026-09-13 18:22:13,Bac,FPT,vultr_seoul,245.0,134.15,18,6,0
2026-09-13 18:22:13,Bac,FPT,linode_singapore,45.0,220.0,18,6,0
2026-09-13 18:32:52,Bac,FPT,cloudflare,69.0,22.69,18,6,0
2026-09-13 18:32:52,Bac,FPT,vultr_singapore,64.0,12.64,18,6,0
2026-09-13 18:32:52,Bac,FPT,vultr_seoul,229.0,144.6,18,6,0
2026-09-13 18:32:52,Bac,FPT,linode_singapore,49.0,241.85,18,6,0
2026-09-13 18:43:34,Bac,FPT,cloudflare,71.0,23.35,18,6,0
2026-09-13 18:43:34,Bac,FPT,vultr_singapore,51.0,14.9,18,6,0
2026-09-13 18:43:34,Bac,FPT,vultr_seoul,219.0,143.05,18,6,0
2026-09-13 18:43:34,Bac,FPT,linode_singapore,45.0,213.52,18,6,0
2026-09-13 18:54:13,Bac,FPT,cloudflare,76.0,21.84,18,6,0
2026-09-13 18:54:13,Bac,FPT,vultr_singapore,49.0,17.26,18,6,0
2026-09-13 18:54:13,Bac,FPT,vultr_seoul,262.0,121.38,18,6,0
2026-09-13 18:54:13,Bac,FPT,linode_singapore,46.0,207.51,18,6,0
2026-09-13 18:56:40,Bac,FPT,cloudflare,73.0,27.59,18,6,0
2026-09-13 18:56:40,Bac,FPT,vultr_singapore,56.0,14.0,18,6,0
2026-09-13 18:56:40,Bac,FPT,vultr_seoul,261.0,129.73,18,6,0
2026-09-13 18:56:40,Bac,FPT,linode_singapore,46.0,179.66,18,6,0
2026-09-13 22:43:49,Bac,FPT,cloudflare,60.0,30.47,22,6,0
2026-09-13 22:43:49,Bac,FPT,vultr_singapore,55.0,10.27,22,6,0
2026-09-13 22:43:49,Bac,FPT,vultr_seoul,135.0,65.75,22,6,0
2026-09-13 22:43:49,Bac,FPT,linode_singapore,64.0,24.23,22,6,0
2026-09-13 22:54:49,Bac,FPT,cloudflare,78.0,25.4,22,6,0
2026-09-13 22:54:49,Bac,FPT,vultr_singapore,58.0,10.65,22,6,0
2026-09-13 22:54:49,Bac,FPT,vultr_seoul,141.0,144.48,22,6,0
2026-09-13 22:54:49,Bac,FPT,linode_singapore,62.0,25.99,22,6,0
2026-09-13 23:05:46,Bac,FPT,cloudflare,67.0,27.68,23,6,0
2026-09-13 23:05:46,Bac,FPT,vultr_singapore,55.0,10.6,23,6,0
2026-09-13 23:05:46,Bac,FPT,vultr_seoul,142.0,142.19,23,6,0
2026-09-13 23:05:46,Bac,FPT,linode_singapore,65.0,29.37,23,6,0
2026-09-13 23:16:51,Bac,FPT,cloudflare,64.0,31.8,23,6,0
2026-09-13 23:16:51,Bac,FPT,vultr_singapore,55.0,10.11,23,6,0
2026-09-13 23:16:51,Bac,FPT,vultr_seoul,136.0,105.06,23,6,0
2026-09-13 23:16:51,Bac,FPT,linode_singapore,64.0,27.04,23,6,0
2026-09-13 23:27:43,Bac,FPT,cloudflare,80.0,29.09,23,6,0
2026-09-13 23:27:43,Bac,FPT,vultr_singapore,60.0,13.1,23,6,0
2026-09-13 23:27:43,Bac,FPT,vultr_seoul,136.0,154.85,23,6,0
2026-09-13 23:27:43,Bac,FPT,linode_singapore,82.0,27.83,23,6,0
2026-09-13 23:38:32,Bac,FPT,cloudflare,67.0,21.79,23,6,0
2026-09-13 23:38:32,Bac,FPT,vultr_singapore,56.0,10.45,23,6,0
2026-09-13 23:38:32,Bac,FPT,vultr_seoul,674.0,173.29,23,6,1
2026-09-13 23:38:32,Bac,FPT,linode_singapore,60.0,28.85,23,6,0
2026-09-13 23:49:30,Bac,FPT,cloudflare,62.0,33.37,23,6,0
2026-09-13 23:49:30,Bac,FPT,vultr_singapore,55.0,13.25,23,6,0
2026-09-13 23:49:30,Bac,FPT,vultr_seoul,138.0,113.56,23,6,0
2026-09-13 23:49:30,Bac,FPT,linode_singapore,79.0,25.46,23,6,0
2026-09-14 00:00:32,Bac,FPT,cloudflare,111.0,29.61,0,0,0
2026-09-14 00:00:32,Bac,FPT,vultr_singapore,53.0,10.64,0,0,0
2026-09-14 00:00:32,Bac,FPT,vultr_seoul,135.0,147.62,0,0,0
2026-09-14 00:00:32,Bac,FPT,linode_singapore,63.0,23.99,0,0,0
2026-09-14 00:21:03,Bac,FPT,cloudflare,100.0,31.06,0,0,0
2026-09-14 00:21:03,Bac,FPT,vultr_singapore,56.0,13.86,0,0,0
2026-09-14 00:21:03,Bac,FPT,vultr_seoul,174.0,149.9,0,0,0
2026-09-14 00:21:03,Bac,FPT,linode_singapore,59.0,29.16,0,0,0
2026-09-14 00:31:52,Bac,FPT,cloudflare,60.0,29.88,0,0,0
2026-09-14 00:31:52,Bac,FPT,vultr_singapore,53.0,13.31,0,0,0
2026-09-14 00:31:52,Bac,FPT,vultr_seoul,135.0,172.81,0,0,0
2026-09-14 00:31:52,Bac,FPT,linode_singapore,59.0,31.88,0,0,0
2026-09-14 00:42:40,Bac,FPT,cloudflare,58.0,19.45,0,0,0
2026-09-14 00:42:40,Bac,FPT,vultr_singapore,53.0,39.84,0,0,0
2026-09-14 00:42:40,Bac,FPT,vultr_seoul,135.0,127.13,0,0,0
2026-09-14 00:42:40,Bac,FPT,linode_singapore,58.0,31.64,0,0,0
2026-09-14 00:53:31,Bac,FPT,cloudflare,58.0,34.7,0,0,0
2026-09-14 00:53:31,Bac,FPT,vultr_singapore,53.0,13.94,0,0,0
2026-09-14 00:53:31,Bac,FPT,vultr_seoul,130.0,156.55,0,0,0
2026-09-14 00:53:31,Bac,FPT,linode_singapore,57.0,33.96,0,0,0
2026-09-14 01:04:19,Bac,FPT,cloudflare,58.0,25.95,1,0,0
2026-09-14 01:04:19,Bac,FPT,vultr_singapore,54.0,10.35,1,0,0
2026-09-14 01:04:19,Bac,FPT,vultr_seoul,132.0,81.71,1,0,0
2026-09-14 01:04:19,Bac,FPT,linode_singapore,57.0,29.26,1,0,0
2026-09-14 01:15:13,Bac,FPT,cloudflare,59.0,36.1,1,0,0
2026-09-14 01:15:13,Bac,FPT,vultr_singapore,52.0,14.62,1,0,0
2026-09-14 01:15:13,Bac,FPT,vultr_seoul,131.0,170.89,1,0,0
2026-09-14 01:15:13,Bac,FPT,linode_singapore,57.0,26.43,1,0,0
2026-09-14 01:26:01,Bac,FPT,cloudflare,58.0,32.57,1,0,0
2026-09-14 01:26:01,Bac,FPT,vultr_singapore,56.0,10.45,1,0,0
2026-09-14 01:26:01,Bac,FPT,vultr_seoul,137.0,170.5,1,0,0
2026-09-14 01:26:01,Bac,FPT,linode_singapore,56.0,28.51,1,0,0
2026-09-14 01:36:49,Bac,FPT,cloudflare,57.0,28.26,1,0,0
2026-09-14 01:36:49,Bac,FPT,vultr_singapore,52.0,34.25,1,0,0
2026-09-14 01:36:49,Bac,FPT,vultr_seoul,132.0,111.8,1,0,0
2026-09-14 01:36:49,Bac,FPT,linode_singapore,56.0,30.26,1,0,0
2026-09-14 13:49:34,Bac,FPT,cloudflare,48.0,32.18,13,0,0
2026-09-14 13:49:34,Bac,FPT,vultr_singapore,41.0,13.51,13,0,0
2026-09-14 13:49:34,Bac,FPT,vultr_seoul,134.0,152.89,13,0,0
2026-09-14 13:49:34,Bac,FPT,linode_singapore,55.0,25.52,13,0,0
2026-09-14 14:00:23,Bac,FPT,cloudflare,47.0,36.69,14,0,0
2026-09-14 14:00:23,Bac,FPT,vultr_singapore,41.0,16.21,14,0,0
2026-09-14 14:00:23,Bac,FPT,vultr_seoul,134.0,137.51,14,0,0
2026-09-14 14:00:23,Bac,FPT,linode_singapore,56.0,28.62,14,0,0
2026-09-14 14:11:12,Bac,FPT,cloudflare,48.0,16.86,14,0,0
2026-09-14 14:11:12,Bac,FPT,vultr_singapore,40.0,17.25,14,0,0
2026-09-14 14:11:12,Bac,FPT,vultr_seoul,140.0,161.4,14,0,0
2026-09-14 14:11:12,Bac,FPT,linode_singapore,54.0,28.13,14,0,0
2026-09-14 14:22:01,Bac,FPT,cloudflare,60.0,31.36,14,0,0
2026-09-14 14:22:01,Bac,FPT,vultr_singapore,54.0,26.53,14,0,0
2026-09-14 14:22:01,Bac,FPT,vultr_seoul,135.0,167.96,14,0,0
2026-09-14 14:22:01,Bac,FPT,linode_singapore,55.0,23.03,14,0,0
2026-09-14 14:32:49,Bac,FPT,cloudflare,61.0,29.57,14,0,0
2026-09-14 14:32:49,Bac,FPT,vultr_singapore,50.0,13.45,14,0,0
2026-09-14 14:32:49,Bac,FPT,vultr_seoul,138.0,146.13,14,0,0
2026-09-14 14:32:49,Bac,FPT,linode_singapore,54.0,32.21,14,0,0
2026-09-14 14:43:38,Bac,FPT,cloudflare,62.0,35.93,14,0,0
2026-09-14 14:43:38,Bac,FPT,vultr_singapore,52.0,48.03,14,0,0
2026-09-14 14:43:38,Bac,FPT,vultr_seoul,135.0,81.97,14,0,0
2026-09-14 14:43:38,Bac,FPT,linode_singapore,55.0,28.19,14,0,0
2026-09-14 14:54:32,Bac,FPT,cloudflare,65.0,31.34,14,0,0
2026-09-14 14:54:32,Bac,FPT,vultr_singapore,51.0,61.32,14,0,0
2026-09-14 14:54:32,Bac,FPT,vultr_seoul,138.0,159.77,14,0,0
2026-09-14 14:54:32,Bac,FPT,linode_singapore,56.0,21.93,14,0,0
2026-09-14 15:05:19,Bac,FPT,cloudflare,63.0,30.07,15,0,0
2026-09-14 15:05:19,Bac,FPT,vultr_singapore,52.0,9.88,15,0,0
2026-09-14 15:05:19,Bac,FPT,vultr_seoul,138.0,50.25,15,0,0
2026-09-14 15:05:19,Bac,FPT,linode_singapore,56.0,24.63,15,0,0
2026-09-14 15:16:18,Bac,FPT,cloudflare,61.0,28.9,15,0,0
2026-09-14 15:16:18,Bac,FPT,vultr_singapore,55.0,10.82,15,0,0
2026-09-14 15:16:18,Bac,FPT,vultr_seoul,136.0,151.42,15,0,0
2026-09-14 15:16:18,Bac,FPT,linode_singapore,54.0,27.48,15,0,0
2026-09-14 15:27:07,Bac,FPT,cloudflare,61.0,20.96,15,0,0
2026-09-14 15:27:07,Bac,FPT,vultr_singapore,51.0,10.2,15,0,0
2026-09-14 15:27:07,Bac,FPT,vultr_seoul,136.0,86.33,15,0,0
2026-09-14 15:27:07,Bac,FPT,linode_singapore,56.0,25.51,15,0,0
2026-09-14 15:38:00,Bac,FPT,cloudflare,61.0,31.65,15,0,0
2026-09-14 15:38:00,Bac,FPT,vultr_singapore,54.0,31.05,15,0,0
2026-09-14 15:38:00,Bac,FPT,vultr_seoul,133.0,110.84,15,0,0
2026-09-14 15:38:00,Bac,FPT,linode_singapore,58.0,25.62,15,0,0
2026-09-14 15:48:51,Bac,FPT,cloudflare,62.0,28.72,15,0,0
2026-09-14 15:48:51,Bac,FPT,vultr_singapore,52.0,24.06,15,0,0
2026-09-14 15:48:51,Bac,FPT,vultr_seoul,137.0,167.29,15,0,0
2026-09-14 15:48:51,Bac,FPT,linode_singapore,58.0,23.34,15,0,0
2026-09-14 15:59:39,Bac,FPT,cloudflare,60.0,30.08,15,0,0
2026-09-14 15:59:39,Bac,FPT,vultr_singapore,51.0,13.59,15,0,0
2026-09-14 15:59:39,Bac,FPT,vultr_seoul,137.0,93.24,15,0,0
2026-09-14 15:59:39,Bac,FPT,linode_singapore,58.0,27.33,15,0,0
2026-09-14 16:10:32,Bac,FPT,cloudflare,60.0,21.74,16,0,0
2026-09-14 16:10:32,Bac,FPT,vultr_singapore,50.0,80.77,16,0,0
2026-09-14 16:10:32,Bac,FPT,vultr_seoul,130.0,138.63,16,0,0
2026-09-14 16:10:32,Bac,FPT,linode_singapore,57.0,32.72,16,0,0
2026-09-14 16:21:16,Bac,FPT,cloudflare,61.0,31.82,16,0,0
2026-09-14 16:21:16,Bac,FPT,vultr_singapore,51.0,10.98,16,0,0
2026-09-14 16:21:16,Bac,FPT,vultr_seoul,135.0,162.23,16,0,0
2026-09-14 16:21:16,Bac,FPT,linode_singapore,56.0,30.98,16,0,0
2026-09-14 16:32:05,Bac,FPT,cloudflare,59.0,29.37,16,0,0
2026-09-14 16:32:05,Bac,FPT,vultr_singapore,50.0,13.45,16,0,0
2026-09-14 16:32:05,Bac,FPT,vultr_seoul,133.0,154.31,16,0,0
2026-09-14 16:32:05,Bac,FPT,linode_singapore,57.0,26.16,16,0,0
2026-09-14 16:42:54,Bac,FPT,cloudflare,59.0,32.11,16,0,0
2026-09-14 16:42:54,Bac,FPT,vultr_singapore,52.0,68.92,16,0,0
2026-09-14 16:42:54,Bac,FPT,vultr_seoul,134.0,83.57,16,0,0
2026-09-14 16:42:54,Bac,FPT,linode_singapore,56.0,24.62,16,0,0
2026-09-14 16:53:44,Bac,FPT,cloudflare,60.0,29.71,16,0,0
2026-09-14 16:53:44,Bac,FPT,vultr_singapore,52.0,74.33,16,0,0
2026-09-14 16:53:44,Bac,FPT,vultr_seoul,134.0,150.78,16,0,0
2026-09-14 16:53:44,Bac,FPT,linode_singapore,59.0,30.57,16,0,0
2026-09-14 17:04:30,Bac,FPT,cloudflare,62.0,32.21,17,0,0
2026-09-14 17:04:30,Bac,FPT,vultr_singapore,50.0,35.83,17,0,0
2026-09-14 17:04:30,Bac,FPT,vultr_seoul,135.0,181.31,17,0,0
2026-09-14 17:04:30,Bac,FPT,linode_singapore,56.0,30.59,17,0,0
2026-09-14 17:15:18,Bac,FPT,cloudflare,61.0,33.9,17,0,0
2026-09-14 17:15:18,Bac,FPT,vultr_singapore,51.0,30.97,17,0,0
2026-09-14 17:15:18,Bac,FPT,vultr_seoul,135.0,115.99,17,0,0
2026-09-14 17:15:18,Bac,FPT,linode_singapore,47.0,35.96,17,0,0
2026-09-14 17:26:08,Bac,FPT,cloudflare,59.0,30.15,17,0,0
2026-09-14 17:26:08,Bac,FPT,vultr_singapore,50.0,35.35,17,0,0
2026-09-14 17:26:08,Bac,FPT,vultr_seoul,134.0,158.09,17,0,0
2026-09-14 17:26:08,Bac,FPT,linode_singapore,50.0,27.08,17,0,0
2026-09-14 17:36:57,Bac,FPT,cloudflare,59.0,31.72,17,0,0
2026-09-14 17:36:57,Bac,FPT,vultr_singapore,51.0,32.1,17,0,0
2026-09-14 17:36:57,Bac,FPT,vultr_seoul,137.0,126.81,17,0,0
2026-09-14 17:36:57,Bac,FPT,linode_singapore,47.0,32.25,17,0,0
2026-09-14 17:47:47,Bac,FPT,cloudflare,58.0,30.06,17,0,0
2026-09-14 17:47:47,Bac,FPT,vultr_singapore,52.0,34.91,17,0,0
2026-09-14 17:47:47,Bac,FPT,vultr_seoul,135.0,113.74,17,0,0
2026-09-14 17:47:47,Bac,FPT,linode_singapore,47.0,29.46,17,0,0
2026-09-14 20:15:36,Bac,FPT,cloudflare,887.0,2.77,20,0,1
2026-09-14 20:15:36,Bac,FPT,vultr_singapore,68.0,1.5,20,0,0
2026-09-14 20:15:36,Bac,FPT,vultr_seoul,312.0,10.3,20,0,0
2026-09-14 20:15:36,Bac,FPT,linode_singapore,54.0,3.49,20,0,0
2026-09-14 20:26:51,Bac,FPT,cloudflare,50.0,6.73,20,0,0
2026-09-14 20:26:51,Bac,FPT,vultr_singapore,69.0,0.48,20,0,0
2026-09-14 20:26:51,Bac,FPT,vultr_seoul,414.0,0.37,20,0,1
2026-09-14 20:26:51,Bac,FPT,linode_singapore,48.0,2.76,20,0,0
2026-09-14 20:37:51,Bac,FPT,cloudflare,60.0,3.72,20,0,0
2026-09-14 20:37:51,Bac,FPT,vultr_singapore,64.0,5.03,20,0,0
2026-09-14 20:37:51,Bac,FPT,vultr_seoul,98.0,6.23,20,0,0
2026-09-14 20:37:51,Bac,FPT,linode_singapore,48.0,2.49,20,0,0
2026-09-14 20:48:53,Bac,FPT,cloudflare,672.0,1.61,20,0,1
2026-09-14 20:48:53,Bac,FPT,vultr_singapore,80.0,1.89,20,0,0
2026-09-14 20:48:53,Bac,FPT,vultr_seoul,168.0,1.47,20,0,0
2026-09-14 20:48:53,Bac,FPT,linode_singapore,44.0,5.82,20,0,0
2026-09-14 21:00:02,Bac,FPT,cloudflare,55.0,6.51,21,0,0
2026-09-14 21:00:02,Bac,FPT,vultr_singapore,67.0,2.13,21,0,0
2026-09-14 21:00:02,Bac,FPT,vultr_seoul,96.0,13.87,21,0,0
2026-09-14 21:00:02,Bac,FPT,linode_singapore,50.0,0.62,21,0,0
2026-09-14 21:11:03,Bac,FPT,cloudflare,52.0,11.54,21,0,0
2026-09-14 21:11:03,Bac,FPT,vultr_singapore,68.0,4.41,21,0,0
2026-09-14 21:11:03,Bac,FPT,vultr_seoul,112.0,4.19,21,0,0
2026-09-14 21:11:03,Bac,FPT,linode_singapore,1327.0,0.6,21,0,1
2026-09-14 21:22:11,Bac,FPT,cloudflare,51.0,8.35,21,0,0
2026-09-14 21:22:11,Bac,FPT,vultr_singapore,76.0,6.69,21,0,0
2026-09-14 21:22:11,Bac,FPT,vultr_seoul,86.0,20.33,21,0,0
2026-09-14 21:22:11,Bac,FPT,linode_singapore,54.0,4.52,21,0,0
2026-09-14 21:33:10,Bac,FPT,cloudflare,59.0,2.72,21,0,0
2026-09-14 21:33:10,Bac,FPT,vultr_singapore,60.0,11.64,21,0,0
2026-09-14 21:33:10,Bac,FPT,vultr_seoul,98.0,15.94,21,0,0
2026-09-14 21:33:10,Bac,FPT,linode_singapore,54.0,3.72,21,0,0
2026-09-14 21:44:15,Bac,FPT,cloudflare,56.0,13.77,21,0,0
2026-09-14 21:44:15,Bac,FPT,vultr_singapore,71.0,4.65,21,0,0
2026-09-14 21:44:15,Bac,FPT,vultr_seoul,110.0,12.88,21,0,0
2026-09-14 21:44:15,Bac,FPT,linode_singapore,45.0,4.28,21,0,0
2026-09-14 21:55:14,Bac,FPT,cloudflare,72.0,10.71,21,0,0
2026-09-14 21:55:14,Bac,FPT,vultr_singapore,67.0,7.11,21,0,0
2026-09-14 21:55:14,Bac,FPT,vultr_seoul,87.0,19.32,21,0,0
2026-09-14 21:55:14,Bac,FPT,linode_singapore,49.0,6.87,21,0,0
2026-09-14 22:06:17,Bac,FPT,cloudflare,71.0,11.72,22,0,0
2026-09-14 22:06:17,Bac,FPT,vultr_singapore,69.0,7.47,22,0,0
2026-09-14 22:06:17,Bac,FPT,vultr_seoul,86.0,23.93,22,0,0
2026-09-14 22:06:17,Bac,FPT,linode_singapore,81.0,6.12,22,0,0
2026-09-14 22:17:16,Bac,FPT,cloudflare,52.0,16.5,22,0,0
2026-09-14 22:17:16,Bac,FPT,vultr_singapore,65.0,7.2,22,0,0
2026-09-14 22:17:16,Bac,FPT,vultr_seoul,85.0,19.93,22,0,0
2026-09-14 22:17:16,Bac,FPT,linode_singapore,101.0,7.29,22,0,0
2026-09-14 22:39:23,Bac,FPT,cloudflare,60.0,28.97,22,0,0
2026-09-14 22:39:23,Bac,FPT,vultr_singapore,58.0,13.84,22,0,0
2026-09-14 22:39:23,Bac,FPT,vultr_seoul,135.0,154.02,22,0,0
2026-09-14 22:39:23,Bac,FPT,linode_singapore,52.0,25.26,22,0,0
2026-09-14 22:50:16,Bac,FPT,cloudflare,58.0,30.42,22,0,0
2026-09-14 22:50:16,Bac,FPT,vultr_singapore,51.0,14.37,22,0,0
2026-09-14 22:50:16,Bac,FPT,vultr_seoul,144.0,158.01,22,0,0
2026-09-14 22:50:16,Bac,FPT,linode_singapore,51.0,28.08,22,0,0
2026-09-14 23:01:12,Bac,FPT,cloudflare,57.0,29.82,23,0,0
2026-09-14 23:01:12,Bac,FPT,vultr_singapore,74.0,10.97,23,0,0
2026-09-14 23:01:12,Bac,FPT,vultr_seoul,135.0,152.05,23,0,0
2026-09-14 23:01:12,Bac,FPT,linode_singapore,60.0,25.72,23,0,0
2026-09-14 23:12:09,Bac,FPT,cloudflare,56.0,32.4,23,0,0
2026-09-14 23:12:09,Bac,FPT,vultr_singapore,51.0,13.37,23,0,0
2026-09-14 23:12:09,Bac,FPT,vultr_seoul,143.0,131.57,23,0,0
2026-09-14 23:12:09,Bac,FPT,linode_singapore,79.0,25.83,23,0,0
2026-09-14 23:23:02,Bac,FPT,cloudflare,57.0,28.95,23,0,0
2026-09-14 23:23:02,Bac,FPT,vultr_singapore,57.0,13.08,23,0,0
2026-09-14 23:23:02,Bac,FPT,vultr_seoul,136.0,93.72,23,0,0
2026-09-14 23:23:02,Bac,FPT,linode_singapore,49.0,28.36,23,0,0
2026-09-14 23:33:55,Bac,FPT,cloudflare,72.0,31.05,23,0,0
2026-09-14 23:33:55,Bac,FPT,vultr_singapore,48.0,45.7,23,0,0
2026-09-14 23:33:55,Bac,FPT,vultr_seoul,141.0,119.65,23,0,0
2026-09-14 23:33:55,Bac,FPT,linode_singapore,48.0,32.26,23,0,0
2026-09-14 23:44:45,Bac,FPT,cloudflare,56.0,28.19,23,0,0
2026-09-14 23:44:45,Bac,FPT,vultr_singapore,49.0,40.49,23,0,0
2026-09-14 23:44:45,Bac,FPT,vultr_seoul,141.0,106.6,23,0,0
2026-09-14 23:44:45,Bac,FPT,linode_singapore,47.0,31.51,23,0,0
2026-09-14 23:55:44,Bac,FPT,cloudflare,57.0,28.99,23,0,0
2026-09-14 23:55:44,Bac,FPT,vultr_singapore,87.0,10.77,23,0,0
2026-09-14 23:55:44,Bac,FPT,vultr_seoul,135.0,97.56,23,0,0
2026-09-14 23:55:44,Bac,FPT,linode_singapore,92.0,27.24,23,0,0
2026-09-15 00:06:40,Bac,FPT,cloudflare,57.0,29.03,0,1,0
2026-09-15 00:06:40,Bac,FPT,vultr_singapore,51.0,10.84,0,1,0
2026-09-15 00:06:40,Bac,FPT,vultr_seoul,134.0,160.17,0,1,0
2026-09-15 00:06:40,Bac,FPT,linode_singapore,47.0,30.93,0,1,0
2026-09-15 12:18:41,Bac,FPT,cloudflare,91.0,9.72,12,1,0
2026-09-15 12:18:41,Bac,FPT,vultr_singapore,82.0,10.03,12,1,0
2026-09-15 12:18:41,Bac,FPT,vultr_seoul,191.0,42.74,12,1,0
2026-09-15 12:18:41,Bac,FPT,linode_singapore,113.0,1.37,12,1,0
2026-09-15 12:29:41,Bac,FPT,cloudflare,90.0,6.98,12,1,0
2026-09-15 12:29:41,Bac,FPT,vultr_singapore,231.0,6.83,12,1,0
2026-09-15 12:29:41,Bac,FPT,vultr_seoul,156.0,4.48,12,1,0
2026-09-15 12:29:41,Bac,FPT,linode_singapore,113.0,4.87,12,1,0
2026-09-15 12:40:42,Bac,FPT,cloudflare,102.0,1.53,12,1,0
2026-09-15 12:40:42,Bac,FPT,vultr_singapore,100.0,4.41,12,1,0
2026-09-15 12:40:42,Bac,FPT,vultr_seoul,178.0,3.38,12,1,0
2026-09-15 12:40:42,Bac,FPT,linode_singapore,132.0,4.17,12,1,0
2026-09-15 12:51:51,Bac,FPT,cloudflare,54.0,30.28,12,1,0
2026-09-15 12:51:51,Bac,FPT,vultr_singapore,59.0,11.38,12,1,0
2026-09-15 12:51:51,Bac,FPT,vultr_seoul,169.0,258.63,12,1,0
2026-09-15 12:51:51,Bac,FPT,linode_singapore,54.0,254.19,12,1,0
2026-09-15 13:03:13,Bac,FPT,cloudflare,51.0,28.79,13,1,0
2026-09-15 13:03:13,Bac,FPT,vultr_singapore,181.0,152.05,13,1,0
2026-09-15 13:03:13,Bac,FPT,vultr_seoul,48.0,236.48,13,1,0
2026-09-15 13:03:13,Bac,FPT,linode_singapore,206.0,1.57,13,1,0
2026-09-15 13:14:29,Bac,FPT,cloudflare,397.0,1.2,13,1,1
2026-09-15 13:14:29,Bac,FPT,vultr_singapore,380.0,1.94,13,1,0
2026-09-15 13:14:29,Bac,FPT,vultr_seoul,159.0,2.85,13,1,0
2026-09-15 13:14:29,Bac,FPT,linode_singapore,47.0,244.36,13,1,0
2026-09-15 13:25:43,Bac,FPT,cloudflare,345.0,1.14,13,1,1
2026-09-15 13:25:43,Bac,FPT,vultr_singapore,191.0,1.33,13,1,0
2026-09-15 13:25:43,Bac,FPT,vultr_seoul,284.0,14.48,13,1,0
2026-09-15 13:25:43,Bac,FPT,linode_singapore,163.0,9.9,13,1,0
2026-09-15 13:37:00,Bac,FPT,cloudflare,252.0,0.9,13,1,0
2026-09-15 13:37:00,Bac,FPT,vultr_singapore,499.0,0.99,13,1,1
2026-09-15 13:37:00,Bac,FPT,vultr_seoul,647.0,1.98,13,1,1
2026-09-15 13:37:00,Bac,FPT,linode_singapore,905.0,14.3,13,1,1
2026-09-15 13:48:19,Bac,FPT,cloudflare,206.0,4.8,13,1,0
2026-09-15 13:48:19,Bac,FPT,vultr_singapore,152.0,1.84,13,1,0
2026-09-15 13:48:19,Bac,FPT,vultr_seoul,277.0,3.56,13,1,0
2026-09-15 13:48:19,Bac,FPT,linode_singapore,194.0,7.78,13,1,0
2026-09-15 13:59:21,Bac,FPT,cloudflare,366.0,1.37,13,1,1
2026-09-15 13:59:21,Bac,FPT,vultr_singapore,301.0,1.65,13,1,0
2026-09-15 13:59:21,Bac,FPT,vultr_seoul,333.0,8.86,13,1,0
2026-09-15 13:59:21,Bac,FPT,linode_singapore,222.0,1.58,13,1,0
2026-09-15 14:10:36,Bac,FPT,cloudflare,232.0,3.81,14,1,0
2026-09-15 14:10:36,Bac,FPT,vultr_singapore,149.0,1.35,14,1,0
2026-09-15 14:10:36,Bac,FPT,vultr_seoul,310.0,3.42,14,1,0
2026-09-15 14:10:36,Bac,FPT,linode_singapore,287.0,1.55,14,1,1
2026-09-15 14:21:39,Bac,FPT,cloudflare,171.0,5.27,14,1,0
2026-09-15 14:21:39,Bac,FPT,vultr_singapore,199.0,2.07,14,1,0
2026-09-15 14:21:39,Bac,FPT,vultr_seoul,280.0,19.14,14,1,0
2026-09-15 14:21:39,Bac,FPT,linode_singapore,128.0,1.39,14,1,0
2026-09-15 14:32:41,Bac,FPT,cloudflare,175.0,2.01,14,1,0
2026-09-15 14:32:41,Bac,FPT,vultr_singapore,730.0,1.64,14,1,1
2026-09-15 14:32:41,Bac,FPT,vultr_seoul,324.0,1.78,14,1,0
2026-09-15 14:32:41,Bac,FPT,linode_singapore,215.0,0.96,14,1,0
2026-09-15 14:43:49,Bac,FPT,cloudflare,109.0,5.78,14,1,0
2026-09-15 14:43:49,Bac,FPT,vultr_singapore,184.0,4.66,14,1,0
2026-09-15 14:43:49,Bac,FPT,vultr_seoul,131.0,44.05,14,1,0
2026-09-15 14:43:49,Bac,FPT,linode_singapore,134.0,1.93,14,1,0
2026-09-15 14:54:50,Bac,FPT,cloudflare,174.0,4.45,14,1,0
2026-09-15 14:54:50,Bac,FPT,vultr_singapore,259.0,6.9,14,1,0
2026-09-15 14:54:50,Bac,FPT,vultr_seoul,199.0,27.77,14,1,0
2026-09-15 14:54:50,Bac,FPT,linode_singapore,136.0,2.19,14,1,0
2026-09-15 15:05:53,Bac,FPT,cloudflare,146.0,7.48,15,1,0
2026-09-15 15:05:53,Bac,FPT,vultr_singapore,122.0,3.21,15,1,0
2026-09-15 15:05:53,Bac,FPT,vultr_seoul,198.0,14.71,15,1,0
2026-09-15 15:05:53,Bac,FPT,linode_singapore,231.0,1.67,15,1,0
2026-09-15 15:16:54,Bac,FPT,cloudflare,276.0,3.67,15,1,1
2026-09-15 15:16:54,Bac,FPT,vultr_singapore,188.0,2.18,15,1,0
2026-09-15 15:16:54,Bac,FPT,vultr_seoul,264.0,2.37,15,1,0
2026-09-15 15:16:54,Bac,FPT,linode_singapore,119.0,13.39,15,1,0
2026-09-15 15:27:58,Bac,FPT,cloudflare,294.0,4.47,15,1,1
2026-09-15 15:27:58,Bac,FPT,vultr_singapore,162.0,0.5,15,1,0
2026-09-15 15:27:58,Bac,FPT,vultr_seoul,162.0,2.6,15,1,0
2026-09-15 15:27:58,Bac,FPT,linode_singapore,264.0,10.69,15,1,1
2026-09-15 15:39:01,Bac,FPT,cloudflare,282.0,3.78,15,1,1
2026-09-15 15:39:01,Bac,FPT,vultr_singapore,274.0,0.27,15,1,0
2026-09-15 15:39:01,Bac,FPT,vultr_seoul,311.0,1.09,15,1,0
2026-09-15 15:39:01,Bac,FPT,linode_singapore,627.0,1.24,15,1,1
2026-09-15 15:50:05,Bac,FPT,cloudflare,650.0,2.71,15,1,1
2026-09-15 15:50:05,Bac,FPT,vultr_singapore,437.0,0.39,15,1,1
2026-09-15 15:50:05,Bac,FPT,vultr_seoul,324.0,4.37,15,1,0
2026-09-15 15:50:05,Bac,FPT,linode_singapore,1070.0,4.44,15,1,1
2026-09-15 16:01:12,Bac,FPT,cloudflare,325.0,0.75,16,1,1
2026-09-15 16:01:12,Bac,FPT,vultr_singapore,233.0,1.02,16,1,0
2026-09-15 16:01:12,Bac,FPT,vultr_seoul,604.0,1.26,16,1,1
2026-09-15 16:01:12,Bac,FPT,linode_singapore,381.0,1.09,16,1,1
2026-09-15 16:12:27,Bac,FPT,cloudflare,1196.0,2.64,16,1,1
2026-09-15 16:12:27,Bac,FPT,vultr_singapore,193.0,1.25,16,1,0
2026-09-15 16:12:27,Bac,FPT,vultr_seoul,234.0,5.64,16,1,0
2026-09-15 16:12:27,Bac,FPT,linode_singapore,174.0,7.51,16,1,0
2026-09-15 16:23:34,Bac,FPT,cloudflare,149.0,5.82,16,1,0
2026-09-15 16:23:34,Bac,FPT,vultr_singapore,89.0,5.09,16,1,0
2026-09-15 16:23:34,Bac,FPT,vultr_seoul,176.0,231.95,16,1,0
2026-09-15 16:23:34,Bac,FPT,linode_singapore,86.0,235.89,16,1,0
2026-09-15 16:37:52,Bac,FPT,cloudflare,102.0,11.31,16,1,0
2026-09-15 16:37:52,Bac,FPT,vultr_singapore,51.0,9.21,16,1,0
2026-09-15 16:37:52,Bac,FPT,vultr_seoul,144.0,37.08,16,1,0
2026-09-15 16:37:52,Bac,FPT,linode_singapore,85.0,5.62,16,1,0
2026-09-15 16:48:54,Bac,FPT,cloudflare,85.0,8.67,16,1,0
2026-09-15 16:48:54,Bac,FPT,vultr_singapore,73.0,4.44,16,1,0
2026-09-15 16:48:54,Bac,FPT,vultr_seoul,138.0,10.88,16,1,0
2026-09-15 16:48:54,Bac,FPT,linode_singapore,95.0,4.6,16,1,0
2026-09-15 16:59:54,Bac,FPT,cloudflare,65.0,12.04,16,1,0
2026-09-15 16:59:54,Bac,FPT,vultr_singapore,218.0,10.05,16,1,0
2026-09-15 16:59:54,Bac,FPT,vultr_seoul,167.0,9.23,16,1,0
2026-09-15 16:59:54,Bac,FPT,linode_singapore,55.0,10.12,16,1,0
2026-09-15 17:10:53,Bac,FPT,cloudflare,72.0,25.59,17,1,0
2026-09-15 17:10:53,Bac,FPT,vultr_singapore,48.0,15.24,17,1,0
2026-09-15 17:10:53,Bac,FPT,vultr_seoul,102.0,72.52,17,1,0
2026-09-15 17:10:53,Bac,FPT,linode_singapore,39.0,8.91,17,1,0
2026-09-15 19:04:45,Bac,FPT,cloudflare,57.0,29.16,19,1,0
2026-09-15 19:04:45,Bac,FPT,vultr_singapore,53.0,12.72,19,1,0
2026-09-15 19:04:45,Bac,FPT,vultr_seoul,139.0,144.48,19,1,0
2026-09-15 19:04:45,Bac,FPT,linode_singapore,42.0,25.51,19,1,0
2026-09-15 19:15:34,Bac,FPT,cloudflare,79.0,19.29,19,1,0
2026-09-15 19:15:34,Bac,FPT,vultr_singapore,53.0,10.46,19,1,0
2026-09-15 19:15:34,Bac,FPT,vultr_seoul,135.0,160.08,19,1,0
2026-09-15 19:15:34,Bac,FPT,linode_singapore,43.0,30.87,19,1,0
2026-09-15 19:26:23,Bac,FPT,cloudflare,59.0,26.5,19,1,0
2026-09-15 19:26:23,Bac,FPT,vultr_singapore,53.0,12.43,19,1,0
2026-09-15 19:26:23,Bac,FPT,vultr_seoul,132.0,132.29,19,1,0
2026-09-15 19:26:23,Bac,FPT,linode_singapore,43.0,25.14,19,1,0
2026-09-15 19:37:13,Bac,FPT,cloudflare,58.0,28.77,19,1,0
2026-09-15 19:37:13,Bac,FPT,vultr_singapore,54.0,10.12,19,1,0
2026-09-15 19:37:13,Bac,FPT,vultr_seoul,137.0,76.57,19,1,0
2026-09-15 19:37:13,Bac,FPT,linode_singapore,42.0,27.87,19,1,0
2026-09-15 19:48:08,Bac,FPT,cloudflare,58.0,27.86,19,1,0
2026-09-15 19:48:08,Bac,FPT,vultr_singapore,55.0,10.35,19,1,0
2026-09-15 19:48:08,Bac,FPT,vultr_seoul,140.0,156.87,19,1,0
2026-09-15 19:48:08,Bac,FPT,linode_singapore,42.0,25.97,19,1,0
2026-09-15 19:58:56,Bac,FPT,cloudflare,59.0,20.87,19,1,0
2026-09-15 19:58:56,Bac,FPT,vultr_singapore,54.0,87.68,19,1,0
2026-09-15 19:58:56,Bac,FPT,vultr_seoul,135.0,155.31,19,1,0
2026-09-15 19:58:56,Bac,FPT,linode_singapore,41.0,26.25,19,1,0
2026-09-15 20:09:40,Bac,FPT,cloudflare,59.0,28.43,20,1,0
2026-09-15 20:09:40,Bac,FPT,vultr_singapore,52.0,10.63,20,1,0
2026-09-15 20:09:40,Bac,FPT,vultr_seoul,133.0,53.51,20,1,0
2026-09-15 20:09:40,Bac,FPT,linode_singapore,47.0,29.37,20,1,0
2026-09-15 20:20:38,Bac,FPT,cloudflare,57.0,29.63,20,1,0
2026-09-15 20:20:38,Bac,FPT,vultr_singapore,54.0,124.66,20,1,0
2026-09-15 20:20:38,Bac,FPT,vultr_seoul,133.0,146.08,20,1,0
2026-09-15 20:20:38,Bac,FPT,linode_singapore,42.0,27.92,20,1,0
2026-09-15 20:31:19,Bac,FPT,cloudflare,61.0,28.93,20,1,0
2026-09-15 20:31:19,Bac,FPT,vultr_singapore,54.0,14.74,20,1,0
2026-09-15 20:31:19,Bac,FPT,vultr_seoul,134.0,142.1,20,1,0
2026-09-15 20:31:19,Bac,FPT,linode_singapore,41.0,31.12,20,1,0
2026-09-15 20:42:08,Bac,FPT,cloudflare,58.0,29.28,20,1,0
2026-09-15 20:42:08,Bac,FPT,vultr_singapore,53.0,11.22,20,1,0
2026-09-15 20:42:08,Bac,FPT,vultr_seoul,135.0,143.38,20,1,0
2026-09-15 20:42:08,Bac,FPT,linode_singapore,43.0,28.37,20,1,0
2026-09-15 20:52:57,Bac,FPT,cloudflare,59.0,31.0,20,1,0
2026-09-15 20:52:57,Bac,FPT,vultr_singapore,55.0,11.8,20,1,0
2026-09-15 20:52:57,Bac,FPT,vultr_seoul,134.0,92.25,20,1,0
2026-09-15 20:52:57,Bac,FPT,linode_singapore,43.0,27.06,20,1,0
2026-09-15 21:03:50,Bac,FPT,cloudflare,60.0,28.64,21,1,0
2026-09-15 21:03:50,Bac,FPT,vultr_singapore,59.0,9.85,21,1,0
2026-09-15 21:03:50,Bac,FPT,vultr_seoul,137.0,139.69,21,1,0
2026-09-15 21:03:50,Bac,FPT,linode_singapore,43.0,27.33,21,1,0
2026-09-15 21:14:39,Bac,FPT,cloudflare,58.0,30.83,21,1,0
2026-09-15 21:14:39,Bac,FPT,vultr_singapore,55.0,10.86,21,1,0
2026-09-15 21:14:39,Bac,FPT,vultr_seoul,137.0,162.59,21,1,0
2026-09-15 21:14:39,Bac,FPT,linode_singapore,41.0,26.32,21,1,0
2026-09-15 21:25:28,Bac,FPT,cloudflare,59.0,26.93,21,1,0
2026-09-15 21:25:28,Bac,FPT,vultr_singapore,55.0,14.4,21,1,0
2026-09-15 21:25:28,Bac,FPT,vultr_seoul,141.0,107.37,21,1,0
2026-09-15 21:25:28,Bac,FPT,linode_singapore,41.0,22.08,21,1,0
2026-09-15 21:36:19,Bac,FPT,cloudflare,59.0,30.8,21,1,0
2026-09-15 21:36:19,Bac,FPT,vultr_singapore,58.0,10.69,21,1,0
2026-09-15 21:36:19,Bac,FPT,vultr_seoul,138.0,142.86,21,1,0
2026-09-15 21:36:19,Bac,FPT,linode_singapore,43.0,28.72,21,1,0
2026-09-15 21:47:08,Bac,FPT,cloudflare,63.0,25.01,21,1,0
2026-09-15 21:47:08,Bac,FPT,vultr_singapore,52.0,9.64,21,1,0
2026-09-15 21:47:08,Bac,FPT,vultr_seoul,132.0,148.56,21,1,0
2026-09-15 21:47:08,Bac,FPT,linode_singapore,41.0,28.36,21,1,0
2026-09-15 21:57:57,Bac,FPT,cloudflare,59.0,27.75,21,1,0
2026-09-15 21:57:57,Bac,FPT,vultr_singapore,53.0,11.82,21,1,0
2026-09-15 21:57:57,Bac,FPT,vultr_seoul,137.0,104.99,21,1,0
2026-09-15 21:57:57,Bac,FPT,linode_singapore,42.0,24.14,21,1,0
2026-09-15 22:08:49,Bac,FPT,cloudflare,57.0,29.52,22,1,0
2026-09-15 22:08:49,Bac,FPT,vultr_singapore,55.0,10.0,22,1,0
2026-09-15 22:08:49,Bac,FPT,vultr_seoul,136.0,133.02,22,1,0
2026-09-15 22:08:49,Bac,FPT,linode_singapore,42.0,24.37,22,1,0
2026-09-15 22:19:38,Bac,FPT,cloudflare,58.0,30.06,22,1,0
2026-09-15 22:19:38,Bac,FPT,vultr_singapore,56.0,10.7,22,1,0
2026-09-15 22:19:38,Bac,FPT,vultr_seoul,154.0,132.95,22,1,0
2026-09-15 22:19:38,Bac,FPT,linode_singapore,43.0,26.25,22,1,0
2026-09-15 22:30:28,Bac,FPT,cloudflare,59.0,27.62,22,1,0
2026-09-15 22:30:28,Bac,FPT,vultr_singapore,55.0,9.99,22,1,0
2026-09-15 22:30:28,Bac,FPT,vultr_seoul,137.0,154.93,22,1,0
2026-09-15 22:30:28,Bac,FPT,linode_singapore,44.0,25.96,22,1,0
2026-09-15 22:41:17,Bac,FPT,cloudflare,59.0,28.43,22,1,0
2026-09-15 22:41:17,Bac,FPT,vultr_singapore,54.0,10.56,22,1,0
2026-09-15 22:41:17,Bac,FPT,vultr_seoul,137.0,104.29,22,1,0
2026-09-15 22:41:17,Bac,FPT,linode_singapore,74.0,27.01,22,1,0
2026-09-15 22:52:09,Bac,FPT,cloudflare,56.0,28.38,22,1,0
2026-09-15 22:52:09,Bac,FPT,vultr_singapore,55.0,12.61,22,1,0
2026-09-15 22:52:09,Bac,FPT,vultr_seoul,136.0,134.09,22,1,0
2026-09-15 22:52:09,Bac,FPT,linode_singapore,45.0,25.65,22,1,0
2026-09-15 23:02:59,Bac,FPT,cloudflare,64.0,28.96,23,1,0
2026-09-15 23:02:59,Bac,FPT,vultr_singapore,56.0,13.57,23,1,0
2026-09-15 23:02:59,Bac,FPT,vultr_seoul,130.0,152.29,23,1,0
2026-09-15 23:02:59,Bac,FPT,linode_singapore,44.0,25.54,23,1,0
2026-09-15 23:13:48,Bac,FPT,cloudflare,61.0,33.83,23,1,0
2026-09-15 23:13:48,Bac,FPT,vultr_singapore,57.0,13.0,23,1,0
2026-09-15 23:13:48,Bac,FPT,vultr_seoul,133.0,111.69,23,1,0
2026-09-15 23:13:48,Bac,FPT,linode_singapore,40.0,25.94,23,1,0
2026-09-15 23:24:39,Bac,FPT,cloudflare,61.0,31.66,23,1,0
2026-09-15 23:24:39,Bac,FPT,vultr_singapore,67.0,11.89,23,1,0
2026-09-15 23:24:39,Bac,FPT,vultr_seoul,140.0,99.43,23,1,0
2026-09-15 23:24:39,Bac,FPT,linode_singapore,42.0,28.57,23,1,0
2026-09-15 23:35:31,Bac,FPT,cloudflare,66.0,26.79,23,1,0
2026-09-15 23:35:31,Bac,FPT,vultr_singapore,686.0,43.8,23,1,1
2026-09-15 23:35:31,Bac,FPT,vultr_seoul,134.0,97.66,23,1,0
2026-09-15 23:35:31,Bac,FPT,linode_singapore,41.0,25.98,23,1,0
2026-09-15 23:46:29,Bac,FPT,cloudflare,99.0,30.6,23,1,0
2026-09-15 23:46:29,Bac,FPT,vultr_singapore,57.0,10.37,23,1,0
2026-09-15 23:46:29,Bac,FPT,vultr_seoul,136.0,145.97,23,1,0
2026-09-15 23:46:29,Bac,FPT,linode_singapore,43.0,25.07,23,1,0
2026-09-15 23:57:18,Bac,FPT,cloudflare,65.0,31.92,23,1,0
2026-09-15 23:57:18,Bac,FPT,vultr_singapore,56.0,9.44,23,1,0
2026-09-15 23:57:18,Bac,FPT,vultr_seoul,136.0,81.16,23,1,0
2026-09-15 23:57:18,Bac,FPT,linode_singapore,45.0,22.13,23,1,0
2026-09-16 00:08:12,Bac,FPT,cloudflare,62.0,29.08,0,2,0
2026-09-16 00:08:12,Bac,FPT,vultr_singapore,60.0,10.31,0,2,0
2026-09-16 00:08:12,Bac,FPT,vultr_seoul,192.0,69.31,0,2,0
2026-09-16 00:08:12,Bac,FPT,linode_singapore,54.0,24.38,0,2,0
2026-09-16 00:19:08,Bac,FPT,cloudflare,62.0,33.11,0,2,0
2026-09-16 00:19:08,Bac,FPT,vultr_singapore,56.0,11.17,0,2,0
2026-09-16 00:19:08,Bac,FPT,vultr_seoul,183.0,91.72,0,2,0
2026-09-16 00:19:08,Bac,FPT,linode_singapore,44.0,24.78,0,2,0
2026-09-16 00:30:00,Bac,FPT,cloudflare,64.0,26.17,0,2,0
2026-09-16 00:30:00,Bac,FPT,vultr_singapore,56.0,27.85,0,2,0
2026-09-16 00:30:00,Bac,FPT,vultr_seoul,142.0,84.83,0,2,0
2026-09-16 00:30:00,Bac,FPT,linode_singapore,63.0,29.17,0,2,0
2026-09-16 00:40:54,Bac,FPT,cloudflare,61.0,28.31,0,2,0
2026-09-16 00:40:54,Bac,FPT,vultr_singapore,55.0,11.39,0,2,0
2026-09-16 00:40:54,Bac,FPT,vultr_seoul,172.0,103.6,0,2,0
2026-09-16 00:40:54,Bac,FPT,linode_singapore,41.0,24.01,0,2,0
2026-09-16 10:34:00,Bac,FPT,cloudflare,62.0,27.29,10,2,0
2026-09-16 10:34:00,Bac,FPT,vultr_singapore,59.0,13.79,10,2,0
2026-09-16 10:34:00,Bac,FPT,vultr_seoul,137.0,124.14,10,2,0
2026-09-16 10:34:00,Bac,FPT,linode_singapore,42.0,27.56,10,2,0
2026-09-16 10:44:50,Bac,FPT,cloudflare,56.0,29.19,10,2,0
2026-09-16 10:44:50,Bac,FPT,vultr_singapore,52.0,11.14,10,2,0
2026-09-16 10:44:50,Bac,FPT,vultr_seoul,133.0,58.14,10,2,0
2026-09-16 10:44:50,Bac,FPT,linode_singapore,42.0,26.48,10,2,0
2026-09-16 10:55:48,Bac,FPT,cloudflare,56.0,31.59,10,2,0
2026-09-16 10:55:48,Bac,FPT,vultr_singapore,50.0,13.82,10,2,0
2026-09-16 10:55:48,Bac,FPT,vultr_seoul,135.0,30.12,10,2,0
2026-09-16 10:55:48,Bac,FPT,linode_singapore,42.0,27.46,10,2,0
2026-09-16 11:06:46,Bac,FPT,cloudflare,56.0,23.25,11,2,0
2026-09-16 11:06:46,Bac,FPT,vultr_singapore,55.0,10.64,11,2,0
2026-09-16 11:06:46,Bac,FPT,vultr_seoul,137.0,135.15,11,2,0
2026-09-16 11:06:46,Bac,FPT,linode_singapore,41.0,28.5,11,2,0
2026-09-16 11:17:36,Bac,FPT,cloudflare,56.0,30.05,11,2,0
2026-09-16 11:17:36,Bac,FPT,vultr_singapore,51.0,11.22,11,2,0
2026-09-16 11:17:36,Bac,FPT,vultr_seoul,135.0,146.14,11,2,0
2026-09-16 11:17:36,Bac,FPT,linode_singapore,40.0,27.67,11,2,0
2026-09-16 11:28:25,Bac,FPT,cloudflare,56.0,30.41,11,2,0
2026-09-16 11:28:25,Bac,FPT,vultr_singapore,52.0,14.1,11,2,0
2026-09-16 11:28:25,Bac,FPT,vultr_seoul,134.0,113.07,11,2,0
2026-09-16 11:28:25,Bac,FPT,linode_singapore,40.0,30.78,11,2,0
2026-09-16 11:39:16,Bac,FPT,cloudflare,56.0,31.67,11,2,0
2026-09-16 11:39:16,Bac,FPT,vultr_singapore,52.0,11.41,11,2,0
2026-09-16 11:39:16,Bac,FPT,vultr_seoul,135.0,157.14,11,2,0
2026-09-16 11:39:16,Bac,FPT,linode_singapore,40.0,28.48,11,2,0
2026-09-16 11:50:04,Bac,FPT,cloudflare,56.0,29.64,11,2,0
2026-09-16 11:50:04,Bac,FPT,vultr_singapore,51.0,14.83,11,2,0
2026-09-16 11:50:04,Bac,FPT,vultr_seoul,132.0,59.81,11,2,0
2026-09-16 11:50:04,Bac,FPT,linode_singapore,42.0,25.02,11,2,0
2026-09-16 12:01:02,Bac,FPT,cloudflare,59.0,28.16,12,2,0
2026-09-16 12:01:02,Bac,FPT,vultr_singapore,52.0,14.45,12,2,0
2026-09-16 12:01:02,Bac,FPT,vultr_seoul,140.0,155.06,12,2,0
2026-09-16 12:01:02,Bac,FPT,linode_singapore,44.0,28.69,12,2,0
2026-09-16 12:11:50,Bac,FPT,cloudflare,57.0,30.81,12,2,0
2026-09-16 12:11:50,Bac,FPT,vultr_singapore,54.0,63.27,12,2,0
2026-09-16 12:11:50,Bac,FPT,vultr_seoul,134.0,86.28,12,2,0
2026-09-16 12:11:50,Bac,FPT,linode_singapore,43.0,27.78,12,2,0
2026-09-16 12:22:42,Bac,FPT,cloudflare,55.0,32.64,12,2,0
2026-09-16 12:22:42,Bac,FPT,vultr_singapore,55.0,9.1,12,2,0
2026-09-16 12:22:42,Bac,FPT,vultr_seoul,139.0,104.28,12,2,0
2026-09-16 12:22:42,Bac,FPT,linode_singapore,39.0,25.83,12,2,0
2026-09-16 12:33:33,Bac,FPT,cloudflare,105.0,29.75,12,2,0
2026-09-16 12:33:33,Bac,FPT,vultr_singapore,53.0,10.45,12,2,0
2026-09-16 12:33:33,Bac,FPT,vultr_seoul,138.0,150.41,12,2,0
2026-09-16 12:33:33,Bac,FPT,linode_singapore,42.0,25.2,12,2,0
2026-09-16 12:44:22,Bac,FPT,cloudflare,57.0,30.69,12,2,0
2026-09-16 12:44:22,Bac,FPT,vultr_singapore,54.0,10.32,12,2,0
2026-09-16 12:44:22,Bac,FPT,vultr_seoul,142.0,70.43,12,2,0
2026-09-16 12:44:22,Bac,FPT,linode_singapore,62.0,22.94,12,2,0
2026-09-16 12:55:21,Bac,FPT,cloudflare,58.0,26.69,12,2,0
2026-09-16 12:55:21,Bac,FPT,vultr_singapore,107.0,9.82,12,2,0
2026-09-16 12:55:21,Bac,FPT,vultr_seoul,141.0,72.99,12,2,0
2026-09-16 12:55:21,Bac,FPT,linode_singapore,43.0,22.04,12,2,0
2026-09-16 13:06:20,Bac,FPT,cloudflare,57.0,29.84,13,2,0
2026-09-16 13:06:20,Bac,FPT,vultr_singapore,62.0,10.38,13,2,0
2026-09-16 13:06:20,Bac,FPT,vultr_seoul,169.0,124.63,13,2,0
2026-09-16 13:06:20,Bac,FPT,linode_singapore,42.0,23.91,13,2,0
2026-09-16 13:17:10,Bac,FPT,cloudflare,57.0,29.2,13,2,0
2026-09-16 13:17:10,Bac,FPT,vultr_singapore,62.0,13.02,13,2,0
2026-09-16 13:17:10,Bac,FPT,vultr_seoul,133.0,102.34,13,2,0
2026-09-16 13:17:10,Bac,FPT,linode_singapore,83.0,23.85,13,2,0
2026-09-16 13:28:02,Bac,FPT,cloudflare,57.0,32.34,13,2,0
2026-09-16 13:28:02,Bac,FPT,vultr_singapore,54.0,10.24,13,2,0
2026-09-16 13:28:02,Bac,FPT,vultr_seoul,140.0,103.75,13,2,0
2026-09-16 13:28:02,Bac,FPT,linode_singapore,42.0,23.39,13,2,0
2026-09-16 13:38:53,Bac,FPT,cloudflare,57.0,27.46,13,2,0
2026-09-16 13:38:53,Bac,FPT,vultr_singapore,52.0,54.73,13,2,0
2026-09-16 13:38:53,Bac,FPT,vultr_seoul,157.0,98.78,13,2,0
2026-09-16 13:38:53,Bac,FPT,linode_singapore,70.0,22.33,13,2,0
2026-09-16 13:49:45,Bac,FPT,cloudflare,56.0,28.37,13,2,0
2026-09-16 13:49:45,Bac,FPT,vultr_singapore,52.0,12.94,13,2,0
2026-09-16 13:49:45,Bac,FPT,vultr_seoul,135.0,76.92,13,2,0
2026-09-16 13:49:45,Bac,FPT,linode_singapore,42.0,34.38,13,2,0
2026-09-16 14:00:44,Bac,FPT,cloudflare,57.0,23.94,14,2,0
2026-09-16 14:00:44,Bac,FPT,vultr_singapore,55.0,10.15,14,2,0
2026-09-16 14:00:44,Bac,FPT,vultr_seoul,142.0,92.61,14,2,0
2026-09-16 14:00:44,Bac,FPT,linode_singapore,42.0,27.23,14,2,0
2026-09-16 14:11:40,Bac,FPT,cloudflare,56.0,27.26,14,2,0
2026-09-16 14:11:40,Bac,FPT,vultr_singapore,59.0,72.94,14,2,0
2026-09-16 14:11:40,Bac,FPT,vultr_seoul,133.0,147.51,14,2,0
2026-09-16 14:11:40,Bac,FPT,linode_singapore,47.0,33.51,14,2,0
2026-09-16 14:22:38,Bac,FPT,cloudflare,59.0,26.28,14,2,0
2026-09-16 14:22:38,Bac,FPT,vultr_singapore,52.0,47.63,14,2,0
2026-09-16 14:22:38,Bac,FPT,vultr_seoul,150.0,139.95,14,2,0
2026-09-16 14:22:38,Bac,FPT,linode_singapore,48.0,16.49,14,2,0
2026-09-16 14:33:27,Bac,FPT,cloudflare,56.0,31.49,14,2,0
2026-09-16 14:33:27,Bac,FPT,vultr_singapore,53.0,10.68,14,2,0
2026-09-16 14:33:27,Bac,FPT,vultr_seoul,137.0,134.55,14,2,0
2026-09-16 14:33:27,Bac,FPT,linode_singapore,93.0,24.36,14,2,0
2026-09-16 14:44:17,Bac,FPT,cloudflare,106.0,29.32,14,2,0
2026-09-16 14:44:17,Bac,FPT,vultr_singapore,52.0,11.54,14,2,0
2026-09-16 14:44:17,Bac,FPT,vultr_seoul,201.0,92.02,14,2,0
2026-09-16 14:44:17,Bac,FPT,linode_singapore,42.0,26.81,14,2,0
2026-09-16 14:55:10,Bac,FPT,cloudflare,96.0,26.12,14,2,0
2026-09-16 14:55:10,Bac,FPT,vultr_singapore,52.0,12.02,14,2,0
2026-09-16 14:55:10,Bac,FPT,vultr_seoul,138.0,96.97,14,2,0
2026-09-16 14:55:10,Bac,FPT,linode_singapore,43.0,26.15,14,2,0
2026-09-16 15:06:06,Bac,FPT,cloudflare,57.0,28.42,15,2,0
2026-09-16 15:06:06,Bac,FPT,vultr_singapore,58.0,13.01,15,2,0
2026-09-16 15:06:06,Bac,FPT,vultr_seoul,139.0,59.45,15,2,0
2026-09-16 15:06:06,Bac,FPT,linode_singapore,95.0,28.27,15,2,0
2026-09-16 15:17:08,Bac,FPT,cloudflare,57.0,27.74,15,2,0
2026-09-16 15:17:08,Bac,FPT,vultr_singapore,55.0,10.49,15,2,0
2026-09-16 15:17:08,Bac,FPT,vultr_seoul,141.0,147.1,15,2,0
2026-09-16 15:17:08,Bac,FPT,linode_singapore,54.0,27.81,15,2,0
2026-09-16 15:28:00,Bac,FPT,cloudflare,60.0,27.58,15,2,0
2026-09-16 15:28:00,Bac,FPT,vultr_singapore,61.0,14.53,15,2,0
2026-09-16 15:28:00,Bac,FPT,vultr_seoul,136.0,13.72,15,2,0
2026-09-16 15:28:00,Bac,FPT,linode_singapore,46.0,26.08,15,2,0
2026-09-16 15:38:59,Bac,FPT,cloudflare,62.0,31.18,15,2,0
2026-09-16 15:38:59,Bac,FPT,vultr_singapore,78.0,26.49,15,2,0
2026-09-16 15:38:59,Bac,FPT,vultr_seoul,141.0,151.01,15,2,0
2026-09-16 15:38:59,Bac,FPT,linode_singapore,43.0,24.46,15,2,0
2026-09-16 18:41:32,Bac,FPT,cloudflare,93.0,27.76,18,2,0
2026-09-16 18:41:32,Bac,FPT,vultr_singapore,56.0,12.06,18,2,0
2026-09-16 18:41:32,Bac,FPT,vultr_seoul,138.0,86.91,18,2,0
2026-09-16 18:41:32,Bac,FPT,linode_singapore,44.0,27.64,18,2,0
2026-09-16 18:52:33,Bac,FPT,cloudflare,66.0,26.69,18,2,0
2026-09-16 18:52:33,Bac,FPT,vultr_singapore,53.0,13.52,18,2,0
2026-09-16 18:52:33,Bac,FPT,vultr_seoul,136.0,66.34,18,2,0
2026-09-16 18:52:33,Bac,FPT,linode_singapore,49.0,22.08,18,2,0
2026-09-16 19:03:29,Bac,FPT,cloudflare,72.0,25.71,19,2,0
2026-09-16 19:03:29,Bac,FPT,vultr_singapore,56.0,10.07,19,2,0
2026-09-16 19:03:29,Bac,FPT,vultr_seoul,139.0,80.71,19,2,0
2026-09-16 19:03:29,Bac,FPT,linode_singapore,43.0,26.44,19,2,0
2026-09-16 19:14:27,Bac,FPT,cloudflare,63.0,23.21,19,2,0
2026-09-16 19:14:27,Bac,FPT,vultr_singapore,57.0,11.38,19,2,0
2026-09-16 19:14:27,Bac,FPT,vultr_seoul,137.0,78.15,19,2,0
2026-09-16 19:14:27,Bac,FPT,linode_singapore,42.0,27.56,19,2,0
2026-09-16 19:25:21,Bac,FPT,cloudflare,76.0,29.85,19,2,0
2026-09-16 19:25:21,Bac,FPT,vultr_singapore,55.0,76.0,19,2,0
2026-09-16 19:25:21,Bac,FPT,vultr_seoul,136.0,93.88,19,2,0
2026-09-16 19:25:21,Bac,FPT,linode_singapore,43.0,22.93,19,2,0
2026-09-16 19:36:14,Bac,FPT,cloudflare,72.0,23.07,19,2,0
2026-09-16 19:36:14,Bac,FPT,vultr_singapore,57.0,12.33,19,2,0
2026-09-16 19:36:14,Bac,FPT,vultr_seoul,155.0,99.76,19,2,0
2026-09-16 19:36:14,Bac,FPT,linode_singapore,43.0,27.89,19,2,0
2026-09-16 19:47:17,Bac,FPT,cloudflare,127.0,26.9,19,2,0
2026-09-16 19:47:17,Bac,FPT,vultr_singapore,57.0,96.64,19,2,0
2026-09-16 19:47:17,Bac,FPT,vultr_seoul,139.0,85.46,19,2,0
2026-09-16 19:47:17,Bac,FPT,linode_singapore,44.0,21.81,19,2,0
2026-09-16 19:58:20,Bac,FPT,cloudflare,73.0,24.19,19,2,0
2026-09-16 19:58:20,Bac,FPT,vultr_singapore,104.0,11.18,19,2,0
2026-09-16 19:58:20,Bac,FPT,vultr_seoul,139.0,119.9,19,2,0
2026-09-16 19:58:20,Bac,FPT,linode_singapore,80.0,22.99,19,2,0
2026-09-16 20:09:10,Bac,FPT,cloudflare,63.0,29.38,20,2,0
2026-09-16 20:09:10,Bac,FPT,vultr_singapore,65.0,11.96,20,2,0
2026-09-16 20:09:10,Bac,FPT,vultr_seoul,180.0,138.7,20,2,0
2026-09-16 20:09:10,Bac,FPT,linode_singapore,42.0,25.65,20,2,0
2026-09-16 20:20:08,Bac,FPT,cloudflare,62.0,29.78,20,2,0
2026-09-16 20:20:08,Bac,FPT,vultr_singapore,59.0,12.04,20,2,0
2026-09-16 20:20:08,Bac,FPT,vultr_seoul,140.0,99.87,20,2,0
2026-09-16 20:20:08,Bac,FPT,linode_singapore,53.0,26.54,20,2,0
2026-09-16 20:31:00,Bac,FPT,cloudflare,67.0,26.06,20,2,0
2026-09-16 20:31:00,Bac,FPT,vultr_singapore,83.0,9.78,20,2,0
2026-09-16 20:31:00,Bac,FPT,vultr_seoul,179.0,143.92,20,2,0
2026-09-16 20:31:00,Bac,FPT,linode_singapore,72.0,25.1,20,2,0
2026-09-16 20:41:49,Bac,FPT,cloudflare,62.0,30.43,20,2,0
2026-09-16 20:41:49,Bac,FPT,vultr_singapore,56.0,11.72,20,2,0
2026-09-16 20:41:49,Bac,FPT,vultr_seoul,134.0,122.21,20,2,0
2026-09-16 20:41:49,Bac,FPT,linode_singapore,42.0,19.53,20,2,0
2026-09-16 20:52:40,Bac,FPT,cloudflare,61.0,28.49,20,2,0
2026-09-16 20:52:40,Bac,FPT,vultr_singapore,57.0,10.07,20,2,0
2026-09-16 20:52:40,Bac,FPT,vultr_seoul,134.0,15.44,20,2,0
2026-09-16 20:52:40,Bac,FPT,linode_singapore,42.0,25.45,20,2,0
2026-09-16 21:03:38,Bac,FPT,cloudflare,71.0,25.46,21,2,0
2026-09-16 21:03:38,Bac,FPT,vultr_singapore,58.0,9.45,21,2,0
2026-09-16 21:03:38,Bac,FPT,vultr_seoul,135.0,84.06,21,2,0
2026-09-16 21:03:38,Bac,FPT,linode_singapore,42.0,20.79,21,2,0
2026-09-16 21:14:32,Bac,FPT,cloudflare,60.0,29.17,21,2,0
2026-09-16 21:14:32,Bac,FPT,vultr_singapore,65.0,11.89,21,2,0
2026-09-16 21:14:32,Bac,FPT,vultr_seoul,140.0,107.81,21,2,0
2026-09-16 21:14:32,Bac,FPT,linode_singapore,63.0,27.89,21,2,0
2026-09-16 21:25:31,Bac,FPT,cloudflare,63.0,28.7,21,2,0
2026-09-16 21:25:31,Bac,FPT,vultr_singapore,55.0,10.17,21,2,0
2026-09-16 21:25:31,Bac,FPT,vultr_seoul,139.0,144.79,21,2,0
2026-09-16 21:25:31,Bac,FPT,linode_singapore,43.0,25.57,21,2,0
2026-09-16 21:36:20,Bac,FPT,cloudflare,58.0,28.93,21,2,0
2026-09-16 21:36:20,Bac,FPT,vultr_singapore,102.0,9.56,21,2,0
2026-09-16 21:36:20,Bac,FPT,vultr_seoul,135.0,101.14,21,2,0
2026-09-16 21:36:20,Bac,FPT,linode_singapore,44.0,25.76,21,2,0
2026-09-16 21:47:12,Bac,FPT,cloudflare,62.0,28.48,21,2,0
2026-09-16 21:47:12,Bac,FPT,vultr_singapore,53.0,11.59,21,2,0
2026-09-16 21:47:12,Bac,FPT,vultr_seoul,142.0,109.29,21,2,0
2026-09-16 21:47:12,Bac,FPT,linode_singapore,47.0,21.87,21,2,0
2026-09-16 21:58:03,Bac,FPT,cloudflare,58.0,29.27,21,2,0
2026-09-16 21:58:03,Bac,FPT,vultr_singapore,58.0,9.88,21,2,0
2026-09-16 21:58:03,Bac,FPT,vultr_seoul,136.0,128.56,21,2,0
2026-09-16 21:58:03,Bac,FPT,linode_singapore,45.0,29.27,21,2,0
2026-09-16 22:08:53,Bac,FPT,cloudflare,60.0,27.31,22,2,0
2026-09-16 22:08:53,Bac,FPT,vultr_singapore,57.0,84.88,22,2,0
2026-09-16 22:08:53,Bac,FPT,vultr_seoul,133.0,145.5,22,2,0
2026-09-16 22:08:53,Bac,FPT,linode_singapore,43.0,23.4,22,2,0
2026-09-16 22:19:37,Bac,FPT,cloudflare,62.0,28.53,22,2,0
2026-09-16 22:19:37,Bac,FPT,vultr_singapore,53.0,9.31,22,2,0
2026-09-16 22:19:37,Bac,FPT,vultr_seoul,141.0,120.91,22,2,0
2026-09-16 22:19:37,Bac,FPT,linode_singapore,42.0,22.42,22,2,0
2026-09-16 22:30:28,Bac,FPT,cloudflare,59.0,31.51,22,2,0
2026-09-16 22:30:28,Bac,FPT,vultr_singapore,55.0,9.69,22,2,0
2026-09-16 22:30:28,Bac,FPT,vultr_seoul,137.0,138.16,22,2,0
2026-09-16 22:30:28,Bac,FPT,linode_singapore,43.0,16.64,22,2,0
2026-09-16 22:41:17,Bac,FPT,cloudflare,65.0,32.52,22,2,0
2026-09-16 22:41:17,Bac,FPT,vultr_singapore,55.0,13.87,22,2,0
2026-09-16 22:41:17,Bac,FPT,vultr_seoul,131.0,71.07,22,2,0
2026-09-16 22:41:17,Bac,FPT,linode_singapore,42.0,21.86,22,2,0
2026-09-16 22:52:12,Bac,FPT,cloudflare,60.0,29.5,22,2,0
2026-09-16 22:52:12,Bac,FPT,vultr_singapore,55.0,10.38,22,2,0
2026-09-16 22:52:12,Bac,FPT,vultr_seoul,134.0,111.22,22,2,0
2026-09-16 22:52:12,Bac,FPT,linode_singapore,42.0,28.21,22,2,0
2026-09-16 23:03:03,Bac,FPT,cloudflare,59.0,30.87,23,2,0
2026-09-16 23:03:03,Bac,FPT,vultr_singapore,56.0,11.73,23,2,0
2026-09-16 23:03:03,Bac,FPT,vultr_seoul,133.0,122.11,23,2,0
2026-09-16 23:03:03,Bac,FPT,linode_singapore,42.0,25.1,23,2,0
2026-09-16 23:13:53,Bac,FPT,cloudflare,60.0,31.07,23,2,0
2026-09-16 23:13:53,Bac,FPT,vultr_singapore,58.0,14.82,23,2,0
2026-09-16 23:13:53,Bac,FPT,vultr_seoul,133.0,122.72,23,2,0
2026-09-16 23:13:53,Bac,FPT,linode_singapore,43.0,40.98,23,2,0
2026-09-16 23:24:43,Bac,FPT,cloudflare,59.0,29.79,23,2,0
2026-09-16 23:24:43,Bac,FPT,vultr_singapore,62.0,9.86,23,2,0
2026-09-16 23:24:43,Bac,FPT,vultr_seoul,153.0,87.38,23,2,0
2026-09-16 23:24:43,Bac,FPT,linode_singapore,44.0,25.77,23,2,0
2026-09-16 23:35:37,Bac,FPT,cloudflare,264.0,22.93,23,2,0
2026-09-16 23:35:37,Bac,FPT,vultr_singapore,63.0,11.52,23,2,0
2026-09-16 23:35:37,Bac,FPT,vultr_seoul,139.0,152.82,23,2,0
2026-09-16 23:35:37,Bac,FPT,linode_singapore,43.0,20.04,23,2,0
2026-09-16 23:46:30,Bac,FPT,cloudflare,63.0,29.95,23,2,0
2026-09-16 23:46:30,Bac,FPT,vultr_singapore,56.0,10.86,23,2,0
2026-09-16 23:46:30,Bac,FPT,vultr_seoul,136.0,59.77,23,2,0
2026-09-16 23:46:30,Bac,FPT,linode_singapore,65.0,26.25,23,2,0
2026-09-16 23:57:27,Bac,FPT,cloudflare,59.0,28.58,23,2,0
2026-09-16 23:57:27,Bac,FPT,vultr_singapore,58.0,9.85,23,2,0
2026-09-16 23:57:27,Bac,FPT,vultr_seoul,137.0,140.69,23,2,0
2026-09-16 23:57:27,Bac,FPT,linode_singapore,62.0,26.59,23,2,0
2026-09-17 00:08:17,Bac,FPT,cloudflare,60.0,31.16,0,3,0
2026-09-17 00:08:17,Bac,FPT,vultr_singapore,59.0,13.43,0,3,0
2026-09-17 00:08:17,Bac,FPT,vultr_seoul,134.0,155.46,0,3,0
2026-09-17 00:08:17,Bac,FPT,linode_singapore,44.0,20.86,0,3,0
2026-09-17 00:19:06,Bac,FPT,cloudflare,57.0,29.4,0,3,0
2026-09-17 00:19:06,Bac,FPT,vultr_singapore,58.0,37.07,0,3,0
2026-09-17 00:19:06,Bac,FPT,vultr_seoul,131.0,83.24,0,3,0
2026-09-17 00:19:06,Bac,FPT,linode_singapore,42.0,28.99,0,3,0
2026-09-17 00:30:00,Bac,FPT,cloudflare,60.0,31.19,0,3,0
2026-09-17 00:30:00,Bac,FPT,vultr_singapore,57.0,55.67,0,3,0
2026-09-17 00:30:00,Bac,FPT,vultr_seoul,133.0,147.66,0,3,0
2026-09-17 00:30:00,Bac,FPT,linode_singapore,49.0,26.19,0,3,0
2026-09-17 00:40:49,Bac,FPT,cloudflare,58.0,28.96,0,3,0
2026-09-17 00:40:49,Bac,FPT,vultr_singapore,58.0,12.77,0,3,0
2026-09-17 00:40:49,Bac,FPT,vultr_seoul,137.0,142.26,0,3,0
2026-09-17 00:40:49,Bac,FPT,linode_singapore,43.0,29.39,0,3,0
2026-09-17 00:51:42,Bac,FPT,cloudflare,60.0,30.66,0,3,0
2026-09-17 00:51:42,Bac,FPT,vultr_singapore,68.0,12.19,0,3,0
2026-09-17 00:51:42,Bac,FPT,vultr_seoul,138.0,132.01,0,3,0
2026-09-17 00:51:42,Bac,FPT,linode_singapore,40.0,26.66,0,3,0
2026-09-17 01:02:32,Bac,FPT,cloudflare,60.0,29.76,1,3,0
2026-09-17 01:02:32,Bac,FPT,vultr_singapore,59.0,11.94,1,3,0
2026-09-17 01:02:32,Bac,FPT,vultr_seoul,134.0,156.82,1,3,0
2026-09-17 01:02:32,Bac,FPT,linode_singapore,43.0,26.52,1,3,0
2026-09-17 01:13:21,Bac,FPT,cloudflare,60.0,32.02,1,3,0
2026-09-17 01:13:21,Bac,FPT,vultr_singapore,59.0,79.73,1,3,0
2026-09-17 01:13:21,Bac,FPT,vultr_seoul,136.0,158.91,1,3,0
2026-09-17 01:13:21,Bac,FPT,linode_singapore,42.0,26.49,1,3,0
2026-09-17 01:24:05,Bac,FPT,cloudflare,58.0,31.91,1,3,0
2026-09-17 01:24:05,Bac,FPT,vultr_singapore,56.0,12.98,1,3,0
2026-09-17 01:24:05,Bac,FPT,vultr_seoul,138.0,149.31,1,3,0
2026-09-17 01:24:05,Bac,FPT,linode_singapore,44.0,23.51,1,3,0
2026-09-17 01:34:54,Bac,FPT,cloudflare,112.0,29.06,1,3,0
2026-09-17 01:34:54,Bac,FPT,vultr_singapore,57.0,10.4,1,3,0
2026-09-17 01:34:54,Bac,FPT,vultr_seoul,133.0,85.5,1,3,0
2026-09-17 01:34:54,Bac,FPT,linode_singapore,46.0,24.48,1,3,0
2026-09-17 01:45:47,Bac,FPT,cloudflare,58.0,33.17,1,3,0
2026-09-17 01:45:47,Bac,FPT,vultr_singapore,57.0,20.78,1,3,0
2026-09-17 01:45:47,Bac,FPT,vultr_seoul,135.0,122.52,1,3,0
2026-09-17 01:45:47,Bac,FPT,linode_singapore,40.0,22.3,1,3,0
2026-09-17 01:56:37,Bac,FPT,cloudflare,57.0,31.03,1,3,0
2026-09-17 01:56:37,Bac,FPT,vultr_singapore,59.0,12.83,1,3,0
2026-09-17 01:56:37,Bac,FPT,vultr_seoul,132.0,75.14,1,3,0
2026-09-17 01:56:37,Bac,FPT,linode_singapore,43.0,26.22,1,3,0
2026-09-17 02:07:32,Bac,FPT,cloudflare,56.0,28.94,2,3,0
2026-09-17 02:07:32,Bac,FPT,vultr_singapore,59.0,12.48,2,3,0
2026-09-17 02:07:32,Bac,FPT,vultr_seoul,137.0,64.18,2,3,0
2026-09-17 02:07:32,Bac,FPT,linode_singapore,40.0,28.03,2,3,0
2026-09-17 11:08:55,Bac,FPT,cloudflare,61.0,30.8,11,3,0
2026-09-17 11:08:55,Bac,FPT,vultr_singapore,55.0,12.07,11,3,0
2026-09-17 11:08:55,Bac,FPT,vultr_seoul,131.0,87.12,11,3,0
2026-09-17 11:08:55,Bac,FPT,linode_singapore,41.0,23.22,11,3,0
2026-09-17 11:19:48,Bac,FPT,cloudflare,59.0,35.37,11,3,0
2026-09-17 11:19:48,Bac,FPT,vultr_singapore,54.0,10.5,11,3,0
2026-09-17 11:19:48,Bac,FPT,vultr_seoul,137.0,143.72,11,3,0
2026-09-17 11:19:48,Bac,FPT,linode_singapore,40.0,31.92,11,3,0
2026-09-17 11:30:37,Bac,FPT,cloudflare,58.0,30.02,11,3,0
2026-09-17 11:30:37,Bac,FPT,vultr_singapore,54.0,18.15,11,3,0
2026-09-17 11:30:37,Bac,FPT,vultr_seoul,132.0,3.87,11,3,0
2026-09-17 11:30:37,Bac,FPT,linode_singapore,41.0,25.08,11,3,0
2026-09-17 11:41:36,Bac,FPT,cloudflare,58.0,30.62,11,3,0
2026-09-17 11:41:36,Bac,FPT,vultr_singapore,55.0,7.94,11,3,0
2026-09-17 11:41:36,Bac,FPT,vultr_seoul,134.0,71.76,11,3,0
2026-09-17 11:41:36,Bac,FPT,linode_singapore,41.0,27.22,11,3,0
2026-09-17 11:52:31,Bac,FPT,cloudflare,60.0,26.57,11,3,0
2026-09-17 11:52:31,Bac,FPT,vultr_singapore,57.0,9.41,11,3,0
2026-09-17 11:52:31,Bac,FPT,vultr_seoul,133.0,137.1,11,3,0
2026-09-17 11:52:31,Bac,FPT,linode_singapore,43.0,25.38,11,3,0
2026-09-17 12:03:20,Bac,FPT,cloudflare,58.0,30.26,12,3,0
2026-09-17 12:03:20,Bac,FPT,vultr_singapore,59.0,10.67,12,3,0
2026-09-17 12:03:20,Bac,FPT,vultr_seoul,135.0,75.21,12,3,0
2026-09-17 12:03:20,Bac,FPT,linode_singapore,42.0,26.19,12,3,0
2026-09-17 12:14:15,Bac,FPT,cloudflare,58.0,31.58,12,3,0
2026-09-17 12:14:15,Bac,FPT,vultr_singapore,53.0,82.46,12,3,0
2026-09-17 12:14:15,Bac,FPT,vultr_seoul,133.0,57.23,12,3,0
2026-09-17 12:14:15,Bac,FPT,linode_singapore,41.0,27.31,12,3,0
2026-09-17 12:25:08,Bac,FPT,cloudflare,77.0,30.03,12,3,0
2026-09-17 12:25:08,Bac,FPT,vultr_singapore,70.0,10.04,12,3,0
2026-09-17 12:25:08,Bac,FPT,vultr_seoul,158.0,100.69,12,3,0
2026-09-17 12:25:08,Bac,FPT,linode_singapore,100.0,25.04,12,3,0
2026-09-17 12:36:08,Bac,FPT,cloudflare,58.0,27.59,12,3,0
2026-09-17 12:36:08,Bac,FPT,vultr_singapore,55.0,20.11,12,3,0
2026-09-17 12:36:08,Bac,FPT,vultr_seoul,141.0,166.4,12,3,0
2026-09-17 12:36:08,Bac,FPT,linode_singapore,62.0,27.95,12,3,0
2026-09-17 12:46:56,Bac,FPT,cloudflare,162.0,30.04,12,3,0
2026-09-17 12:46:56,Bac,FPT,vultr_singapore,58.0,12.47,12,3,0
2026-09-17 12:46:56,Bac,FPT,vultr_seoul,133.0,97.73,12,3,0
2026-09-17 12:46:56,Bac,FPT,linode_singapore,42.0,27.52,12,3,0
2026-09-17 18:31:59,Bac,FPT,cloudflare,50.0,16.97,18,3,0
2026-09-17 18:31:59,Bac,FPT,vultr_singapore,57.0,17.42,18,3,0
2026-09-17 18:31:59,Bac,FPT,vultr_seoul,189.0,260.85,18,3,0
2026-09-17 18:31:59,Bac,FPT,linode_singapore,47.0,289.52,18,3,0
2026-09-17 18:42:14,Bac,FPT,cloudflare,50.0,31.17,18,3,0
2026-09-17 18:42:14,Bac,FPT,vultr_singapore,57.0,14.28,18,3,0
2026-09-17 18:42:14,Bac,FPT,vultr_seoul,177.0,94.6,18,3,0
2026-09-17 18:42:14,Bac,FPT,linode_singapore,49.0,221.84,18,3,0
2026-09-17 18:52:54,Bac,FPT,cloudflare,51.0,33.56,18,3,0
2026-09-17 18:52:54,Bac,FPT,vultr_singapore,56.0,73.23,18,3,0
2026-09-17 18:52:54,Bac,FPT,vultr_seoul,186.0,242.06,18,3,0
2026-09-17 18:52:54,Bac,FPT,linode_singapore,48.0,264.53,18,3,0
2026-09-17 19:03:27,Bac,FPT,cloudflare,288.0,14.66,19,3,1
2026-09-17 19:03:27,Bac,FPT,vultr_singapore,92.0,7.89,19,3,0
2026-09-17 19:03:27,Bac,FPT,vultr_seoul,104.0,22.83,19,3,0
2026-09-17 19:03:27,Bac,FPT,linode_singapore,69.0,4.51,19,3,0
2026-09-17 19:14:26,Bac,FPT,cloudflare,51.0,8.77,19,3,0
2026-09-17 19:14:26,Bac,FPT,vultr_singapore,64.0,10.42,19,3,0
2026-09-17 19:14:26,Bac,FPT,vultr_seoul,116.0,28.02,19,3,0
2026-09-17 19:14:26,Bac,FPT,linode_singapore,54.0,6.03,19,3,0
2026-09-17 19:25:30,Bac,FPT,cloudflare,55.0,14.49,19,3,0
2026-09-17 19:25:30,Bac,FPT,vultr_singapore,53.0,9.27,19,3,0
2026-09-17 19:25:30,Bac,FPT,vultr_seoul,628.0,27.82,19,3,1
2026-09-17 19:25:30,Bac,FPT,linode_singapore,52.0,6.6,19,3,0
2026-09-17 19:36:31,Bac,FPT,cloudflare,268.0,3.92,19,3,0
2026-09-17 19:36:31,Bac,FPT,vultr_singapore,52.0,8.79,19,3,0
2026-09-17 19:36:31,Bac,FPT,vultr_seoul,125.0,23.97,19,3,0
2026-09-17 19:36:31,Bac,FPT,linode_singapore,126.0,0.58,19,3,0
2026-09-17 19:47:34,Bac,FPT,cloudflare,92.0,9.38,19,3,0
2026-09-17 19:47:34,Bac,FPT,vultr_singapore,72.0,3.0,19,3,0
2026-09-17 19:47:34,Bac,FPT,vultr_seoul,168.0,1.16,19,3,0
2026-09-17 19:47:34,Bac,FPT,linode_singapore,148.0,1.67,19,3,0
2026-09-17 19:58:34,Bac,FPT,cloudflare,205.0,14.56,19,3,0
2026-09-17 19:58:34,Bac,FPT,vultr_singapore,41.0,8.07,19,3,0
2026-09-17 19:58:34,Bac,FPT,vultr_seoul,88.0,31.23,19,3,0
2026-09-17 19:58:34,Bac,FPT,linode_singapore,52.0,6.23,19,3,0
2026-09-17 20:09:33,Bac,FPT,cloudflare,50.0,15.54,20,3,0
2026-09-17 20:09:33,Bac,FPT,vultr_singapore,45.0,10.57,20,3,0
2026-09-17 20:09:33,Bac,FPT,vultr_seoul,92.0,32.79,20,3,0
2026-09-17 20:09:33,Bac,FPT,linode_singapore,52.0,7.47,20,3,0
2026-09-17 20:20:36,Bac,FPT,cloudflare,195.0,13.17,20,3,0
2026-09-17 20:20:36,Bac,FPT,vultr_singapore,45.0,5.96,20,3,0
2026-09-17 20:20:36,Bac,FPT,vultr_seoul,693.0,28.26,20,3,1
2026-09-17 20:20:36,Bac,FPT,linode_singapore,52.0,7.2,20,3,0
2026-09-17 20:31:42,Bac,FPT,cloudflare,56.0,14.68,20,3,0
2026-09-17 20:31:42,Bac,FPT,vultr_singapore,102.0,5.18,20,3,0
2026-09-17 20:31:42,Bac,FPT,vultr_seoul,1091.0,23.16,20,3,1
2026-09-17 20:31:42,Bac,FPT,linode_singapore,52.0,7.01,20,3,0
2026-09-17 20:42:44,Bac,FPT,cloudflare,50.0,5.5,20,3,0
2026-09-17 20:42:44,Bac,FPT,vultr_singapore,91.0,3.53,20,3,0
2026-09-17 20:42:44,Bac,FPT,vultr_seoul,91.0,7.89,20,3,0
2026-09-17 20:42:44,Bac,FPT,linode_singapore,53.0,5.29,20,3,0
2026-09-17 20:53:45,Bac,FPT,cloudflare,299.0,12.65,20,3,1
2026-09-17 20:53:45,Bac,FPT,vultr_singapore,333.0,4.27,20,3,0
2026-09-17 20:53:45,Bac,FPT,vultr_seoul,123.0,13.72,20,3,0
2026-09-17 20:53:45,Bac,FPT,linode_singapore,51.0,7.97,20,3,0
2026-09-17 21:04:51,Bac,FPT,cloudflare,167.0,0.74,21,3,0
2026-09-17 21:04:51,Bac,FPT,vultr_singapore,794.0,2.55,21,3,1
2026-09-17 21:04:51,Bac,FPT,vultr_seoul,93.0,26.33,21,3,0
2026-09-17 21:04:51,Bac,FPT,linode_singapore,50.0,7.73,21,3,0
2026-09-17 21:16:14,Bac,FPT,cloudflare,50.0,17.49,21,3,0
2026-09-17 21:16:14,Bac,FPT,vultr_singapore,42.0,11.25,21,3,0
2026-09-17 21:16:14,Bac,FPT,vultr_seoul,90.0,32.65,21,3,0
2026-09-17 21:16:14,Bac,FPT,linode_singapore,53.0,6.85,21,3,0
2026-09-17 21:27:13,Bac,FPT,cloudflare,1333.0,3.81,21,3,1
2026-09-17 21:27:13,Bac,FPT,vultr_singapore,62.0,11.1,21,3,0
2026-09-17 21:27:13,Bac,FPT,vultr_seoul,100.0,14.15,21,3,0
2026-09-17 21:27:13,Bac,FPT,linode_singapore,114.0,4.08,21,3,0
2026-09-17 21:38:18,Bac,FPT,cloudflare,55.0,14.15,21,3,0
2026-09-17 21:38:18,Bac,FPT,vultr_singapore,58.0,6.38,21,3,0
2026-09-17 21:38:18,Bac,FPT,vultr_seoul,93.0,25.27,21,3,0
2026-09-17 21:38:18,Bac,FPT,linode_singapore,153.0,5.14,21,3,0
2026-09-17 21:49:17,Bac,FPT,cloudflare,48.0,15.2,21,3,0
2026-09-17 21:49:17,Bac,FPT,vultr_singapore,51.0,9.51,21,3,0
2026-09-17 21:49:17,Bac,FPT,vultr_seoul,89.0,33.2,21,3,0
2026-09-17 21:49:17,Bac,FPT,linode_singapore,50.0,5.77,21,3,0
2026-09-17 22:00:16,Bac,FPT,cloudflare,53.0,14.95,22,3,0
2026-09-17 22:00:16,Bac,FPT,vultr_singapore,56.0,14.57,22,3,0
2026-09-17 22:00:16,Bac,FPT,vultr_seoul,124.0,24.31,22,3,0
2026-09-17 22:00:16,Bac,FPT,linode_singapore,65.0,4.15,22,3,0
2026-09-17 22:11:15,Bac,FPT,cloudflare,540.0,5.3,22,3,1
2026-09-17 22:11:15,Bac,FPT,vultr_singapore,293.0,1.23,22,3,0
2026-09-17 22:11:15,Bac,FPT,vultr_seoul,260.0,6.96,22,3,0
2026-09-17 22:11:15,Bac,FPT,linode_singapore,58.0,2.08,22,3,0
2026-09-17 22:22:26,Bac,FPT,cloudflare,49.0,10.69,22,3,0
2026-09-17 22:22:26,Bac,FPT,vultr_singapore,55.0,7.24,22,3,0
2026-09-17 22:22:26,Bac,FPT,vultr_seoul,96.0,32.74,22,3,0
2026-09-17 22:22:26,Bac,FPT,linode_singapore,52.0,6.23,22,3,0
2026-09-17 22:33:25,Bac,FPT,cloudflare,51.0,12.21,22,3,0
2026-09-17 22:33:25,Bac,FPT,vultr_singapore,51.0,6.14,22,3,0
2026-09-17 22:33:25,Bac,FPT,vultr_seoul,105.0,21.61,22,3,0
2026-09-17 22:33:25,Bac,FPT,linode_singapore,51.0,5.97,22,3,0
2026-09-17 23:06:03,Bac,FPT,cloudflare,62.0,26.9,23,3,0
2026-09-17 23:06:03,Bac,FPT,vultr_singapore,58.0,13.31,23,3,0
2026-09-17 23:06:03,Bac,FPT,vultr_seoul,134.0,79.26,23,3,0
2026-09-17 23:06:03,Bac,FPT,linode_singapore,129.0,30.14,23,3,0
2026-09-17 23:16:58,Bac,FPT,cloudflare,68.0,28.18,23,3,0
2026-09-17 23:16:58,Bac,FPT,vultr_singapore,52.0,13.75,23,3,0
2026-09-17 23:16:58,Bac,FPT,vultr_seoul,135.0,152.35,23,3,0
2026-09-17 23:16:58,Bac,FPT,linode_singapore,62.0,25.21,23,3,0
2026-09-17 23:27:47,Bac,FPT,cloudflare,63.0,27.54,23,3,0
2026-09-17 23:27:47,Bac,FPT,vultr_singapore,53.0,12.36,23,3,0
2026-09-17 23:27:47,Bac,FPT,vultr_seoul,170.0,149.81,23,3,0
2026-09-17 23:27:47,Bac,FPT,linode_singapore,75.0,23.44,23,3,0
2026-09-17 23:38:40,Bac,FPT,cloudflare,62.0,27.13,23,3,0
2026-09-17 23:38:40,Bac,FPT,vultr_singapore,59.0,10.26,23,3,0
2026-09-17 23:38:40,Bac,FPT,vultr_seoul,138.0,169.11,23,3,0
2026-09-17 23:38:40,Bac,FPT,linode_singapore,66.0,27.93,23,3,0
2026-09-17 23:49:28,Bac,FPT,cloudflare,59.0,26.88,23,3,0
2026-09-17 23:49:28,Bac,FPT,vultr_singapore,53.0,9.94,23,3,0
2026-09-17 23:49:28,Bac,FPT,vultr_seoul,135.0,167.44,23,3,0
2026-09-17 23:49:28,Bac,FPT,linode_singapore,64.0,24.02,23,3,0
2026-09-18 00:00:17,Bac,FPT,cloudflare,62.0,26.8,0,4,0
2026-09-18 00:00:17,Bac,FPT,vultr_singapore,53.0,12.29,0,4,0
2026-09-18 00:00:17,Bac,FPT,vultr_seoul,139.0,149.97,0,4,0
2026-09-18 00:00:17,Bac,FPT,linode_singapore,62.0,22.04,0,4,0
2026-09-18 00:11:06,Bac,FPT,cloudflare,66.0,23.03,0,4,0
2026-09-18 00:11:06,Bac,FPT,vultr_singapore,56.0,10.17,0,4,0
2026-09-18 00:11:06,Bac,FPT,vultr_seoul,139.0,157.24,0,4,0
2026-09-18 00:11:06,Bac,FPT,linode_singapore,62.0,21.21,0,4,0
2026-09-18 00:21:55,Bac,FPT,cloudflare,119.0,27.42,0,4,0
2026-09-18 00:21:55,Bac,FPT,vultr_singapore,53.0,10.93,0,4,0
2026-09-18 00:21:55,Bac,FPT,vultr_seoul,140.0,94.87,0,4,0
2026-09-18 00:21:55,Bac,FPT,linode_singapore,63.0,28.2,0,4,0
2026-09-18 09:44:05,Bac,FPT,cloudflare,58.0,29.36,9,4,0
2026-09-18 09:44:05,Bac,FPT,vultr_singapore,51.0,10.97,9,4,0
2026-09-18 09:44:05,Bac,FPT,vultr_seoul,133.0,165.14,9,4,0
2026-09-18 09:44:05,Bac,FPT,linode_singapore,61.0,27.61,9,4,0
2026-09-18 09:54:53,Bac,FPT,cloudflare,70.0,30.15,9,4,0
2026-09-18 09:54:53,Bac,FPT,vultr_singapore,52.0,14.07,9,4,0
2026-09-18 09:54:53,Bac,FPT,vultr_seoul,142.0,164.51,9,4,0
2026-09-18 09:54:53,Bac,FPT,linode_singapore,106.0,29.1,9,4,0
2026-09-18 10:05:42,Bac,FPT,cloudflare,60.0,24.53,10,4,0
2026-09-18 10:05:42,Bac,FPT,vultr_singapore,62.0,10.21,10,4,0
2026-09-18 10:05:42,Bac,FPT,vultr_seoul,135.0,119.27,10,4,0
2026-09-18 10:05:42,Bac,FPT,linode_singapore,61.0,22.99,10,4,0
2026-09-18 10:16:37,Bac,FPT,cloudflare,85.0,24.91,10,4,0
2026-09-18 10:16:37,Bac,FPT,vultr_singapore,57.0,13.01,10,4,0
2026-09-18 10:16:37,Bac,FPT,vultr_seoul,135.0,78.71,10,4,0
2026-09-18 10:16:37,Bac,FPT,linode_singapore,82.0,29.15,10,4,0
2026-09-18 10:27:31,Bac,FPT,cloudflare,60.0,28.9,10,4,0
2026-09-18 10:27:31,Bac,FPT,vultr_singapore,54.0,10.58,10,4,0
2026-09-18 10:27:31,Bac,FPT,vultr_seoul,131.0,155.12,10,4,0
2026-09-18 10:27:31,Bac,FPT,linode_singapore,78.0,25.7,10,4,0
2026-09-18 10:38:24,Bac,FPT,cloudflare,70.0,28.93,10,4,0
2026-09-18 10:38:24,Bac,FPT,vultr_singapore,55.0,13.15,10,4,0
2026-09-18 10:38:24,Bac,FPT,vultr_seoul,137.0,157.33,10,4,0
2026-09-18 10:38:24,Bac,FPT,linode_singapore,61.0,26.29,10,4,0
2026-09-18 10:49:16,Bac,FPT,cloudflare,59.0,31.47,10,4,0
2026-09-18 10:49:16,Bac,FPT,vultr_singapore,52.0,11.35,10,4,0
2026-09-18 10:49:16,Bac,FPT,vultr_seoul,135.0,69.5,10,4,0
2026-09-18 10:49:16,Bac,FPT,linode_singapore,61.0,25.85,10,4,0
2026-09-18 11:00:12,Bac,FPT,cloudflare,58.0,31.91,11,4,0
2026-09-18 11:00:12,Bac,FPT,vultr_singapore,52.0,14.13,11,4,0
2026-09-18 11:00:12,Bac,FPT,vultr_seoul,134.0,26.43,11,4,0
2026-09-18 11:00:12,Bac,FPT,linode_singapore,63.0,28.8,11,4,0
2026-09-18 11:11:10,Bac,FPT,cloudflare,59.0,31.29,11,4,0
2026-09-18 11:11:10,Bac,FPT,vultr_singapore,53.0,10.12,11,4,0
2026-09-18 11:11:10,Bac,FPT,vultr_seoul,133.0,162.42,11,4,0
2026-09-18 11:11:10,Bac,FPT,linode_singapore,61.0,27.8,11,4,0
2026-09-18 11:21:59,Bac,FPT,cloudflare,60.0,29.87,11,4,0
2026-09-18 11:21:59,Bac,FPT,vultr_singapore,53.0,9.43,11,4,0
2026-09-18 11:21:59,Bac,FPT,vultr_seoul,131.0,148.31,11,4,0
2026-09-18 11:21:59,Bac,FPT,linode_singapore,61.0,30.98,11,4,0
2026-09-18 11:32:48,Bac,FPT,cloudflare,61.0,29.78,11,4,0
2026-09-18 11:32:48,Bac,FPT,vultr_singapore,51.0,12.17,11,4,0
2026-09-18 11:32:48,Bac,FPT,vultr_seoul,133.0,133.69,11,4,0
2026-09-18 11:32:48,Bac,FPT,linode_singapore,63.0,28.18,11,4,0
2026-09-18 11:43:37,Bac,FPT,cloudflare,61.0,31.04,11,4,0
2026-09-18 11:43:37,Bac,FPT,vultr_singapore,51.0,13.51,11,4,0
2026-09-18 11:43:37,Bac,FPT,linode_singapore,62.0,25.27,11,4,0
2026-09-18 11:54:48,Bac,FPT,cloudflare,76.0,30.44,11,4,0
2026-09-18 11:54:48,Bac,FPT,vultr_singapore,54.0,13.42,11,4,0
2026-09-18 11:54:48,Bac,FPT,vultr_seoul,134.0,101.63,11,4,0
2026-09-18 11:54:48,Bac,FPT,linode_singapore,61.0,30.01,11,4,0
2026-09-18 12:05:39,Bac,FPT,cloudflare,60.0,30.57,12,4,0
2026-09-18 12:05:39,Bac,FPT,vultr_singapore,52.0,10.33,12,4,0
2026-09-18 12:05:39,Bac,FPT,vultr_seoul,133.0,153.38,12,4,0
2026-09-18 12:05:39,Bac,FPT,linode_singapore,61.0,24.41,12,4,0
2026-09-18 12:16:28,Bac,FPT,cloudflare,59.0,28.58,12,4,0
2026-09-18 12:16:28,Bac,FPT,vultr_singapore,52.0,10.01,12,4,0
2026-09-18 12:16:28,Bac,FPT,vultr_seoul,132.0,163.56,12,4,0
2026-09-18 12:16:28,Bac,FPT,linode_singapore,61.0,27.35,12,4,0
2026-09-18 12:27:17,Bac,FPT,cloudflare,59.0,28.12,12,4,0
2026-09-18 12:27:17,Bac,FPT,vultr_singapore,52.0,13.34,12,4,0
2026-09-18 12:27:17,Bac,FPT,vultr_seoul,134.0,175.54,12,4,0
2026-09-18 12:27:17,Bac,FPT,linode_singapore,62.0,24.21,12,4,0
2026-09-18 12:38:05,Bac,FPT,cloudflare,60.0,29.26,12,4,0
2026-09-18 12:38:05,Bac,FPT,vultr_singapore,53.0,13.58,12,4,0
2026-09-18 12:38:05,Bac,FPT,vultr_seoul,130.0,146.32,12,4,0
2026-09-18 12:38:05,Bac,FPT,linode_singapore,66.0,24.98,12,4,0
2026-09-18 12:48:54,Bac,FPT,cloudflare,59.0,33.57,12,4,0
2026-09-18 12:48:54,Bac,FPT,vultr_singapore,54.0,10.34,12,4,0
2026-09-18 12:48:54,Bac,FPT,vultr_seoul,132.0,102.82,12,4,0
2026-09-18 12:48:54,Bac,FPT,linode_singapore,62.0,33.19,12,4,0
2026-09-18 12:59:45,Bac,FPT,cloudflare,60.0,31.4,12,4,0
2026-09-18 12:59:45,Bac,FPT,vultr_singapore,52.0,10.07,12,4,0
2026-09-18 12:59:45,Bac,FPT,vultr_seoul,137.0,100.6,12,4,0
2026-09-18 12:59:45,Bac,FPT,linode_singapore,61.0,29.1,12,4,0
2026-09-18 13:10:37,Bac,FPT,cloudflare,59.0,31.38,13,4,0
2026-09-18 13:10:37,Bac,FPT,vultr_singapore,52.0,9.64,13,4,0
2026-09-18 13:10:37,Bac,FPT,vultr_seoul,133.0,112.31,13,4,0
2026-09-18 13:10:37,Bac,FPT,linode_singapore,61.0,26.5,13,4,0
2026-09-18 13:21:28,Bac,FPT,cloudflare,58.0,29.37,13,4,0
2026-09-18 13:21:28,Bac,FPT,vultr_singapore,52.0,134.2,13,4,0
2026-09-18 13:21:28,Bac,FPT,vultr_seoul,134.0,158.24,13,4,0
2026-09-18 13:21:28,Bac,FPT,linode_singapore,62.0,31.91,13,4,0
2026-09-18 13:32:08,Bac,FPT,cloudflare,58.0,30.62,13,4,0
2026-09-18 13:32:08,Bac,FPT,vultr_singapore,53.0,13.38,13,4,0
2026-09-18 13:32:08,Bac,FPT,vultr_seoul,137.0,148.85,13,4,0
2026-09-18 13:32:08,Bac,FPT,linode_singapore,62.0,27.24,13,4,0
2026-09-18 13:42:57,Bac,FPT,cloudflare,59.0,24.43,13,4,0
2026-09-18 13:42:57,Bac,FPT,vultr_singapore,52.0,13.5,13,4,0
2026-09-18 13:42:57,Bac,FPT,vultr_seoul,132.0,110.24,13,4,0
2026-09-18 13:42:57,Bac,FPT,linode_singapore,61.0,26.41,13,4,0
2026-09-18 13:53:48,Bac,FPT,cloudflare,58.0,31.86,13,4,0
2026-09-18 13:53:48,Bac,FPT,vultr_singapore,51.0,11.05,13,4,0
2026-09-18 13:53:48,Bac,FPT,vultr_seoul,134.0,104.75,13,4,0
2026-09-18 13:53:48,Bac,FPT,linode_singapore,62.0,25.85,13,4,0
2026-09-18 14:04:39,Bac,FPT,cloudflare,59.0,29.35,14,4,0
2026-09-18 14:04:39,Bac,FPT,vultr_singapore,54.0,14.13,14,4,0
2026-09-18 14:04:39,Bac,FPT,vultr_seoul,187.0,76.03,14,4,0
2026-09-18 14:04:39,Bac,FPT,linode_singapore,65.0,27.54,14,4,0
2026-09-18 14:15:33,Bac,FPT,cloudflare,59.0,34.02,14,4,0
2026-09-18 14:15:33,Bac,FPT,vultr_singapore,52.0,108.65,14,4,0
2026-09-18 14:15:33,Bac,FPT,vultr_seoul,137.0,158.37,14,4,0
2026-09-18 14:15:33,Bac,FPT,linode_singapore,61.0,29.08,14,4,0
2026-09-18 14:26:15,Bac,FPT,cloudflare,58.0,30.08,14,4,0
2026-09-18 14:26:15,Bac,FPT,vultr_singapore,53.0,46.63,14,4,0
2026-09-18 14:26:15,Bac,FPT,vultr_seoul,137.0,151.38,14,4,0
2026-09-18 14:26:15,Bac,FPT,linode_singapore,60.0,28.14,14,4,0
2026-09-18 14:37:04,Bac,FPT,cloudflare,59.0,25.54,14,4,0
2026-09-18 14:37:04,Bac,FPT,vultr_singapore,55.0,10.68,14,4,0
2026-09-18 14:37:04,Bac,FPT,vultr_seoul,139.0,155.55,14,4,0
2026-09-18 14:37:04,Bac,FPT,linode_singapore,63.0,27.26,14,4,0
2026-09-18 14:47:52,Bac,FPT,cloudflare,59.0,29.54,14,4,0
2026-09-18 14:47:52,Bac,FPT,vultr_singapore,52.0,11.82,14,4,0
2026-09-18 14:47:52,Bac,FPT,vultr_seoul,134.0,156.07,14,4,0
2026-09-18 14:47:52,Bac,FPT,linode_singapore,67.0,36.1,14,4,0
2026-09-18 14:58:41,Bac,FPT,cloudflare,58.0,30.28,14,4,0
2026-09-18 14:58:41,Bac,FPT,vultr_singapore,52.0,48.33,14,4,0
2026-09-18 14:58:41,Bac,FPT,vultr_seoul,137.0,125.66,14,4,0
2026-09-18 14:58:41,Bac,FPT,linode_singapore,63.0,27.27,14,4,0
2026-09-18 15:09:31,Bac,FPT,cloudflare,58.0,28.05,15,4,0
2026-09-18 15:09:31,Bac,FPT,vultr_singapore,53.0,32.34,15,4,0
2026-09-18 15:09:31,Bac,FPT,vultr_seoul,143.0,143.03,15,4,0
2026-09-18 15:09:31,Bac,FPT,linode_singapore,62.0,32.14,15,4,0
2026-09-18 15:20:21,Bac,FPT,cloudflare,59.0,28.03,15,4,0
2026-09-18 15:20:21,Bac,FPT,vultr_singapore,55.0,10.12,15,4,0
2026-09-18 15:20:21,Bac,FPT,vultr_seoul,131.0,98.56,15,4,0
2026-09-18 15:20:21,Bac,FPT,linode_singapore,62.0,32.92,15,4,0
2026-09-18 15:31:13,Bac,FPT,cloudflare,59.0,32.39,15,4,0
2026-09-18 15:31:13,Bac,FPT,vultr_singapore,53.0,12.57,15,4,0
2026-09-18 15:31:13,Bac,FPT,vultr_seoul,132.0,126.19,15,4,0
2026-09-18 15:31:13,Bac,FPT,linode_singapore,62.0,25.88,15,4,0
2026-09-18 15:42:02,Bac,FPT,cloudflare,59.0,29.23,15,4,0
2026-09-18 15:42:02,Bac,FPT,vultr_singapore,53.0,11.9,15,4,0
2026-09-18 15:42:02,Bac,FPT,vultr_seoul,134.0,164.61,15,4,0
2026-09-18 15:42:02,Bac,FPT,linode_singapore,62.0,31.1,15,4,0
2026-09-18 15:52:51,Bac,FPT,cloudflare,59.0,30.64,15,4,0
2026-09-18 15:52:51,Bac,FPT,vultr_singapore,56.0,11.67,15,4,0
2026-09-18 15:52:51,Bac,FPT,vultr_seoul,132.0,142.17,15,4,0
2026-09-18 15:52:51,Bac,FPT,linode_singapore,61.0,27.92,15,4,0
2026-09-18 16:03:40,Bac,FPT,cloudflare,59.0,28.64,16,4,0
2026-09-18 16:03:40,Bac,FPT,vultr_singapore,52.0,12.39,16,4,0
2026-09-18 16:03:40,Bac,FPT,vultr_seoul,134.0,152.79,16,4,0
2026-09-18 16:03:40,Bac,FPT,linode_singapore,61.0,29.75,16,4,0
2026-09-18 16:14:29,Bac,FPT,cloudflare,58.0,30.08,16,4,0
2026-09-18 16:14:29,Bac,FPT,vultr_singapore,53.0,66.36,16,4,0
2026-09-18 16:14:29,Bac,FPT,vultr_seoul,137.0,91.92,16,4,0
2026-09-18 16:14:29,Bac,FPT,linode_singapore,62.0,28.76,16,4,0
2026-09-18 16:25:19,Bac,FPT,cloudflare,58.0,29.42,16,4,0
2026-09-18 16:25:19,Bac,FPT,vultr_singapore,52.0,13.0,16,4,0
2026-09-18 16:25:19,Bac,FPT,vultr_seoul,137.0,156.82,16,4,0
2026-09-18 16:25:19,Bac,FPT,linode_singapore,61.0,23.02,16,4,0
2026-09-18 16:36:08,Bac,FPT,cloudflare,59.0,29.46,16,4,0
2026-09-18 16:36:08,Bac,FPT,vultr_singapore,54.0,9.96,16,4,0
2026-09-18 16:36:08,Bac,FPT,vultr_seoul,135.0,82.21,16,4,0
2026-09-18 16:36:08,Bac,FPT,linode_singapore,62.0,25.08,16,4,0
2026-09-18 16:47:01,Bac,FPT,cloudflare,60.0,28.94,16,4,0
2026-09-18 16:47:01,Bac,FPT,vultr_singapore,53.0,12.11,16,4,0
2026-09-18 16:47:01,Bac,FPT,vultr_seoul,131.0,99.16,16,4,0
2026-09-18 16:47:01,Bac,FPT,linode_singapore,67.0,30.19,16,4,0
2026-09-18 16:57:53,Bac,FPT,cloudflare,61.0,28.9,16,4,0
2026-09-18 16:57:53,Bac,FPT,vultr_singapore,57.0,12.31,16,4,0
2026-09-18 16:57:53,Bac,FPT,vultr_seoul,140.0,152.73,16,4,0
2026-09-18 16:57:53,Bac,FPT,linode_singapore,80.0,29.66,16,4,0
2026-09-18 17:08:42,Bac,FPT,cloudflare,64.0,32.88,17,4,0
2026-09-18 17:08:42,Bac,FPT,vultr_singapore,54.0,13.27,17,4,0
2026-09-18 17:08:42,Bac,FPT,vultr_seoul,137.0,145.19,17,4,0
2026-09-18 17:08:42,Bac,FPT,linode_singapore,102.0,29.14,17,4,0
2026-09-18 17:19:35,Bac,FPT,cloudflare,60.0,28.57,17,4,0
2026-09-18 17:19:35,Bac,FPT,vultr_singapore,53.0,9.7,17,4,0
2026-09-18 17:19:35,Bac,FPT,vultr_seoul,138.0,139.85,17,4,0
2026-09-18 17:19:35,Bac,FPT,linode_singapore,69.0,29.97,17,4,0
2026-09-18 17:30:25,Bac,FPT,cloudflare,67.0,25.65,17,4,0
2026-09-18 17:30:25,Bac,FPT,vultr_singapore,67.0,12.71,17,4,0
2026-09-18 17:30:25,Bac,FPT,vultr_seoul,150.0,86.74,17,4,0
2026-09-18 17:30:25,Bac,FPT,linode_singapore,63.0,26.62,17,4,0
2026-09-18 17:41:18,Bac,FPT,cloudflare,93.0,30.61,17,4,0
2026-09-18 17:41:18,Bac,FPT,vultr_singapore,55.0,10.61,17,4,0
2026-09-18 17:41:18,Bac,FPT,vultr_seoul,133.0,149.35,17,4,0
2026-09-18 17:41:18,Bac,FPT,linode_singapore,63.0,31.72,17,4,0
2026-09-18 17:52:11,Bac,FPT,cloudflare,59.0,33.39,17,4,0
2026-09-18 17:52:11,Bac,FPT,vultr_singapore,56.0,10.36,17,4,0
2026-09-18 17:52:11,Bac,FPT,vultr_seoul,135.0,96.6,17,4,0
2026-09-18 17:52:11,Bac,FPT,linode_singapore,61.0,26.07,17,4,0
2026-09-18 18:03:07,Bac,FPT,cloudflare,62.0,23.28,18,4,0
2026-09-18 18:03:07,Bac,FPT,vultr_singapore,54.0,14.34,18,4,0
2026-09-18 18:03:07,Bac,FPT,vultr_seoul,133.0,140.57,18,4,0
2026-09-18 18:03:07,Bac,FPT,linode_singapore,61.0,26.38,18,4,0
2026-09-18 18:14:01,Bac,FPT,cloudflare,105.0,29.68,18,4,0
2026-09-18 18:14:01,Bac,FPT,vultr_singapore,55.0,9.68,18,4,0
2026-09-18 18:14:01,Bac,FPT,vultr_seoul,144.0,96.23,18,4,0
2026-09-18 18:14:01,Bac,FPT,linode_singapore,88.0,17.84,18,4,0
2026-09-18 18:24:53,Bac,FPT,cloudflare,64.0,30.32,18,4,0
2026-09-18 18:24:53,Bac,FPT,vultr_singapore,53.0,12.83,18,4,0
2026-09-18 18:24:53,Bac,FPT,vultr_seoul,135.0,157.71,18,4,0
2026-09-18 18:24:53,Bac,FPT,linode_singapore,65.0,23.68,18,4,0
2026-09-18 18:35:42,Bac,FPT,cloudflare,148.0,27.07,18,4,0
2026-09-18 18:35:42,Bac,FPT,vultr_singapore,54.0,12.92,18,4,0
2026-09-18 18:35:42,Bac,FPT,vultr_seoul,132.0,39.26,18,4,0
2026-09-18 18:35:42,Bac,FPT,linode_singapore,66.0,25.08,18,4,0
2026-09-18 18:46:48,Bac,FPT,cloudflare,61.0,26.6,18,4,0
2026-09-18 18:46:48,Bac,FPT,vultr_singapore,53.0,13.77,18,4,0
2026-09-18 18:46:48,Bac,FPT,vultr_seoul,137.0,67.95,18,4,0
2026-09-18 18:46:48,Bac,FPT,linode_singapore,64.0,29.63,18,4,0
2026-09-18 18:57:44,Bac,FPT,cloudflare,62.0,27.95,18,4,0
2026-09-18 18:57:44,Bac,FPT,vultr_singapore,54.0,8.88,18,4,0
2026-09-18 18:57:44,Bac,FPT,vultr_seoul,138.0,157.85,18,4,0
2026-09-18 18:57:44,Bac,FPT,linode_singapore,95.0,31.17,18,4,0
2026-09-18 19:08:33,Bac,FPT,cloudflare,61.0,28.82,19,4,0
2026-09-18 19:08:33,Bac,FPT,vultr_singapore,66.0,22.13,19,4,0
2026-09-18 19:08:33,Bac,FPT,vultr_seoul,133.0,173.16,19,4,0
2026-09-18 19:08:33,Bac,FPT,linode_singapore,63.0,29.01,19,4,0
2026-09-18 19:19:29,Bac,FPT,cloudflare,61.0,29.8,19,4,0
2026-09-18 19:19:29,Bac,FPT,vultr_singapore,53.0,73.57,19,4,0
2026-09-18 19:19:29,Bac,FPT,vultr_seoul,132.0,158.54,19,4,0
2026-09-18 19:19:29,Bac,FPT,linode_singapore,64.0,23.36,19,4,0
2026-09-18 19:30:14,Bac,FPT,cloudflare,72.0,28.2,19,4,0
2026-09-18 19:30:14,Bac,FPT,vultr_singapore,52.0,13.43,19,4,0
2026-09-18 19:30:14,Bac,FPT,vultr_seoul,172.0,108.82,19,4,0
2026-09-18 19:30:14,Bac,FPT,linode_singapore,94.0,28.34,19,4,0
2026-09-18 19:41:06,Bac,FPT,cloudflare,59.0,29.09,19,4,0
2026-09-18 19:41:06,Bac,FPT,vultr_singapore,52.0,74.4,19,4,0
2026-09-18 19:41:06,Bac,FPT,vultr_seoul,132.0,111.4,19,4,0
2026-09-18 19:41:06,Bac,FPT,linode_singapore,64.0,26.81,19,4,0
2026-09-18 19:51:53,Bac,FPT,cloudflare,59.0,29.74,19,4,0
2026-09-18 19:51:53,Bac,FPT,vultr_singapore,54.0,12.49,19,4,0
2026-09-18 19:51:53,Bac,FPT,vultr_seoul,134.0,156.19,19,4,0
2026-09-18 19:51:53,Bac,FPT,linode_singapore,64.0,36.76,19,4,0
2026-09-18 20:02:42,Bac,FPT,cloudflare,58.0,33.77,20,4,0
2026-09-18 20:02:42,Bac,FPT,vultr_singapore,53.0,7.8,20,4,0
2026-09-18 20:02:42,Bac,FPT,vultr_seoul,131.0,153.59,20,4,0
2026-09-18 20:02:42,Bac,FPT,linode_singapore,62.0,21.44,20,4,0
2026-09-18 20:13:30,Bac,FPT,cloudflare,61.0,30.82,20,4,0
2026-09-18 20:13:30,Bac,FPT,vultr_singapore,56.0,3.74,20,4,0
2026-09-18 20:13:30,Bac,FPT,vultr_seoul,136.0,93.43,20,4,0
2026-09-18 20:13:30,Bac,FPT,linode_singapore,59.0,27.93,20,4,0
2026-09-18 20:24:23,Bac,FPT,cloudflare,62.0,27.12,20,4,0
2026-09-18 20:24:23,Bac,FPT,vultr_singapore,56.0,57.86,20,4,0
2026-09-18 20:24:23,Bac,FPT,vultr_seoul,138.0,145.55,20,4,0
2026-09-18 20:24:23,Bac,FPT,linode_singapore,66.0,25.51,20,4,0
2026-09-18 20:35:11,Bac,FPT,cloudflare,61.0,30.52,20,4,0
2026-09-18 20:35:11,Bac,FPT,vultr_singapore,54.0,6.87,20,4,0
2026-09-18 20:35:11,Bac,FPT,vultr_seoul,132.0,126.03,20,4,0
2026-09-18 20:35:11,Bac,FPT,linode_singapore,62.0,23.62,20,4,0
2026-09-18 20:46:01,Bac,FPT,cloudflare,61.0,20.91,20,4,0
2026-09-18 20:46:01,Bac,FPT,vultr_singapore,53.0,11.53,20,4,0
2026-09-18 20:46:01,Bac,FPT,vultr_seoul,134.0,94.84,20,4,0
2026-09-18 20:46:01,Bac,FPT,linode_singapore,66.0,26.36,20,4,0
2026-09-18 20:56:54,Bac,FPT,cloudflare,63.0,30.29,20,4,0
2026-09-18 20:56:54,Bac,FPT,vultr_singapore,52.0,12.6,20,4,0
2026-09-18 20:56:54,Bac,FPT,vultr_seoul,132.0,130.0,20,4,0
2026-09-18 20:56:54,Bac,FPT,linode_singapore,60.0,26.24,20,4,0
2026-09-18 21:07:44,Bac,FPT,cloudflare,61.0,25.37,21,4,0
2026-09-18 21:07:44,Bac,FPT,vultr_singapore,55.0,9.8,21,4,0
2026-09-18 21:07:44,Bac,FPT,vultr_seoul,135.0,145.93,21,4,0
2026-09-18 21:07:44,Bac,FPT,linode_singapore,65.0,30.29,21,4,0
2026-09-18 21:18:33,Bac,FPT,cloudflare,84.0,30.62,21,4,0
2026-09-18 21:18:33,Bac,FPT,vultr_singapore,53.0,12.19,21,4,0
2026-09-18 21:18:33,Bac,FPT,vultr_seoul,135.0,106.36,21,4,0
2026-09-18 21:18:33,Bac,FPT,linode_singapore,64.0,29.9,21,4,0
2026-09-18 21:29:24,Bac,FPT,cloudflare,61.0,27.01,21,4,0
2026-09-18 21:29:24,Bac,FPT,vultr_singapore,54.0,13.18,21,4,0
2026-09-18 21:29:24,Bac,FPT,vultr_seoul,134.0,128.78,21,4,0
2026-09-18 21:29:24,Bac,FPT,linode_singapore,63.0,24.46,21,4,0
2026-09-18 21:40:14,Bac,FPT,cloudflare,59.0,27.86,21,4,0
2026-09-18 21:40:14,Bac,FPT,vultr_singapore,56.0,13.04,21,4,0
2026-09-18 21:40:14,Bac,FPT,vultr_seoul,143.0,105.84,21,4,0
2026-09-18 21:40:14,Bac,FPT,linode_singapore,62.0,29.34,21,4,0
2026-09-18 21:51:05,Bac,FPT,cloudflare,62.0,28.83,21,4,0
2026-09-18 21:51:05,Bac,FPT,vultr_singapore,54.0,13.84,21,4,0
2026-09-18 21:51:05,Bac,FPT,vultr_seoul,134.0,78.43,21,4,0
2026-09-18 21:51:05,Bac,FPT,linode_singapore,67.0,27.16,21,4,0
2026-09-18 22:01:59,Bac,FPT,cloudflare,60.0,27.75,22,4,0
2026-09-18 22:01:59,Bac,FPT,vultr_singapore,54.0,13.4,22,4,0
2026-09-18 22:01:59,Bac,FPT,vultr_seoul,136.0,44.77,22,4,0
2026-09-18 22:01:59,Bac,FPT,linode_singapore,65.0,30.36,22,4,0
2026-09-18 22:12:58,Bac,FPT,cloudflare,62.0,32.0,22,4,0
2026-09-18 22:12:58,Bac,FPT,vultr_singapore,53.0,9.67,22,4,0
2026-09-18 22:12:58,Bac,FPT,vultr_seoul,138.0,94.22,22,4,0
2026-09-18 22:12:58,Bac,FPT,linode_singapore,63.0,26.65,22,4,0
2026-09-18 22:23:50,Bac,FPT,cloudflare,61.0,28.52,22,4,0
2026-09-18 22:23:50,Bac,FPT,vultr_singapore,55.0,109.09,22,4,0
2026-09-18 22:23:50,Bac,FPT,vultr_seoul,134.0,95.62,22,4,0
2026-09-18 22:23:50,Bac,FPT,linode_singapore,68.0,32.35,22,4,0
2026-09-18 22:34:35,Bac,FPT,cloudflare,60.0,32.02,22,4,0
2026-09-18 22:34:35,Bac,FPT,vultr_singapore,54.0,45.75,22,4,0
2026-09-18 22:34:35,Bac,FPT,vultr_seoul,136.0,139.89,22,4,0
2026-09-18 22:34:35,Bac,FPT,linode_singapore,68.0,27.31,22,4,0
2026-09-18 22:45:24,Bac,FPT,cloudflare,60.0,32.14,22,4,0
2026-09-18 22:45:24,Bac,FPT,vultr_singapore,52.0,105.74,22,4,0
2026-09-18 22:45:24,Bac,FPT,vultr_seoul,138.0,162.7,22,4,0
2026-09-18 22:45:24,Bac,FPT,linode_singapore,64.0,26.55,22,4,0
2026-09-18 22:56:05,Bac,FPT,cloudflare,61.0,30.88,22,4,0
2026-09-18 22:56:05,Bac,FPT,vultr_singapore,52.0,100.95,22,4,0
2026-09-18 22:56:05,Bac,FPT,vultr_seoul,136.0,156.24,22,4,0
2026-09-18 22:56:05,Bac,FPT,linode_singapore,64.0,25.19,22,4,0
2026-09-18 23:06:47,Bac,FPT,cloudflare,62.0,30.95,23,4,0
2026-09-18 23:06:47,Bac,FPT,vultr_singapore,68.0,21.68,23,4,0
2026-09-18 23:06:47,Bac,FPT,vultr_seoul,159.0,90.19,23,4,0
2026-09-18 23:06:47,Bac,FPT,linode_singapore,79.0,19.7,23,4,0
2026-09-18 23:17:48,Bac,FPT,cloudflare,67.0,27.41,23,4,0
2026-09-18 23:17:48,Bac,FPT,vultr_singapore,54.0,12.87,23,4,0
2026-09-18 23:17:48,Bac,FPT,vultr_seoul,153.0,93.82,23,4,0
2026-09-18 23:17:48,Bac,FPT,linode_singapore,68.0,26.04,23,4,0
2026-09-18 23:28:44,Bac,FPT,cloudflare,59.0,28.19,23,4,0
2026-09-18 23:28:44,Bac,FPT,vultr_singapore,55.0,11.16,23,4,0
2026-09-18 23:28:44,Bac,FPT,vultr_seoul,147.0,134.25,23,4,0
2026-09-18 23:28:44,Bac,FPT,linode_singapore,63.0,27.53,23,4,0
2026-09-21 11:44:57,Bac,FPT,cloudflare,58.0,30.23,11,0,0
2026-09-21 11:44:57,Bac,FPT,vultr_singapore,55.0,12.08,11,0,0
2026-09-21 11:44:57,Bac,FPT,vultr_seoul,134.0,139.77,11,0,0
2026-09-21 11:44:57,Bac,FPT,linode_singapore,53.0,23.28,11,0,0
2026-09-21 11:55:47,Bac,FPT,cloudflare,59.0,33.14,11,0,0
2026-09-21 11:55:47,Bac,FPT,vultr_singapore,55.0,12.93,11,0,0
2026-09-21 11:55:47,Bac,FPT,vultr_seoul,139.0,165.34,11,0,0
2026-09-21 11:55:47,Bac,FPT,linode_singapore,53.0,26.42,11,0,0
2026-09-21 12:06:35,Bac,FPT,cloudflare,80.0,13.73,12,0,0
2026-09-21 12:06:35,Bac,FPT,vultr_singapore,65.0,12.33,12,0,0
2026-09-21 12:06:35,Bac,FPT,vultr_seoul,136.0,155.36,12,0,0
2026-09-21 12:06:35,Bac,FPT,linode_singapore,52.0,26.3,12,0,0
2026-09-21 12:17:37,Bac,FPT,cloudflare,65.0,29.88,12,0,0
2026-09-21 12:17:37,Bac,FPT,vultr_singapore,53.0,10.96,12,0,0
2026-09-21 12:17:37,Bac,FPT,vultr_seoul,145.0,116.68,12,0,0
2026-09-21 12:17:37,Bac,FPT,linode_singapore,52.0,23.42,12,0,0
2026-09-21 12:28:35,Bac,FPT,cloudflare,66.0,32.61,12,0,0
2026-09-21 12:28:35,Bac,FPT,vultr_singapore,58.0,11.9,12,0,0
2026-09-21 12:28:35,Bac,FPT,vultr_seoul,139.0,157.83,12,0,0
2026-09-21 12:28:35,Bac,FPT,linode_singapore,52.0,29.31,12,0,0
2026-09-21 12:39:27,Bac,FPT,cloudflare,52.0,30.97,12,0,0
2026-09-21 12:39:27,Bac,FPT,vultr_singapore,40.0,16.34,12,0,0
2026-09-21 12:39:27,Bac,FPT,vultr_seoul,136.0,148.38,12,0,0
2026-09-21 12:39:27,Bac,FPT,linode_singapore,77.0,30.16,12,0,0
2026-09-21 12:50:16,Bac,FPT,cloudflare,51.0,30.39,12,0,0
2026-09-21 12:50:16,Bac,FPT,vultr_singapore,47.0,18.95,12,0,0
2026-09-21 12:50:16,Bac,FPT,vultr_seoul,138.0,140.96,12,0,0
2026-09-21 12:50:16,Bac,FPT,linode_singapore,57.0,35.43,12,0,0
2026-09-21 13:01:13,Bac,FPT,cloudflare,53.0,30.31,13,0,0
2026-09-21 13:01:13,Bac,FPT,vultr_singapore,40.0,12.74,13,0,0
2026-09-21 13:01:13,Bac,FPT,vultr_seoul,139.0,150.8,13,0,0
2026-09-21 13:01:13,Bac,FPT,linode_singapore,65.0,30.93,13,0,0
2026-09-21 13:12:02,Bac,FPT,cloudflare,53.0,29.81,13,0,0
2026-09-21 13:12:02,Bac,FPT,vultr_singapore,49.0,38.25,13,0,0
2026-09-21 13:12:02,Bac,FPT,vultr_seoul,171.0,93.17,13,0,0
2026-09-21 13:12:02,Bac,FPT,linode_singapore,50.0,28.54,13,0,0
2026-09-21 13:22:55,Bac,FPT,cloudflare,51.0,29.7,13,0,0
2026-09-21 13:22:55,Bac,FPT,vultr_singapore,44.0,12.47,13,0,0
2026-09-21 13:22:55,Bac,FPT,vultr_seoul,139.0,144.52,13,0,0
2026-09-21 13:22:55,Bac,FPT,linode_singapore,49.0,26.94,13,0,0
2026-09-21 13:33:44,Bac,FPT,cloudflare,54.0,29.39,13,0,0
2026-09-21 13:33:44,Bac,FPT,vultr_singapore,41.0,62.7,13,0,0
2026-09-21 13:33:44,Bac,FPT,vultr_seoul,139.0,171.93,13,0,0
2026-09-21 13:33:44,Bac,FPT,linode_singapore,51.0,33.49,13,0,0
2026-09-21 13:44:31,Bac,FPT,cloudflare,53.0,29.99,13,0,0
2026-09-21 13:44:31,Bac,FPT,vultr_singapore,90.0,12.6,13,0,0
2026-09-21 13:44:31,Bac,FPT,vultr_seoul,140.0,160.09,13,0,0
2026-09-21 13:44:31,Bac,FPT,linode_singapore,52.0,32.13,13,0,0
2026-09-21 13:55:20,Bac,FPT,cloudflare,77.0,29.41,13,0,0
2026-09-21 13:55:20,Bac,FPT,vultr_singapore,43.0,17.69,13,0,0
2026-09-21 13:55:20,Bac,FPT,vultr_seoul,136.0,143.8,13,0,0
2026-09-21 13:55:20,Bac,FPT,linode_singapore,51.0,26.68,13,0,0
2026-09-21 14:06:14,Bac,FPT,cloudflare,56.0,29.37,14,0,0
2026-09-21 14:06:14,Bac,FPT,vultr_singapore,48.0,13.01,14,0,0
2026-09-21 14:06:14,Bac,FPT,vultr_seoul,141.0,146.31,14,0,0
2026-09-21 14:06:14,Bac,FPT,linode_singapore,70.0,18.86,14,0,0
2026-09-21 14:17:03,Bac,FPT,cloudflare,75.0,30.79,14,0,0
2026-09-21 14:17:03,Bac,FPT,vultr_singapore,58.0,15.29,14,0,0
2026-09-21 14:17:03,Bac,FPT,vultr_seoul,149.0,153.22,14,0,0
2026-09-21 14:17:03,Bac,FPT,linode_singapore,51.0,30.38,14,0,0
2026-09-21 14:27:52,Bac,FPT,cloudflare,53.0,21.58,14,0,0
2026-09-21 14:27:52,Bac,FPT,vultr_singapore,42.0,17.84,14,0,0
2026-09-21 14:27:52,Bac,FPT,vultr_seoul,136.0,149.4,14,0,0
2026-09-21 14:27:52,Bac,FPT,linode_singapore,51.0,23.94,14,0,0
2026-09-21 14:38:42,Bac,FPT,cloudflare,52.0,18.19,14,0,0
2026-09-21 14:38:42,Bac,FPT,vultr_singapore,42.0,12.63,14,0,0
2026-09-21 14:38:42,Bac,FPT,vultr_seoul,134.0,152.15,14,0,0
2026-09-21 14:38:42,Bac,FPT,linode_singapore,56.0,24.37,14,0,0
2026-09-21 14:49:38,Bac,FPT,cloudflare,63.0,30.48,14,0,0
2026-09-21 14:49:38,Bac,FPT,vultr_singapore,43.0,164.76,14,0,0
2026-09-21 14:49:38,Bac,FPT,vultr_seoul,144.0,119.69,14,0,0
2026-09-21 14:49:38,Bac,FPT,linode_singapore,82.0,24.98,14,0,0
2026-09-21 15:00:22,Bac,FPT,cloudflare,111.0,25.82,15,0,0
2026-09-21 15:00:22,Bac,FPT,vultr_singapore,43.0,11.4,15,0,0
2026-09-21 15:00:22,Bac,FPT,vultr_seoul,168.0,113.34,15,0,0
2026-09-21 15:00:22,Bac,FPT,linode_singapore,51.0,24.76,15,0,0
2026-09-21 15:11:14,Bac,FPT,cloudflare,52.0,30.07,15,0,0
2026-09-21 15:11:14,Bac,FPT,vultr_singapore,42.0,12.71,15,0,0
2026-09-21 15:11:14,Bac,FPT,vultr_seoul,166.0,165.52,15,0,0
2026-09-21 15:11:14,Bac,FPT,linode_singapore,54.0,25.2,15,0,0
2026-09-21 15:22:02,Bac,FPT,cloudflare,84.0,31.49,15,0,0
2026-09-21 15:22:02,Bac,FPT,vultr_singapore,44.0,17.5,15,0,0
2026-09-21 15:22:02,Bac,FPT,vultr_seoul,134.0,111.86,15,0,0
2026-09-21 15:22:02,Bac,FPT,linode_singapore,52.0,22.09,15,0,0
2026-09-21 15:32:57,Bac,FPT,cloudflare,60.0,30.8,15,0,0
2026-09-21 15:32:57,Bac,FPT,vultr_singapore,42.0,19.04,15,0,0
2026-09-21 15:32:57,Bac,FPT,vultr_seoul,141.0,68.63,15,0,0
2026-09-21 15:32:57,Bac,FPT,linode_singapore,51.0,24.29,15,0,0
2026-09-21 15:43:53,Bac,FPT,cloudflare,56.0,31.16,15,0,0
2026-09-21 15:43:53,Bac,FPT,vultr_singapore,44.0,13.2,15,0,0
2026-09-21 15:43:53,Bac,FPT,vultr_seoul,231.0,116.72,15,0,0
2026-09-21 15:43:53,Bac,FPT,linode_singapore,52.0,26.4,15,0,0
2026-09-21 15:54:48,Bac,FPT,cloudflare,59.0,25.53,15,0,0
2026-09-21 15:54:48,Bac,FPT,vultr_singapore,46.0,75.08,15,0,0
2026-09-21 15:54:48,Bac,FPT,vultr_seoul,138.0,157.4,15,0,0
2026-09-21 15:54:48,Bac,FPT,linode_singapore,51.0,25.88,15,0,0
2026-09-21 16:05:33,Bac,FPT,cloudflare,53.0,29.97,16,0,0
2026-09-21 16:05:33,Bac,FPT,vultr_singapore,41.0,13.41,16,0,0
2026-09-21 16:05:33,Bac,FPT,vultr_seoul,138.0,123.07,16,0,0
2026-09-21 16:05:33,Bac,FPT,linode_singapore,53.0,25.77,16,0,0
2026-09-21 16:16:27,Bac,FPT,cloudflare,51.0,25.24,16,0,0
2026-09-21 16:16:27,Bac,FPT,vultr_singapore,89.0,17.91,16,0,0
2026-09-21 16:16:27,Bac,FPT,vultr_seoul,133.0,136.19,16,0,0
2026-09-21 16:16:27,Bac,FPT,linode_singapore,74.0,25.75,16,0,0
2026-09-21 16:27:25,Bac,FPT,cloudflare,52.0,29.11,16,0,0
2026-09-21 16:27:25,Bac,FPT,vultr_singapore,42.0,12.08,16,0,0
2026-09-21 16:27:25,Bac,FPT,vultr_seoul,139.0,78.63,16,0,0
2026-09-21 16:27:25,Bac,FPT,linode_singapore,80.0,25.61,16,0,0
2026-09-21 16:38:19,Bac,FPT,cloudflare,60.0,26.89,16,0,0
2026-09-21 16:38:19,Bac,FPT,vultr_singapore,72.0,18.64,16,0,0
2026-09-21 16:38:19,Bac,FPT,vultr_seoul,134.0,119.3,16,0,0
2026-09-21 16:38:19,Bac,FPT,linode_singapore,72.0,24.5,16,0,0
2026-09-21 16:49:10,Bac,FPT,cloudflare,71.0,27.95,16,0,0
2026-09-21 16:49:10,Bac,FPT,vultr_singapore,47.0,141.8,16,0,0
2026-09-21 16:49:10,Bac,FPT,vultr_seoul,129.0,116.84,16,0,0
2026-09-21 16:49:10,Bac,FPT,linode_singapore,52.0,33.61,16,0,0
2026-09-21 16:59:59,Bac,FPT,cloudflare,54.0,11.11,16,0,0
2026-09-21 16:59:59,Bac,FPT,vultr_singapore,48.0,99.66,16,0,0
2026-09-21 16:59:59,Bac,FPT,vultr_seoul,144.0,155.06,16,0,0
2026-09-21 16:59:59,Bac,FPT,linode_singapore,54.0,27.9,16,0,0
2026-09-21 17:10:46,Bac,FPT,cloudflare,52.0,28.91,17,0,0
2026-09-21 17:10:46,Bac,FPT,vultr_singapore,50.0,12.83,17,0,0
2026-09-21 17:10:46,Bac,FPT,vultr_seoul,132.0,164.11,17,0,0
2026-09-21 17:10:46,Bac,FPT,linode_singapore,55.0,33.11,17,0,0
2026-09-21 17:21:38,Bac,FPT,cloudflare,57.0,28.33,17,0,0
2026-09-21 17:21:38,Bac,FPT,vultr_singapore,43.0,11.45,17,0,0
2026-09-21 17:21:38,Bac,FPT,vultr_seoul,153.0,125.07,17,0,0
2026-09-21 17:21:38,Bac,FPT,linode_singapore,62.0,26.79,17,0,0
2026-09-21 17:32:29,Bac,FPT,cloudflare,53.0,18.07,17,0,0
2026-09-21 17:32:29,Bac,FPT,vultr_singapore,41.0,18.01,17,0,0
2026-09-21 17:32:29,Bac,FPT,vultr_seoul,145.0,51.59,17,0,0
2026-09-21 17:32:29,Bac,FPT,linode_singapore,52.0,23.45,17,0,0
2026-09-21 17:43:31,Bac,FPT,cloudflare,53.0,26.51,17,0,0
2026-09-21 17:43:31,Bac,FPT,vultr_singapore,44.0,17.39,17,0,0
2026-09-21 17:43:31,Bac,FPT,vultr_seoul,172.0,116.75,17,0,0
2026-09-21 17:43:31,Bac,FPT,linode_singapore,52.0,27.7,17,0,0
2026-09-21 17:54:22,Bac,FPT,cloudflare,51.0,29.79,17,0,0
2026-09-21 17:54:22,Bac,FPT,vultr_singapore,43.0,12.69,17,0,0
2026-09-21 17:54:22,Bac,FPT,vultr_seoul,149.0,136.62,17,0,0
2026-09-21 17:54:22,Bac,FPT,linode_singapore,51.0,30.93,17,0,0
2026-09-21 18:05:11,Bac,FPT,cloudflare,54.0,32.67,18,0,0
2026-09-21 18:05:11,Bac,FPT,vultr_singapore,41.0,11.92,18,0,0
2026-09-21 18:05:11,Bac,FPT,vultr_seoul,171.0,110.97,18,0,0
2026-09-21 18:05:11,Bac,FPT,linode_singapore,52.0,24.5,18,0,0
2026-09-21 18:16:02,Bac,FPT,cloudflare,52.0,28.66,18,0,0
2026-09-21 18:16:02,Bac,FPT,vultr_singapore,42.0,17.68,18,0,0
2026-09-21 18:16:02,Bac,FPT,vultr_seoul,157.0,142.04,18,0,0
2026-09-21 18:16:02,Bac,FPT,linode_singapore,53.0,24.35,18,0,0
2026-09-21 18:26:51,Bac,FPT,cloudflare,53.0,34.64,18,0,0
2026-09-21 18:26:51,Bac,FPT,vultr_singapore,44.0,58.93,18,0,0
2026-09-21 18:26:51,Bac,FPT,vultr_seoul,166.0,98.44,18,0,0
2026-09-21 18:26:51,Bac,FPT,linode_singapore,54.0,23.23,18,0,0
2026-09-21 18:37:43,Bac,FPT,cloudflare,53.0,31.33,18,0,0
2026-09-21 18:37:43,Bac,FPT,vultr_singapore,43.0,17.22,18,0,0
2026-09-21 18:37:43,Bac,FPT,vultr_seoul,153.0,28.13,18,0,0
2026-09-21 18:37:43,Bac,FPT,linode_singapore,53.0,23.72,18,0,0
2026-09-21 18:48:41,Bac,FPT,cloudflare,51.0,7.56,18,0,0
2026-09-21 18:48:41,Bac,FPT,vultr_singapore,45.0,16.05,18,0,0
2026-09-21 18:48:41,Bac,FPT,vultr_seoul,180.0,4.73,18,0,0
2026-09-21 18:48:41,Bac,FPT,linode_singapore,53.0,26.06,18,0,0
2026-09-21 18:59:41,Bac,FPT,cloudflare,62.0,33.96,18,0,0
2026-09-21 18:59:41,Bac,FPT,vultr_singapore,52.0,10.03,18,0,0
2026-09-21 18:59:41,Bac,FPT,vultr_seoul,165.0,15.24,18,0,0
2026-09-21 18:59:41,Bac,FPT,linode_singapore,49.0,24.5,18,0,0
2026-09-21 19:10:39,Bac,FPT,cloudflare,53.0,30.13,19,0,0
2026-09-21 19:10:39,Bac,FPT,vultr_singapore,42.0,12.17,19,0,0
2026-09-21 19:10:39,Bac,FPT,vultr_seoul,131.0,154.02,19,0,0
2026-09-21 19:10:39,Bac,FPT,linode_singapore,49.0,30.8,19,0,0
2026-09-21 19:21:28,Bac,FPT,cloudflare,52.0,5.06,19,0,0
2026-09-21 19:21:28,Bac,FPT,vultr_singapore,43.0,12.92,19,0,0
2026-09-21 19:21:28,Bac,FPT,vultr_seoul,130.0,137.52,19,0,0
2026-09-21 19:21:28,Bac,FPT,linode_singapore,51.0,27.08,19,0,0
2026-09-21 19:32:20,Bac,FPT,cloudflare,52.0,15.54,19,0,0
2026-09-21 19:32:20,Bac,FPT,vultr_singapore,42.0,12.65,19,0,0
2026-09-21 19:32:20,Bac,FPT,vultr_seoul,129.0,83.79,19,0,0
2026-09-21 19:32:20,Bac,FPT,linode_singapore,50.0,26.33,19,0,0
2026-09-21 19:43:14,Bac,FPT,cloudflare,54.0,27.22,19,0,0
2026-09-21 19:43:14,Bac,FPT,vultr_singapore,45.0,16.83,19,0,0
2026-09-21 19:43:14,Bac,FPT,vultr_seoul,136.0,48.7,19,0,0
2026-09-21 19:43:14,Bac,FPT,linode_singapore,58.0,24.53,19,0,0
2026-09-21 19:54:12,Bac,FPT,cloudflare,52.0,33.16,19,0,0
2026-09-21 19:54:12,Bac,FPT,vultr_singapore,42.0,11.63,19,0,0
2026-09-21 19:54:12,Bac,FPT,vultr_seoul,145.0,137.28,19,0,0
2026-09-21 19:54:12,Bac,FPT,linode_singapore,54.0,24.34,19,0,0
2026-09-21 20:05:02,Bac,FPT,cloudflare,53.0,30.94,20,0,0
2026-09-21 20:05:02,Bac,FPT,vultr_singapore,44.0,15.94,20,0,0
2026-09-21 20:05:02,Bac,FPT,vultr_seoul,163.0,156.66,20,0,0
2026-09-21 20:05:02,Bac,FPT,linode_singapore,56.0,29.31,20,0,0
2026-09-21 20:15:50,Bac,FPT,cloudflare,53.0,32.7,20,0,0
2026-09-21 20:15:50,Bac,FPT,vultr_singapore,45.0,117.75,20,0,0
2026-09-21 20:15:50,Bac,FPT,vultr_seoul,146.0,70.95,20,0,0
2026-09-21 20:15:50,Bac,FPT,linode_singapore,53.0,26.42,20,0,0
2026-09-21 20:26:37,Bac,FPT,cloudflare,56.0,31.56,20,0,0
2026-09-21 20:26:37,Bac,FPT,vultr_singapore,45.0,63.97,20,0,0
2026-09-21 20:26:37,Bac,FPT,vultr_seoul,131.0,98.26,20,0,0
2026-09-21 20:26:37,Bac,FPT,linode_singapore,51.0,24.18,20,0,0
2026-09-21 20:37:27,Bac,FPT,cloudflare,53.0,34.46,20,0,0
2026-09-21 20:37:27,Bac,FPT,vultr_singapore,44.0,17.46,20,0,0
2026-09-21 20:37:27,Bac,FPT,vultr_seoul,306.0,63.18,20,0,0
2026-09-21 20:37:27,Bac,FPT,linode_singapore,52.0,31.64,20,0,0
2026-09-21 20:48:24,Bac,FPT,cloudflare,55.0,28.98,20,0,0
2026-09-21 20:48:24,Bac,FPT,vultr_singapore,46.0,13.07,20,0,0
2026-09-21 20:48:24,Bac,FPT,vultr_seoul,152.0,136.69,20,0,0
2026-09-21 20:48:24,Bac,FPT,linode_singapore,52.0,27.55,20,0,0
2026-09-21 20:59:14,Bac,FPT,cloudflare,54.0,17.22,20,0,0
2026-09-21 20:59:14,Bac,FPT,vultr_singapore,44.0,11.78,20,0,0
2026-09-21 20:59:14,Bac,FPT,vultr_seoul,131.0,148.28,20,0,0
2026-09-21 20:59:14,Bac,FPT,linode_singapore,53.0,25.96,20,0,0
2026-09-21 21:10:03,Bac,FPT,cloudflare,53.0,31.69,21,0,0
2026-09-21 21:10:03,Bac,FPT,vultr_singapore,43.0,9.01,21,0,0
2026-09-21 21:10:03,Bac,FPT,vultr_seoul,148.0,148.49,21,0,0
2026-09-21 21:10:03,Bac,FPT,linode_singapore,51.0,24.21,21,0,0
2026-09-21 21:20:52,Bac,FPT,cloudflare,54.0,26.11,21,0,0
2026-09-21 21:20:52,Bac,FPT,vultr_singapore,42.0,12.05,21,0,0
2026-09-21 21:20:52,Bac,FPT,vultr_seoul,191.0,150.32,21,0,0
2026-09-21 21:20:52,Bac,FPT,linode_singapore,54.0,27.27,21,0,0
2026-09-21 21:31:41,Bac,FPT,cloudflare,52.0,28.1,21,0,0
2026-09-21 21:31:41,Bac,FPT,vultr_singapore,41.0,16.94,21,0,0
2026-09-21 21:31:41,Bac,FPT,vultr_seoul,134.0,100.8,21,0,0
2026-09-21 21:31:41,Bac,FPT,linode_singapore,52.0,27.04,21,0,0
2026-09-21 21:42:33,Bac,FPT,cloudflare,53.0,29.13,21,0,0
2026-09-21 21:42:33,Bac,FPT,vultr_singapore,46.0,17.35,21,0,0
2026-09-21 21:42:33,Bac,FPT,vultr_seoul,198.0,118.47,21,0,0
2026-09-21 21:42:33,Bac,FPT,linode_singapore,55.0,26.6,21,0,0
2026-09-21 21:53:23,Bac,FPT,cloudflare,56.0,31.33,21,0,0
2026-09-21 21:53:23,Bac,FPT,vultr_singapore,48.0,14.86,21,0,0
2026-09-21 21:53:23,Bac,FPT,vultr_seoul,132.0,128.67,21,0,0
2026-09-21 21:53:23,Bac,FPT,linode_singapore,52.0,22.72,21,0,0
2026-09-21 22:04:13,Bac,FPT,cloudflare,55.0,23.48,22,0,0
2026-09-21 22:04:13,Bac,FPT,vultr_singapore,43.0,7.12,22,0,0
2026-09-21 22:04:13,Bac,FPT,vultr_seoul,133.0,115.75,22,0,0
2026-09-21 22:04:13,Bac,FPT,linode_singapore,51.0,25.1,22,0,0
2026-09-21 22:15:04,Bac,FPT,cloudflare,54.0,28.67,22,0,0
2026-09-21 22:15:04,Bac,FPT,vultr_singapore,46.0,90.01,22,0,0
2026-09-21 22:15:04,Bac,FPT,vultr_seoul,199.0,109.66,22,0,0
2026-09-21 22:15:04,Bac,FPT,linode_singapore,55.0,25.88,22,0,0
2026-09-21 22:25:49,Bac,FPT,cloudflare,54.0,16.56,22,0,0
2026-09-21 22:25:49,Bac,FPT,vultr_singapore,44.0,16.04,22,0,0
2026-09-21 22:25:49,Bac,FPT,vultr_seoul,192.0,127.15,22,0,0
2026-09-21 22:25:49,Bac,FPT,linode_singapore,81.0,22.74,22,0,0
2026-09-21 22:36:40,Bac,FPT,cloudflare,52.0,26.32,22,0,0
2026-09-21 22:36:40,Bac,FPT,vultr_singapore,43.0,78.46,22,0,0
2026-09-21 22:36:40,Bac,FPT,vultr_seoul,133.0,112.05,22,0,0
2026-09-21 22:36:40,Bac,FPT,linode_singapore,52.0,24.47,22,0,0
2026-09-21 22:47:26,Bac,FPT,cloudflare,55.0,28.54,22,0,0
2026-09-21 22:47:26,Bac,FPT,vultr_singapore,44.0,54.24,22,0,0
2026-09-21 22:47:26,Bac,FPT,vultr_seoul,173.0,91.29,22,0,0
2026-09-21 22:47:26,Bac,FPT,linode_singapore,51.0,27.64,22,0,0
2026-09-21 22:58:19,Bac,FPT,cloudflare,53.0,27.28,22,0,0
2026-09-21 22:58:19,Bac,FPT,vultr_singapore,41.0,77.62,22,0,0
2026-09-21 22:58:19,Bac,FPT,vultr_seoul,136.0,89.97,22,0,0
2026-09-21 22:58:19,Bac,FPT,linode_singapore,51.0,26.22,22,0,0
2026-09-05 08:52:24,Nam,VNPT,cloudflare,52.0,10.14,8,5,0
2026-09-05 08:52:24,Nam,VNPT,vultr_singapore,48.0,0.76,8,5,0
2026-09-05 08:52:24,Nam,VNPT,vultr_seoul,100.0,149.17,8,5,0
2026-09-05 08:52:24,Nam,VNPT,linode_singapore,42.0,206.71,8,5,0
2026-09-05 09:01:17,Nam,VNPT,cloudflare,45.0,19.86,9,5,0
2026-09-05 09:01:17,Nam,VNPT,vultr_singapore,67.0,0.37,9,5,0
2026-09-05 09:01:17,Nam,VNPT,vultr_seoul,136.0,0.24,9,5,0
2026-09-05 09:01:17,Nam,VNPT,linode_singapore,43.0,100.04,9,5,0
2026-09-05 09:02:25,Nam,VNPT,cloudflare,48.0,2.01,9,5,0
2026-09-05 09:02:25,Nam,VNPT,vultr_singapore,47.0,0.37,9,5,0
2026-09-05 09:02:25,Nam,VNPT,vultr_seoul,80.0,7.68,9,5,0
2026-09-05 09:02:25,Nam,VNPT,linode_singapore,40.0,10.77,9,5,0
2026-09-05 09:03:55,Nam,VNPT,cloudflare,54.0,31.59,9,5,0
2026-09-05 09:03:55,Nam,VNPT,vultr_singapore,61.0,42.54,9,5,0
2026-09-05 09:03:55,Nam,VNPT,vultr_seoul,82.0,22.47,9,5,0
2026-09-05 09:03:55,Nam,VNPT,linode_singapore,55.0,9.17,9,5,0
2026-09-11 18:46:53,Nam,VNPT,cloudflare,54.0,0.92,18,4,0
2026-09-11 18:46:53,Nam,VNPT,vultr_singapore,206.0,2.69,18,4,0
2026-09-11 18:46:53,Nam,VNPT,vultr_seoul,83.0,62.35,18,4,0
2026-09-11 18:46:53,Nam,VNPT,linode_singapore,48.0,151.38,18,4,0
2026-09-12 22:01:59,Nam,VNPT,cloudflare,54.0,1.16,22,5,0
2026-09-12 22:01:59,Nam,VNPT,vultr_singapore,204.0,2.64,22,5,0
2026-09-12 22:01:59,Nam,VNPT,vultr_seoul,81.0,9.35,22,5,0
2026-09-12 22:01:59,Nam,VNPT,linode_singapore,50.0,164.68,22,5,0
2026-09-12 22:20:57,Nam,VNPT,cloudflare,52.0,2.07,22,5,0
2026-09-12 22:20:57,Nam,VNPT,vultr_singapore,213.0,2.57,22,5,0
2026-09-12 22:20:57,Nam,VNPT,vultr_seoul,80.0,25.3,22,5,0
2026-09-12 22:20:57,Nam,VNPT,linode_singapore,49.0,130.8,22,5,0
2026-09-12 22:31:58,Nam,VNPT,cloudflare,57.0,3.12,22,5,0
2026-09-12 22:31:58,Nam,VNPT,vultr_singapore,207.0,2.29,22,5,0
2026-09-12 22:31:58,Nam,VNPT,vultr_seoul,82.0,25.14,22,5,0
2026-09-12 22:31:58,Nam,VNPT,linode_singapore,53.0,149.96,22,5,0
2026-09-12 22:43:02,Nam,VNPT,cloudflare,55.0,2.13,22,5,0
2026-09-12 22:43:02,Nam,VNPT,vultr_singapore,203.0,2.72,22,5,0
2026-09-12 22:43:02,Nam,VNPT,vultr_seoul,82.0,121.0,22,5,0
2026-09-12 22:43:02,Nam,VNPT,linode_singapore,52.0,298.76,22,5,0
2026-09-12 22:54:08,Nam,VNPT,cloudflare,52.0,3.66,22,5,0
2026-09-12 22:54:08,Nam,VNPT,vultr_singapore,205.0,2.62,22,5,0
2026-09-12 22:54:08,Nam,VNPT,vultr_seoul,81.0,136.09,22,5,0
2026-09-12 22:54:08,Nam,VNPT,linode_singapore,49.0,113.04,22,5,0
2026-09-12 23:04:58,Nam,VNPT,cloudflare,58.0,3.53,23,5,0
2026-09-12 23:04:58,Nam,VNPT,vultr_singapore,205.0,2.67,23,5,0
2026-09-12 23:04:58,Nam,VNPT,vultr_seoul,82.0,155.85,23,5,0
2026-09-12 23:04:58,Nam,VNPT,linode_singapore,48.0,133.11,23,5,0
2026-09-12 23:15:43,Nam,VNPT,cloudflare,54.0,2.72,23,5,0
2026-09-12 23:15:43,Nam,VNPT,vultr_singapore,206.0,2.67,23,5,0
2026-09-12 23:15:43,Nam,VNPT,vultr_seoul,81.0,134.72,23,5,0
2026-09-12 23:15:43,Nam,VNPT,linode_singapore,50.0,243.57,23,5,0
2026-09-12 23:26:28,Nam,VNPT,cloudflare,52.0,8.28,23,5,0
2026-09-12 23:26:28,Nam,VNPT,vultr_singapore,205.0,2.66,23,5,0
2026-09-12 23:26:28,Nam,VNPT,vultr_seoul,81.0,260.6,23,5,0
2026-09-12 23:26:28,Nam,VNPT,linode_singapore,50.0,210.12,23,5,0
2026-09-12 23:37:06,Nam,VNPT,cloudflare,52.0,8.73,23,5,0
2026-09-12 23:37:06,Nam,VNPT,vultr_singapore,204.0,2.75,23,5,0
2026-09-12 23:37:06,Nam,VNPT,vultr_seoul,80.0,79.41,23,5,0
2026-09-12 23:37:06,Nam,VNPT,linode_singapore,50.0,154.68,23,5,0
2026-09-12 23:47:53,Nam,VNPT,cloudflare,54.0,27.36,23,5,0
2026-09-12 23:47:53,Nam,VNPT,vultr_singapore,205.0,9.75,23,5,0
2026-09-12 23:47:53,Nam,VNPT,vultr_seoul,80.0,32.7,23,5,0
2026-09-12 23:47:53,Nam,VNPT,linode_singapore,87.0,224.62,23,5,0
2026-09-12 23:58:42,Nam,VNPT,cloudflare,53.0,28.92,23,5,0
2026-09-12 23:58:42,Nam,VNPT,vultr_singapore,205.0,6.06,23,5,0
2026-09-12 23:58:42,Nam,VNPT,vultr_seoul,80.0,247.88,23,5,0
2026-09-12 23:58:42,Nam,VNPT,linode_singapore,51.0,123.68,23,5,0
2026-09-13 00:09:21,Nam,VNPT,cloudflare,53.0,32.02,0,6,0
2026-09-13 00:09:21,Nam,VNPT,vultr_singapore,205.0,12.0,0,6,0
2026-09-13 00:09:21,Nam,VNPT,vultr_seoul,81.0,36.53,0,6,0
2026-09-13 00:09:21,Nam,VNPT,linode_singapore,50.0,274.44,0,6,0
2026-09-13 00:20:09,Nam,VNPT,cloudflare,53.0,31.15,0,6,0
2026-09-13 00:20:09,Nam,VNPT,vultr_singapore,205.0,2.69,0,6,0
2026-09-13 00:20:09,Nam,VNPT,vultr_seoul,82.0,65.4,0,6,0
2026-09-13 00:20:09,Nam,VNPT,linode_singapore,49.0,257.69,0,6,0
2026-09-13 00:30:54,Nam,VNPT,cloudflare,52.0,29.99,0,6,0
2026-09-13 00:30:54,Nam,VNPT,vultr_singapore,203.0,2.81,0,6,0
2026-09-13 00:30:54,Nam,VNPT,vultr_seoul,81.0,197.91,0,6,0
2026-09-13 00:30:54,Nam,VNPT,linode_singapore,51.0,105.61,0,6,0
2026-09-13 00:41:36,Nam,VNPT,cloudflare,52.0,24.75,0,6,0
2026-09-13 00:41:36,Nam,VNPT,vultr_singapore,204.0,2.7,0,6,0
2026-09-13 00:41:36,Nam,VNPT,vultr_seoul,79.0,238.9,0,6,0
2026-09-13 00:41:36,Nam,VNPT,linode_singapore,50.0,138.14,0,6,0
2026-09-13 00:52:15,Nam,VNPT,cloudflare,52.0,34.12,0,6,0
2026-09-13 00:52:15,Nam,VNPT,vultr_singapore,205.0,7.63,0,6,0
2026-09-13 00:52:15,Nam,VNPT,vultr_seoul,80.0,46.25,0,6,0
2026-09-13 00:52:15,Nam,VNPT,linode_singapore,50.0,222.75,0,6,0
2026-09-13 01:03:06,Nam,VNPT,cloudflare,52.0,33.69,1,6,0
2026-09-13 01:03:06,Nam,VNPT,vultr_singapore,207.0,2.68,1,6,0
2026-09-13 01:03:06,Nam,VNPT,vultr_seoul,81.0,222.7,1,6,0
2026-09-13 01:03:06,Nam,VNPT,linode_singapore,49.0,164.4,1,6,0
2026-09-13 01:13:45,Nam,VNPT,cloudflare,76.0,34.83,1,6,0
2026-09-13 01:13:45,Nam,VNPT,vultr_singapore,204.0,17.29,1,6,0
2026-09-13 01:13:45,Nam,VNPT,vultr_seoul,80.0,229.64,1,6,0
2026-09-13 01:13:45,Nam,VNPT,linode_singapore,49.0,139.79,1,6,0
2026-09-13 01:24:23,Nam,VNPT,cloudflare,52.0,30.44,1,6,0
2026-09-13 01:24:23,Nam,VNPT,vultr_singapore,204.0,2.69,1,6,0
2026-09-13 01:24:23,Nam,VNPT,vultr_seoul,80.0,47.28,1,6,0
2026-09-13 01:24:23,Nam,VNPT,linode_singapore,49.0,304.68,1,6,0
2026-09-13 01:35:10,Nam,VNPT,cloudflare,52.0,30.66,1,6,0
2026-09-13 01:35:10,Nam,VNPT,vultr_singapore,206.0,10.14,1,6,0
2026-09-13 01:35:10,Nam,VNPT,vultr_seoul,81.0,173.17,1,6,0
2026-09-13 01:35:10,Nam,VNPT,linode_singapore,49.0,132.4,1,6,0
2026-09-13 01:45:51,Nam,VNPT,cloudflare,53.0,28.09,1,6,0
2026-09-13 01:45:51,Nam,VNPT,vultr_singapore,204.0,2.7,1,6,0
2026-09-13 01:45:51,Nam,VNPT,vultr_seoul,80.0,207.63,1,6,0
2026-09-13 01:45:51,Nam,VNPT,linode_singapore,50.0,138.0,1,6,0
2026-09-13 01:56:30,Nam,VNPT,cloudflare,52.0,32.17,1,6,0
2026-09-13 01:56:30,Nam,VNPT,vultr_singapore,205.0,2.61,1,6,0
2026-09-13 01:56:30,Nam,VNPT,vultr_seoul,81.0,198.31,1,6,0
2026-09-13 01:56:30,Nam,VNPT,linode_singapore,50.0,239.73,1,6,0
2026-09-13 02:07:07,Nam,VNPT,cloudflare,53.0,30.51,2,6,0
2026-09-13 02:07:07,Nam,VNPT,vultr_singapore,205.0,2.54,2,6,0
2026-09-13 02:07:07,Nam,VNPT,vultr_seoul,80.0,44.49,2,6,0
2026-09-13 02:07:07,Nam,VNPT,linode_singapore,49.0,107.73,2,6,0
2026-09-13 06:55:05,Nam,VNPT,cloudflare,51.0,25.63,6,6,0
2026-09-13 06:55:05,Nam,VNPT,vultr_singapore,207.0,2.64,6,6,0
2026-09-13 06:55:05,Nam,VNPT,vultr_seoul,81.0,234.76,6,6,0
2026-09-13 06:55:05,Nam,VNPT,linode_singapore,49.0,126.17,6,6,0
2026-09-13 07:05:52,Nam,VNPT,cloudflare,58.0,29.66,7,6,0
2026-09-13 07:05:52,Nam,VNPT,vultr_singapore,205.0,2.49,7,6,0
2026-09-13 07:05:52,Nam,VNPT,vultr_seoul,80.0,116.45,7,6,0
2026-09-13 07:05:52,Nam,VNPT,linode_singapore,50.0,294.71,7,6,0
2026-09-13 07:16:32,Nam,VNPT,cloudflare,56.0,26.85,7,6,0
2026-09-13 07:16:32,Nam,VNPT,vultr_singapore,203.0,2.62,7,6,0
2026-09-13 07:16:32,Nam,VNPT,vultr_seoul,80.0,38.61,7,6,0
2026-09-13 07:16:32,Nam,VNPT,linode_singapore,49.0,94.63,7,6,0
2026-09-13 07:27:26,Nam,VNPT,cloudflare,58.0,29.09,7,6,0
2026-09-13 07:27:26,Nam,VNPT,vultr_singapore,208.0,8.23,7,6,0
2026-09-13 07:27:26,Nam,VNPT,vultr_seoul,80.0,56.24,7,6,0
2026-09-13 07:27:26,Nam,VNPT,linode_singapore,50.0,208.44,7,6,0
2026-09-13 07:38:14,Nam,VNPT,cloudflare,52.0,30.83,7,6,0
2026-09-13 07:38:14,Nam,VNPT,vultr_singapore,207.0,2.51,7,6,0
2026-09-13 07:38:14,Nam,VNPT,vultr_seoul,83.0,236.23,7,6,0
2026-09-13 07:38:14,Nam,VNPT,linode_singapore,50.0,120.85,7,6,0
2026-09-13 07:48:54,Nam,VNPT,cloudflare,52.0,30.1,7,6,0
2026-09-13 07:48:54,Nam,VNPT,vultr_singapore,205.0,2.72,7,6,0
2026-09-13 07:48:54,Nam,VNPT,vultr_seoul,79.0,246.09,7,6,0
2026-09-13 07:48:54,Nam,VNPT,linode_singapore,49.0,276.65,7,6,0
2026-09-13 07:59:30,Nam,VNPT,cloudflare,52.0,29.64,7,6,0
2026-09-13 07:59:30,Nam,VNPT,vultr_singapore,206.0,2.67,7,6,0
2026-09-13 07:59:30,Nam,VNPT,vultr_seoul,80.0,228.72,7,6,0
2026-09-13 07:59:30,Nam,VNPT,linode_singapore,49.0,236.61,7,6,0
2026-09-13 08:10:06,Nam,VNPT,cloudflare,53.0,28.81,8,6,0
2026-09-13 08:10:06,Nam,VNPT,vultr_singapore,204.0,2.75,8,6,0
2026-09-13 08:10:06,Nam,VNPT,vultr_seoul,81.0,251.96,8,6,0
2026-09-13 08:10:06,Nam,VNPT,linode_singapore,52.0,206.54,8,6,0
2026-09-13 08:20:43,Nam,VNPT,cloudflare,51.0,27.04,8,6,0
2026-09-13 08:20:43,Nam,VNPT,vultr_singapore,204.0,5.93,8,6,0
2026-09-13 08:20:43,Nam,VNPT,vultr_seoul,80.0,254.52,8,6,0
2026-09-13 08:20:43,Nam,VNPT,linode_singapore,49.0,186.99,8,6,0
2026-09-13 08:31:20,Nam,VNPT,cloudflare,52.0,29.24,8,6,0
2026-09-13 08:31:20,Nam,VNPT,vultr_singapore,206.0,10.88,8,6,0
2026-09-13 08:31:20,Nam,VNPT,vultr_seoul,82.0,245.72,8,6,0
2026-09-13 08:31:20,Nam,VNPT,linode_singapore,50.0,120.57,8,6,0
2026-09-13 08:42:01,Nam,VNPT,cloudflare,52.0,27.37,8,6,0
2026-09-13 08:42:01,Nam,VNPT,vultr_singapore,204.0,2.85,8,6,0
2026-09-13 08:42:01,Nam,VNPT,vultr_seoul,80.0,117.92,8,6,0
2026-09-13 08:42:01,Nam,VNPT,linode_singapore,49.0,154.09,8,6,0
2026-09-13 08:52:43,Nam,VNPT,cloudflare,52.0,29.47,8,6,0
2026-09-13 08:52:43,Nam,VNPT,vultr_singapore,205.0,2.5,8,6,0
2026-09-13 08:52:43,Nam,VNPT,vultr_seoul,80.0,154.78,8,6,0
2026-09-13 08:52:43,Nam,VNPT,linode_singapore,49.0,129.21,8,6,0
2026-09-13 09:03:24,Nam,VNPT,cloudflare,51.0,28.13,9,6,0
2026-09-13 09:03:24,Nam,VNPT,vultr_singapore,206.0,2.55,9,6,0
2026-09-13 09:03:24,Nam,VNPT,vultr_seoul,80.0,231.96,9,6,0
2026-09-13 09:03:24,Nam,VNPT,linode_singapore,50.0,239.83,9,6,0
2026-09-13 09:14:01,Nam,VNPT,cloudflare,52.0,26.8,9,6,0
2026-09-13 09:14:01,Nam,VNPT,vultr_singapore,205.0,2.69,9,6,0
2026-09-13 09:14:01,Nam,VNPT,vultr_seoul,83.0,226.42,9,6,0
2026-09-13 09:14:01,Nam,VNPT,linode_singapore,50.0,177.46,9,6,0
2026-09-13 09:24:39,Nam,VNPT,cloudflare,52.0,11.59,9,6,0
2026-09-13 09:24:39,Nam,VNPT,vultr_singapore,204.0,11.85,9,6,0
2026-09-13 09:24:39,Nam,VNPT,vultr_seoul,82.0,232.11,9,6,0
2026-09-13 09:24:39,Nam,VNPT,linode_singapore,49.0,170.24,9,6,0
2026-09-13 09:35:18,Nam,VNPT,cloudflare,53.0,24.76,9,6,0
2026-09-13 09:35:18,Nam,VNPT,vultr_singapore,205.0,7.34,9,6,0
2026-09-13 09:35:18,Nam,VNPT,vultr_seoul,80.0,243.05,9,6,0
2026-09-13 09:35:18,Nam,VNPT,linode_singapore,48.0,234.53,9,6,0
2026-09-13 09:45:55,Nam,VNPT,cloudflare,91.0,9.18,9,6,0
2026-09-13 09:45:55,Nam,VNPT,vultr_singapore,205.0,2.69,9,6,0
2026-09-13 09:45:55,Nam,VNPT,vultr_seoul,221.0,56.47,9,6,0
2026-09-13 09:45:55,Nam,VNPT,linode_singapore,50.0,132.34,9,6,0
2026-09-13 09:56:48,Nam,VNPT,cloudflare,51.0,6.45,9,6,0
2026-09-13 09:56:48,Nam,VNPT,vultr_singapore,206.0,2.46,9,6,0
2026-09-13 09:56:48,Nam,VNPT,vultr_seoul,93.0,231.58,9,6,0
2026-09-13 09:56:48,Nam,VNPT,linode_singapore,67.0,188.53,9,6,0
2026-09-13 10:07:28,Nam,VNPT,cloudflare,51.0,1.58,10,6,0
2026-09-13 10:07:28,Nam,VNPT,vultr_singapore,204.0,2.55,10,6,0
2026-09-13 10:07:28,Nam,VNPT,vultr_seoul,80.0,216.66,10,6,0
2026-09-13 10:07:28,Nam,VNPT,linode_singapore,50.0,51.7,10,6,0
2026-09-13 10:18:27,Nam,VNPT,cloudflare,86.0,0.86,10,6,0
2026-09-13 10:18:27,Nam,VNPT,vultr_singapore,253.0,2.31,10,6,0
2026-09-13 10:18:27,Nam,VNPT,vultr_seoul,130.0,59.24,10,6,0
2026-09-13 10:18:27,Nam,VNPT,linode_singapore,56.0,10.89,10,6,0
2026-09-13 10:29:41,Nam,VNPT,cloudflare,98.0,4.49,10,6,0
2026-09-13 10:29:41,Nam,VNPT,vultr_singapore,274.0,2.4,10,6,0
2026-09-13 10:29:41,Nam,VNPT,vultr_seoul,179.0,37.38,10,6,0
2026-09-13 10:29:41,Nam,VNPT,linode_singapore,99.0,9.46,10,6,0
2026-09-13 10:40:44,Nam,VNPT,cloudflare,54.0,2.5,10,6,0
2026-09-13 10:40:44,Nam,VNPT,vultr_singapore,206.0,2.49,10,6,0
2026-09-13 10:40:44,Nam,VNPT,vultr_seoul,84.0,262.05,10,6,0
2026-09-13 10:40:44,Nam,VNPT,linode_singapore,61.0,13.44,10,6,0
2026-09-13 10:51:38,Nam,VNPT,cloudflare,215.0,10.88,10,6,0
2026-09-13 10:51:38,Nam,VNPT,vultr_singapore,206.0,2.34,10,6,0
2026-09-13 10:51:38,Nam,VNPT,vultr_seoul,84.0,108.71,10,6,0
2026-09-13 10:51:38,Nam,VNPT,linode_singapore,50.0,101.05,10,6,0
2026-09-13 11:02:25,Nam,VNPT,cloudflare,52.0,3.47,11,6,0
2026-09-13 11:02:25,Nam,VNPT,vultr_singapore,207.0,2.63,11,6,0
2026-09-13 11:02:25,Nam,VNPT,vultr_seoul,117.0,66.67,11,6,0
2026-09-13 11:02:25,Nam,VNPT,linode_singapore,50.0,89.86,11,6,0
2026-09-13 11:13:21,Nam,VNPT,cloudflare,52.0,3.68,11,6,0
2026-09-13 11:13:21,Nam,VNPT,vultr_singapore,206.0,2.67,11,6,0
2026-09-13 11:13:21,Nam,VNPT,vultr_seoul,106.0,154.7,11,6,0
2026-09-13 11:13:21,Nam,VNPT,linode_singapore,49.0,162.33,11,6,0
2026-09-13 11:24:06,Nam,VNPT,cloudflare,53.0,7.95,11,6,0
2026-09-13 11:24:06,Nam,VNPT,vultr_singapore,205.0,2.66,11,6,0
2026-09-13 11:24:06,Nam,VNPT,vultr_seoul,85.0,210.67,11,6,0
2026-09-13 11:24:06,Nam,VNPT,linode_singapore,49.0,253.81,11,6,0
2026-09-13 11:34:45,Nam,VNPT,cloudflare,52.0,7.13,11,6,0
2026-09-13 11:34:45,Nam,VNPT,vultr_singapore,205.0,2.72,11,6,0
2026-09-13 11:34:45,Nam,VNPT,vultr_seoul,85.0,227.7,11,6,0
2026-09-13 11:34:45,Nam,VNPT,linode_singapore,49.0,230.55,11,6,0
2026-09-13 11:45:24,Nam,VNPT,cloudflare,52.0,2.12,11,6,0
2026-09-13 11:45:24,Nam,VNPT,vultr_singapore,241.0,2.62,11,6,0
2026-09-13 11:45:24,Nam,VNPT,vultr_seoul,84.0,132.15,11,6,0
2026-09-13 11:45:24,Nam,VNPT,linode_singapore,49.0,78.1,11,6,0
2026-09-13 11:56:18,Nam,VNPT,cloudflare,53.0,4.15,11,6,0
2026-09-13 11:56:18,Nam,VNPT,vultr_singapore,207.0,17.16,11,6,0
2026-09-13 11:56:18,Nam,VNPT,vultr_seoul,83.0,179.2,11,6,0
2026-09-13 11:56:18,Nam,VNPT,linode_singapore,60.0,145.56,11,6,0
2026-09-13 12:07:02,Nam,VNPT,cloudflare,52.0,4.38,12,6,0
2026-09-13 12:07:02,Nam,VNPT,vultr_singapore,208.0,2.56,12,6,0
2026-09-13 12:07:02,Nam,VNPT,vultr_seoul,99.0,230.0,12,6,0
2026-09-13 12:07:02,Nam,VNPT,linode_singapore,58.0,38.83,12,6,0
2026-09-13 12:17:53,Nam,VNPT,cloudflare,55.0,1.94,12,6,0
2026-09-13 12:17:53,Nam,VNPT,vultr_singapore,210.0,2.73,12,6,0
2026-09-13 12:17:53,Nam,VNPT,vultr_seoul,95.0,169.4,12,6,0
2026-09-13 12:17:53,Nam,VNPT,linode_singapore,58.0,170.62,12,6,0
2026-09-13 12:28:41,Nam,VNPT,cloudflare,141.0,2.37,12,6,0
2026-09-13 12:28:41,Nam,VNPT,vultr_singapore,206.0,2.75,12,6,0
2026-09-13 12:28:41,Nam,VNPT,vultr_seoul,85.0,77.29,12,6,0
2026-09-13 12:28:41,Nam,VNPT,linode_singapore,72.0,152.35,12,6,0
2026-09-13 13:41:55,Nam,VNPT,cloudflare,60.0,2.11,13,6,0
2026-09-13 13:41:55,Nam,VNPT,vultr_singapore,210.0,10.67,13,6,0
2026-09-13 13:41:55,Nam,VNPT,vultr_seoul,86.0,7.75,13,6,0
2026-09-13 13:41:55,Nam,VNPT,linode_singapore,50.0,111.99,13,6,0
2026-09-13 13:52:54,Nam,VNPT,cloudflare,57.0,6.31,13,6,0
2026-09-13 13:52:54,Nam,VNPT,vultr_singapore,268.0,2.95,13,6,0
2026-09-13 13:52:54,Nam,VNPT,vultr_seoul,87.0,136.43,13,6,0
2026-09-13 13:52:54,Nam,VNPT,linode_singapore,53.0,267.34,13,6,0
2026-09-13 14:03:36,Nam,VNPT,cloudflare,55.0,4.85,14,6,0
2026-09-13 14:03:36,Nam,VNPT,vultr_singapore,246.0,2.94,14,6,0
2026-09-13 14:03:36,Nam,VNPT,vultr_seoul,85.0,19.88,14,6,0
2026-09-13 14:03:36,Nam,VNPT,linode_singapore,50.0,152.25,14,6,0
2026-09-13 14:14:29,Nam,VNPT,cloudflare,58.0,2.34,14,6,0
2026-09-13 14:14:29,Nam,VNPT,vultr_singapore,306.0,2.9,14,6,0
2026-09-13 14:14:29,Nam,VNPT,vultr_seoul,84.0,200.28,14,6,0
2026-09-13 14:14:29,Nam,VNPT,linode_singapore,51.0,288.36,14,6,0
2026-09-13 14:25:13,Nam,VNPT,cloudflare,58.0,3.64,14,6,0
2026-09-13 14:25:13,Nam,VNPT,vultr_singapore,262.0,2.32,14,6,0
2026-09-13 14:25:13,Nam,VNPT,vultr_seoul,85.0,245.27,14,6,0
2026-09-13 14:25:13,Nam,VNPT,linode_singapore,54.0,132.54,14,6,0
2026-09-13 14:35:56,Nam,VNPT,cloudflare,56.0,1.55,14,6,0
2026-09-13 14:35:56,Nam,VNPT,vultr_singapore,259.0,3.02,14,6,0
2026-09-13 14:35:56,Nam,VNPT,vultr_seoul,84.0,155.44,14,6,0
2026-09-13 14:35:56,Nam,VNPT,linode_singapore,51.0,140.7,14,6,0
2026-09-13 14:46:48,Nam,VNPT,cloudflare,55.0,2.79,14,6,0
2026-09-13 14:46:48,Nam,VNPT,vultr_singapore,293.0,4.0,14,6,0
2026-09-13 14:46:48,Nam,VNPT,vultr_seoul,86.0,215.97,14,6,0
2026-09-13 14:46:48,Nam,VNPT,linode_singapore,51.0,211.65,14,6,0
2026-09-13 14:57:31,Nam,VNPT,cloudflare,55.0,1.82,14,6,0
2026-09-13 14:57:31,Nam,VNPT,vultr_singapore,251.0,2.21,14,6,0
2026-09-13 14:57:31,Nam,VNPT,vultr_seoul,86.0,239.67,14,6,0
2026-09-13 14:57:31,Nam,VNPT,linode_singapore,54.0,257.49,14,6,0
2026-09-13 17:11:22,Nam,VNPT,cloudflare,55.0,9.71,17,6,0
2026-09-13 17:11:22,Nam,VNPT,vultr_singapore,207.0,2.69,17,6,0
2026-09-13 17:11:22,Nam,VNPT,vultr_seoul,83.0,123.5,17,6,0
2026-09-13 17:11:22,Nam,VNPT,linode_singapore,50.0,4.2,17,6,0
2026-09-13 17:22:15,Nam,VNPT,cloudflare,53.0,2.61,17,6,0
2026-09-13 17:22:15,Nam,VNPT,vultr_singapore,207.0,6.9,17,6,0
2026-09-13 17:22:15,Nam,VNPT,vultr_seoul,84.0,262.32,17,6,0
2026-09-13 17:22:15,Nam,VNPT,linode_singapore,50.0,187.69,17,6,0
2026-09-13 17:32:58,Nam,VNPT,cloudflare,54.0,1.52,17,6,0
2026-09-13 17:32:58,Nam,VNPT,vultr_singapore,207.0,2.78,17,6,0
2026-09-13 17:32:58,Nam,VNPT,vultr_seoul,84.0,106.53,17,6,0
2026-09-13 17:32:58,Nam,VNPT,linode_singapore,49.0,171.84,17,6,0
2026-09-13 17:43:52,Nam,VNPT,cloudflare,54.0,1.74,17,6,0
2026-09-13 17:43:52,Nam,VNPT,vultr_singapore,208.0,2.63,17,6,0
2026-09-13 17:43:52,Nam,VNPT,vultr_seoul,83.0,177.02,17,6,0
2026-09-13 17:43:52,Nam,VNPT,linode_singapore,50.0,260.19,17,6,0
2026-09-13 17:54:39,Nam,VNPT,cloudflare,53.0,5.82,17,6,0
2026-09-13 17:54:39,Nam,VNPT,vultr_singapore,207.0,2.6,17,6,0
2026-09-13 17:54:39,Nam,VNPT,vultr_seoul,83.0,222.37,17,6,0
2026-09-13 17:54:39,Nam,VNPT,linode_singapore,49.0,141.96,17,6,0
2026-09-13 18:05:21,Nam,VNPT,cloudflare,53.0,1.18,18,6,0
2026-09-13 18:05:21,Nam,VNPT,vultr_singapore,207.0,2.6,18,6,0
2026-09-13 18:05:21,Nam,VNPT,vultr_seoul,84.0,148.6,18,6,0
2026-09-13 18:05:21,Nam,VNPT,linode_singapore,49.0,104.45,18,6,0
2026-09-13 18:16:19,Nam,VNPT,cloudflare,100.0,3.64,18,6,0
2026-09-13 18:16:19,Nam,VNPT,vultr_singapore,208.0,2.64,18,6,0
2026-09-13 18:16:19,Nam,VNPT,vultr_seoul,84.0,212.11,18,6,0
2026-09-13 18:16:19,Nam,VNPT,linode_singapore,51.0,144.02,18,6,0
2026-09-13 18:27:03,Nam,VNPT,cloudflare,55.0,3.99,18,6,0
2026-09-13 18:27:03,Nam,VNPT,vultr_singapore,208.0,2.45,18,6,0
2026-09-13 18:27:03,Nam,VNPT,vultr_seoul,101.0,38.94,18,6,0
2026-09-13 18:27:03,Nam,VNPT,linode_singapore,62.0,8.75,18,6,0
2026-09-13 18:38:08,Nam,VNPT,cloudflare,98.0,3.75,18,6,0
2026-09-13 18:38:08,Nam,VNPT,vultr_singapore,248.0,20.62,18,6,0
2026-09-13 18:38:08,Nam,VNPT,vultr_seoul,85.0,22.68,18,6,0
2026-09-13 18:38:08,Nam,VNPT,linode_singapore,62.0,192.25,18,6,0
2026-09-13 18:49:02,Nam,VNPT,cloudflare,54.0,1.66,18,6,0
2026-09-13 18:49:02,Nam,VNPT,vultr_singapore,246.0,2.51,18,6,0
2026-09-13 18:49:02,Nam,VNPT,vultr_seoul,87.0,238.03,18,6,0
2026-09-13 18:49:02,Nam,VNPT,linode_singapore,59.0,267.36,18,6,0
2026-09-13 18:59:48,Nam,VNPT,cloudflare,53.0,3.36,18,6,0
2026-09-13 18:59:48,Nam,VNPT,vultr_singapore,209.0,2.61,18,6,0
2026-09-13 18:59:48,Nam,VNPT,vultr_seoul,85.0,8.92,18,6,0
2026-09-13 18:59:48,Nam,VNPT,linode_singapore,50.0,244.98,18,6,0
2026-09-13 19:10:41,Nam,VNPT,cloudflare,118.0,1.24,19,6,0
2026-09-13 19:10:41,Nam,VNPT,vultr_singapore,208.0,2.65,19,6,0
2026-09-13 19:10:41,Nam,VNPT,vultr_seoul,90.0,111.16,19,6,0
2026-09-13 19:10:41,Nam,VNPT,linode_singapore,50.0,96.78,19,6,0
2026-09-13 19:21:40,Nam,VNPT,cloudflare,53.0,1.49,19,6,0
2026-09-13 19:21:40,Nam,VNPT,vultr_singapore,209.0,2.63,19,6,0
2026-09-13 19:21:40,Nam,VNPT,vultr_seoul,84.0,30.29,19,6,0
2026-09-13 19:21:40,Nam,VNPT,linode_singapore,50.0,107.52,19,6,0
2026-09-13 19:32:44,Nam,VNPT,cloudflare,54.0,1.76,19,6,0
2026-09-13 19:32:44,Nam,VNPT,vultr_singapore,209.0,2.6,19,6,0
2026-09-13 19:32:44,Nam,VNPT,vultr_seoul,89.0,12.46,19,6,0
2026-09-13 19:32:44,Nam,VNPT,linode_singapore,50.0,101.91,19,6,0
2026-09-13 19:43:46,Nam,VNPT,cloudflare,86.0,1.04,19,6,0
2026-09-13 19:43:46,Nam,VNPT,vultr_singapore,208.0,2.82,19,6,0
2026-09-13 19:43:46,Nam,VNPT,vultr_seoul,85.0,2.73,19,6,0
2026-09-13 19:43:46,Nam,VNPT,linode_singapore,82.0,30.58,19,6,0
2026-09-13 19:55:01,Nam,VNPT,cloudflare,55.0,0.56,19,6,0
2026-09-13 19:55:01,Nam,VNPT,vultr_singapore,210.0,2.63,19,6,0
2026-09-13 19:55:01,Nam,VNPT,vultr_seoul,84.0,9.84,19,6,0
2026-09-13 19:55:01,Nam,VNPT,linode_singapore,50.0,199.57,19,6,0
2026-09-13 20:06:05,Nam,VNPT,cloudflare,54.0,1.17,20,6,0
2026-09-13 20:06:05,Nam,VNPT,vultr_singapore,207.0,2.46,20,6,0
2026-09-13 20:06:05,Nam,VNPT,vultr_seoul,84.0,1.87,20,6,0
2026-09-13 20:06:05,Nam,VNPT,linode_singapore,49.0,124.5,20,6,0
2026-09-13 20:17:10,Nam,VNPT,cloudflare,69.0,1.77,20,6,0
2026-09-13 20:17:10,Nam,VNPT,vultr_singapore,208.0,2.71,20,6,0
2026-09-13 20:17:10,Nam,VNPT,vultr_seoul,85.0,3.23,20,6,0
2026-09-13 20:17:10,Nam,VNPT,linode_singapore,49.0,80.44,20,6,0
2026-09-13 20:28:14,Nam,VNPT,cloudflare,54.0,0.92,20,6,0
2026-09-13 20:28:14,Nam,VNPT,vultr_singapore,208.0,2.52,20,6,0
2026-09-13 20:28:14,Nam,VNPT,vultr_seoul,83.0,0.63,20,6,0
2026-09-13 20:28:14,Nam,VNPT,linode_singapore,52.0,159.87,20,6,0
2026-09-13 20:39:18,Nam,VNPT,cloudflare,53.0,1.08,20,6,0
2026-09-13 20:39:18,Nam,VNPT,vultr_singapore,208.0,2.62,20,6,0
2026-09-13 20:39:18,Nam,VNPT,vultr_seoul,83.0,2.26,20,6,0
2026-09-13 20:39:18,Nam,VNPT,linode_singapore,49.0,208.6,20,6,0
2026-09-13 20:50:22,Nam,VNPT,cloudflare,54.0,1.17,20,6,0
2026-09-13 20:50:22,Nam,VNPT,vultr_singapore,208.0,2.6,20,6,0
2026-09-13 20:50:22,Nam,VNPT,vultr_seoul,84.0,1.54,20,6,0
2026-09-13 20:50:22,Nam,VNPT,linode_singapore,78.0,35.96,20,6,0
2026-09-13 21:01:35,Nam,VNPT,cloudflare,54.0,0.57,21,6,0
2026-09-13 21:01:35,Nam,VNPT,vultr_singapore,207.0,2.74,21,6,0
2026-09-13 21:01:35,Nam,VNPT,vultr_seoul,85.0,2.51,21,6,0
2026-09-13 21:01:35,Nam,VNPT,linode_singapore,54.0,138.52,21,6,0
2026-09-13 21:12:40,Nam,VNPT,cloudflare,52.0,0.51,21,6,0
2026-09-13 21:12:40,Nam,VNPT,vultr_singapore,209.0,2.46,21,6,0
2026-09-13 21:12:40,Nam,VNPT,vultr_seoul,86.0,9.38,21,6,0
2026-09-13 21:12:40,Nam,VNPT,linode_singapore,58.0,118.33,21,6,0
2026-09-13 21:23:47,Nam,VNPT,cloudflare,54.0,2.85,21,6,0
2026-09-13 21:23:47,Nam,VNPT,vultr_singapore,209.0,2.59,21,6,0
2026-09-13 21:23:47,Nam,VNPT,vultr_seoul,87.0,21.36,21,6,0
2026-09-13 21:23:47,Nam,VNPT,linode_singapore,50.0,239.63,21,6,0
2026-09-13 21:34:40,Nam,VNPT,cloudflare,53.0,0.96,21,6,0
2026-09-13 21:34:40,Nam,VNPT,vultr_singapore,209.0,2.48,21,6,0
2026-09-13 21:34:40,Nam,VNPT,vultr_seoul,84.0,10.36,21,6,0
2026-09-13 21:34:40,Nam,VNPT,linode_singapore,50.0,179.42,21,6,0
2026-09-13 21:45:44,Nam,VNPT,cloudflare,53.0,0.72,21,6,0
2026-09-13 21:45:44,Nam,VNPT,vultr_singapore,210.0,2.51,21,6,0
2026-09-13 21:45:44,Nam,VNPT,vultr_seoul,91.0,4.86,21,6,0
2026-09-13 21:45:44,Nam,VNPT,linode_singapore,50.0,277.39,21,6,0
2026-09-13 23:52:11,Nam,VNPT,cloudflare,55.0,20.16,23,6,0
2026-09-13 23:52:11,Nam,VNPT,vultr_singapore,206.0,2.75,23,6,0
2026-09-13 23:52:11,Nam,VNPT,vultr_seoul,113.0,222.17,23,6,0
2026-09-13 23:52:11,Nam,VNPT,linode_singapore,50.0,9.8,23,6,0
2026-09-14 00:02:59,Nam,VNPT,cloudflare,53.0,26.78,0,0,0
2026-09-14 00:02:59,Nam,VNPT,vultr_singapore,206.0,2.65,0,0,0
2026-09-14 00:02:59,Nam,VNPT,vultr_seoul,83.0,236.56,0,0,0
2026-09-14 00:02:59,Nam,VNPT,linode_singapore,50.0,155.62,0,0,0
2026-09-14 00:13:38,Nam,VNPT,cloudflare,51.0,23.56,0,0,0
2026-09-14 00:13:38,Nam,VNPT,vultr_singapore,208.0,2.75,0,0,0
2026-09-14 00:13:38,Nam,VNPT,vultr_seoul,84.0,45.1,0,0,0
2026-09-14 00:13:38,Nam,VNPT,linode_singapore,50.0,148.99,0,0,0
2026-09-14 00:24:28,Nam,VNPT,cloudflare,51.0,29.55,0,0,0
2026-09-14 00:24:28,Nam,VNPT,vultr_singapore,206.0,4.13,0,0,0
2026-09-14 00:24:28,Nam,VNPT,vultr_seoul,83.0,246.93,0,0,0
2026-09-14 00:24:28,Nam,VNPT,linode_singapore,48.0,185.41,0,0,0
2026-09-14 00:35:06,Nam,VNPT,cloudflare,52.0,21.98,0,0,0
2026-09-14 00:35:06,Nam,VNPT,vultr_singapore,218.0,2.51,0,0,0
2026-09-14 00:35:06,Nam,VNPT,vultr_seoul,102.0,82.99,0,0,0
2026-09-14 00:35:06,Nam,VNPT,linode_singapore,50.0,159.95,0,0,0
2026-09-14 00:45:52,Nam,VNPT,cloudflare,51.0,24.18,0,0,0
2026-09-14 00:45:52,Nam,VNPT,vultr_singapore,206.0,2.78,0,0,0
2026-09-14 00:45:52,Nam,VNPT,vultr_seoul,85.0,219.65,0,0,0
2026-09-14 00:45:52,Nam,VNPT,linode_singapore,50.0,151.53,0,0,0
2026-09-14 00:56:31,Nam,VNPT,cloudflare,52.0,31.53,0,0,0
2026-09-14 00:56:31,Nam,VNPT,vultr_singapore,253.0,2.7,0,0,0
2026-09-14 00:56:31,Nam,VNPT,vultr_seoul,83.0,197.48,0,0,0
2026-09-14 00:56:31,Nam,VNPT,linode_singapore,50.0,178.19,0,0,0
2026-09-14 01:07:10,Nam,VNPT,cloudflare,52.0,28.57,1,0,0
2026-09-14 01:07:10,Nam,VNPT,vultr_singapore,207.0,2.64,1,0,0
2026-09-14 01:07:10,Nam,VNPT,vultr_seoul,83.0,239.34,1,0,0
2026-09-14 01:07:10,Nam,VNPT,linode_singapore,50.0,190.58,1,0,0
2026-09-14 01:17:48,Nam,VNPT,cloudflare,51.0,30.91,1,0,0
2026-09-14 01:17:48,Nam,VNPT,vultr_singapore,208.0,2.71,1,0,0
2026-09-14 01:17:48,Nam,VNPT,vultr_seoul,85.0,251.92,1,0,0
2026-09-14 01:17:48,Nam,VNPT,linode_singapore,50.0,152.04,1,0,0
2026-09-14 01:28:26,Nam,VNPT,cloudflare,51.0,28.01,1,0,0
2026-09-14 01:28:26,Nam,VNPT,vultr_singapore,209.0,6.38,1,0,0
2026-09-14 01:28:26,Nam,VNPT,vultr_seoul,84.0,224.98,1,0,0
2026-09-14 01:28:26,Nam,VNPT,linode_singapore,52.0,221.34,1,0,0
2026-09-14 01:39:04,Nam,VNPT,cloudflare,52.0,25.74,1,0,0
2026-09-14 01:39:04,Nam,VNPT,vultr_singapore,207.0,2.73,1,0,0
2026-09-14 01:39:04,Nam,VNPT,vultr_seoul,84.0,235.41,1,0,0
2026-09-14 01:39:04,Nam,VNPT,linode_singapore,49.0,187.63,1,0,0
2026-09-14 01:49:42,Nam,VNPT,cloudflare,52.0,29.72,1,0,0
2026-09-14 01:49:42,Nam,VNPT,vultr_singapore,207.0,2.68,1,0,0
2026-09-14 01:49:42,Nam,VNPT,vultr_seoul,84.0,254.39,1,0,0
2026-09-14 01:49:42,Nam,VNPT,linode_singapore,50.0,119.38,1,0,0
2026-09-14 02:00:22,Nam,VNPT,cloudflare,52.0,24.99,2,0,0
2026-09-14 02:00:22,Nam,VNPT,vultr_singapore,206.0,2.7,2,0,0
2026-09-14 02:00:22,Nam,VNPT,vultr_seoul,85.0,217.76,2,0,0
2026-09-14 02:00:22,Nam,VNPT,linode_singapore,49.0,154.28,2,0,0
2026-09-14 02:11:02,Nam,VNPT,cloudflare,53.0,26.87,2,0,0
2026-09-14 02:11:02,Nam,VNPT,vultr_singapore,206.0,2.59,2,0,0
2026-09-14 02:11:02,Nam,VNPT,vultr_seoul,83.0,250.3,2,0,0
2026-09-14 02:11:02,Nam,VNPT,linode_singapore,50.0,200.48,2,0,0
2026-09-14 02:21:39,Nam,VNPT,cloudflare,52.0,24.38,2,0,0
2026-09-14 02:21:39,Nam,VNPT,vultr_singapore,206.0,2.64,2,0,0
2026-09-14 02:21:39,Nam,VNPT,vultr_seoul,83.0,215.61,2,0,0
2026-09-14 02:21:39,Nam,VNPT,linode_singapore,49.0,143.58,2,0,0
2026-09-14 02:32:19,Nam,VNPT,cloudflare,52.0,27.63,2,0,0
2026-09-14 02:32:19,Nam,VNPT,vultr_singapore,206.0,2.7,2,0,0
2026-09-14 02:32:19,Nam,VNPT,vultr_seoul,84.0,178.06,2,0,0
2026-09-14 02:32:19,Nam,VNPT,linode_singapore,50.0,13.09,2,0,0
2026-09-14 02:43:08,Nam,VNPT,cloudflare,51.0,25.52,2,0,0
2026-09-14 02:43:08,Nam,VNPT,vultr_singapore,206.0,2.54,2,0,0
2026-09-14 02:43:08,Nam,VNPT,vultr_seoul,83.0,47.37,2,0,0
2026-09-14 02:43:08,Nam,VNPT,linode_singapore,49.0,13.71,2,0,0
2026-09-14 02:54:08,Nam,VNPT,cloudflare,52.0,19.9,2,0,0
2026-09-14 02:54:08,Nam,VNPT,vultr_singapore,206.0,6.27,2,0,0
2026-09-14 02:54:08,Nam,VNPT,vultr_seoul,84.0,255.58,2,0,0
2026-09-14 02:54:08,Nam,VNPT,linode_singapore,49.0,174.56,2,0,0
2026-09-14 03:04:47,Nam,VNPT,cloudflare,52.0,26.13,3,0,0
2026-09-14 03:04:47,Nam,VNPT,vultr_singapore,206.0,2.63,3,0,0
2026-09-14 03:04:47,Nam,VNPT,vultr_seoul,85.0,30.06,3,0,0
2026-09-14 03:04:47,Nam,VNPT,linode_singapore,50.0,102.77,3,0,0
2026-09-14 03:15:40,Nam,VNPT,cloudflare,53.0,29.0,3,0,0
2026-09-14 03:15:40,Nam,VNPT,vultr_singapore,206.0,6.12,3,0,0
2026-09-14 03:15:40,Nam,VNPT,vultr_seoul,83.0,179.51,3,0,0
2026-09-14 03:15:40,Nam,VNPT,linode_singapore,49.0,142.79,3,0,0
2026-09-14 03:26:21,Nam,VNPT,cloudflare,52.0,26.36,3,0,0
2026-09-14 03:26:21,Nam,VNPT,vultr_singapore,207.0,2.78,3,0,0
2026-09-14 03:26:21,Nam,VNPT,vultr_seoul,82.0,235.79,3,0,0
2026-09-14 03:26:21,Nam,VNPT,linode_singapore,50.0,91.74,3,0,0
2026-09-14 03:37:03,Nam,VNPT,cloudflare,52.0,19.56,3,0,0
2026-09-14 03:37:03,Nam,VNPT,vultr_singapore,206.0,2.53,3,0,0
2026-09-14 03:37:03,Nam,VNPT,vultr_seoul,84.0,175.17,3,0,0
2026-09-14 03:37:03,Nam,VNPT,linode_singapore,51.0,248.43,3,0,0
2026-09-14 03:47:42,Nam,VNPT,cloudflare,52.0,34.0,3,0,0
2026-09-14 03:47:42,Nam,VNPT,vultr_singapore,207.0,2.74,3,0,0
2026-09-14 03:47:42,Nam,VNPT,vultr_seoul,83.0,214.98,3,0,0
2026-09-14 03:47:42,Nam,VNPT,linode_singapore,50.0,133.78,3,0,0
2026-09-14 03:58:22,Nam,VNPT,cloudflare,54.0,27.99,3,0,0
2026-09-14 03:58:22,Nam,VNPT,vultr_singapore,206.0,2.87,3,0,0
2026-09-14 03:58:22,Nam,VNPT,vultr_seoul,84.0,156.06,3,0,0
2026-09-14 03:58:22,Nam,VNPT,linode_singapore,51.0,220.75,3,0,0
2026-09-14 04:09:01,Nam,VNPT,cloudflare,52.0,25.25,4,0,0
2026-09-14 04:09:01,Nam,VNPT,vultr_singapore,208.0,2.71,4,0,0
2026-09-14 04:09:01,Nam,VNPT,vultr_seoul,83.0,75.48,4,0,0
2026-09-14 04:09:01,Nam,VNPT,linode_singapore,50.0,189.56,4,0,0
2026-09-14 04:19:46,Nam,VNPT,cloudflare,52.0,24.55,4,0,0
2026-09-14 04:19:46,Nam,VNPT,vultr_singapore,207.0,2.87,4,0,0
2026-09-14 04:19:46,Nam,VNPT,vultr_seoul,84.0,223.71,4,0,0
2026-09-14 04:19:46,Nam,VNPT,linode_singapore,49.0,183.5,4,0,0
2026-09-14 04:30:25,Nam,VNPT,cloudflare,52.0,30.92,4,0,0
2026-09-14 04:30:25,Nam,VNPT,vultr_singapore,207.0,2.78,4,0,0
2026-09-14 04:30:25,Nam,VNPT,vultr_seoul,85.0,36.29,4,0,0
2026-09-14 04:30:25,Nam,VNPT,linode_singapore,50.0,182.86,4,0,0
2026-09-14 04:41:15,Nam,VNPT,cloudflare,51.0,25.12,4,0,0
2026-09-14 04:41:15,Nam,VNPT,vultr_singapore,213.0,2.58,4,0,0
2026-09-14 04:41:15,Nam,VNPT,vultr_seoul,80.0,202.23,4,0,0
2026-09-14 04:41:15,Nam,VNPT,linode_singapore,49.0,150.55,4,0,0
2026-09-14 04:51:54,Nam,VNPT,cloudflare,51.0,29.09,4,0,0
2026-09-14 04:51:54,Nam,VNPT,vultr_singapore,213.0,2.89,4,0,0
2026-09-14 04:51:54,Nam,VNPT,vultr_seoul,82.0,222.22,4,0,0
2026-09-14 04:51:54,Nam,VNPT,linode_singapore,50.0,126.72,4,0,0
2026-09-14 05:02:34,Nam,VNPT,cloudflare,51.0,28.48,5,0,0
2026-09-14 05:02:34,Nam,VNPT,vultr_singapore,213.0,2.49,5,0,0
2026-09-14 05:02:34,Nam,VNPT,vultr_seoul,80.0,224.33,5,0,0
2026-09-14 05:02:34,Nam,VNPT,linode_singapore,50.0,265.82,5,0,0
2026-09-14 05:13:11,Nam,VNPT,cloudflare,51.0,25.4,5,0,0
2026-09-14 05:13:11,Nam,VNPT,vultr_singapore,214.0,2.69,5,0,0
2026-09-14 05:13:11,Nam,VNPT,vultr_seoul,81.0,238.73,5,0,0
2026-09-14 05:13:11,Nam,VNPT,linode_singapore,51.0,145.38,5,0,0
2026-09-14 05:23:51,Nam,VNPT,cloudflare,50.0,19.46,5,0,0
2026-09-14 05:23:51,Nam,VNPT,vultr_singapore,212.0,2.51,5,0,0
2026-09-14 05:23:51,Nam,VNPT,vultr_seoul,81.0,208.94,5,0,0
2026-09-14 05:23:51,Nam,VNPT,linode_singapore,49.0,5.65,5,0,0
2026-09-14 05:34:47,Nam,VNPT,cloudflare,51.0,19.58,5,0,0
2026-09-14 05:34:47,Nam,VNPT,vultr_singapore,212.0,12.89,5,0,0
2026-09-14 05:34:47,Nam,VNPT,vultr_seoul,83.0,267.16,5,0,0
2026-09-14 05:34:47,Nam,VNPT,linode_singapore,49.0,121.86,5,0,0
2026-09-14 05:45:27,Nam,VNPT,cloudflare,51.0,16.08,5,0,0
2026-09-14 05:45:27,Nam,VNPT,vultr_singapore,213.0,2.6,5,0,0
2026-09-14 05:45:27,Nam,VNPT,vultr_seoul,81.0,32.5,5,0,0
2026-09-14 05:45:27,Nam,VNPT,linode_singapore,50.0,116.95,5,0,0
2026-09-14 05:56:20,Nam,VNPT,cloudflare,52.0,26.28,5,0,0
2026-09-14 05:56:20,Nam,VNPT,vultr_singapore,213.0,13.56,5,0,0
2026-09-14 05:56:20,Nam,VNPT,vultr_seoul,81.0,221.23,5,0,0
2026-09-14 05:56:20,Nam,VNPT,linode_singapore,50.0,163.55,5,0,0
2026-09-14 06:06:59,Nam,VNPT,cloudflare,50.0,33.99,6,0,0
2026-09-14 06:06:59,Nam,VNPT,vultr_singapore,206.0,2.56,6,0,0
2026-09-14 06:06:59,Nam,VNPT,vultr_seoul,82.0,35.65,6,0,0
2026-09-14 06:06:59,Nam,VNPT,linode_singapore,50.0,17.02,6,0,0
2026-09-14 06:17:59,Nam,VNPT,cloudflare,50.0,30.12,6,0,0
2026-09-14 06:17:59,Nam,VNPT,vultr_singapore,209.0,2.71,6,0,0
2026-09-14 06:17:59,Nam,VNPT,vultr_seoul,82.0,232.4,6,0,0
2026-09-14 06:17:59,Nam,VNPT,linode_singapore,50.0,83.38,6,0,0
2026-09-14 06:28:42,Nam,VNPT,cloudflare,51.0,25.07,6,0,0
2026-09-14 06:28:42,Nam,VNPT,vultr_singapore,207.0,2.7,6,0,0
2026-09-14 06:28:42,Nam,VNPT,vultr_seoul,81.0,237.16,6,0,0
2026-09-14 06:28:42,Nam,VNPT,linode_singapore,51.0,197.81,6,0,0
2026-09-14 06:39:20,Nam,VNPT,cloudflare,56.0,24.3,6,0,0
2026-09-14 06:39:20,Nam,VNPT,vultr_singapore,207.0,2.63,6,0,0
2026-09-14 06:39:20,Nam,VNPT,vultr_seoul,80.0,227.29,6,0,0
2026-09-14 06:39:20,Nam,VNPT,linode_singapore,49.0,144.85,6,0,0
2026-09-14 06:50:00,Nam,VNPT,cloudflare,53.0,24.7,6,0,0
2026-09-14 06:50:00,Nam,VNPT,vultr_singapore,206.0,2.58,6,0,0
2026-09-14 06:50:00,Nam,VNPT,vultr_seoul,81.0,198.6,6,0,0
2026-09-14 06:50:00,Nam,VNPT,linode_singapore,49.0,161.93,6,0,0
2026-09-14 07:00:39,Nam,VNPT,cloudflare,51.0,34.8,7,0,0
2026-09-14 07:00:39,Nam,VNPT,vultr_singapore,207.0,2.74,7,0,0
2026-09-14 07:00:39,Nam,VNPT,vultr_seoul,83.0,227.37,7,0,0
2026-09-14 07:00:39,Nam,VNPT,linode_singapore,54.0,287.63,7,0,0
2026-09-14 07:11:15,Nam,VNPT,cloudflare,53.0,30.78,7,0,0
2026-09-14 07:11:15,Nam,VNPT,vultr_singapore,206.0,2.54,7,0,0
2026-09-14 07:11:15,Nam,VNPT,vultr_seoul,85.0,16.22,7,0,0
2026-09-14 07:11:15,Nam,VNPT,linode_singapore,49.0,239.69,7,0,0
2026-09-14 07:22:03,Nam,VNPT,cloudflare,80.0,13.17,7,0,0
2026-09-14 07:22:03,Nam,VNPT,vultr_singapore,233.0,2.48,7,0,0
2026-09-14 07:22:03,Nam,VNPT,vultr_seoul,81.0,224.37,7,0,0
2026-09-14 07:22:03,Nam,VNPT,linode_singapore,51.0,7.42,7,0,0
2026-09-14 09:33:29,Nam,VNPT,cloudflare,55.0,24.44,9,0,0
2026-09-14 09:33:29,Nam,VNPT,vultr_singapore,221.0,2.86,9,0,0
2026-09-14 09:33:29,Nam,VNPT,vultr_seoul,82.0,255.65,9,0,0
2026-09-14 09:33:29,Nam,VNPT,linode_singapore,50.0,157.91,9,0,0
2026-09-14 09:44:08,Nam,VNPT,cloudflare,53.0,24.02,9,0,0
2026-09-14 09:44:08,Nam,VNPT,vultr_singapore,261.0,2.63,9,0,0
2026-09-14 09:44:08,Nam,VNPT,vultr_seoul,84.0,12.28,9,0,0
2026-09-14 09:44:08,Nam,VNPT,linode_singapore,52.0,112.45,9,0,0
2026-09-14 09:55:00,Nam,VNPT,cloudflare,53.0,9.65,9,0,0
2026-09-14 09:55:00,Nam,VNPT,vultr_singapore,296.0,2.95,9,0,0
2026-09-14 09:55:00,Nam,VNPT,vultr_seoul,83.0,122.82,9,0,0
2026-09-14 09:55:00,Nam,VNPT,linode_singapore,52.0,178.26,9,0,0
2026-09-14 10:05:43,Nam,VNPT,cloudflare,53.0,25.22,10,0,0
2026-09-14 10:05:43,Nam,VNPT,vultr_singapore,239.0,2.78,10,0,0
2026-09-14 10:05:43,Nam,VNPT,vultr_seoul,83.0,200.7,10,0,0
2026-09-14 10:05:43,Nam,VNPT,linode_singapore,51.0,131.96,10,0,0
2026-09-14 10:16:23,Nam,VNPT,cloudflare,53.0,21.48,10,0,0
2026-09-14 10:16:23,Nam,VNPT,vultr_singapore,231.0,11.68,10,0,0
2026-09-14 10:16:23,Nam,VNPT,vultr_seoul,86.0,67.77,10,0,0
2026-09-14 10:16:23,Nam,VNPT,linode_singapore,50.0,158.33,10,0,0
2026-09-14 10:27:11,Nam,VNPT,cloudflare,52.0,31.03,10,0,0
2026-09-14 10:27:11,Nam,VNPT,vultr_singapore,235.0,9.4,10,0,0
2026-09-14 10:27:11,Nam,VNPT,vultr_seoul,88.0,220.9,10,0,0
2026-09-14 10:27:11,Nam,VNPT,linode_singapore,50.0,166.04,10,0,0
2026-09-14 10:37:49,Nam,VNPT,cloudflare,52.0,11.26,10,0,0
2026-09-14 10:37:49,Nam,VNPT,vultr_singapore,206.0,2.65,10,0,0
2026-09-14 10:37:49,Nam,VNPT,vultr_seoul,82.0,223.23,10,0,0
2026-09-14 10:37:49,Nam,VNPT,linode_singapore,48.0,247.55,10,0,0
2026-09-14 10:48:27,Nam,VNPT,cloudflare,52.0,29.29,10,0,0
2026-09-14 10:48:27,Nam,VNPT,vultr_singapore,481.0,0.79,10,0,1
2026-09-14 10:48:27,Nam,VNPT,vultr_seoul,86.0,247.88,10,0,0
2026-09-14 10:48:27,Nam,VNPT,linode_singapore,51.0,128.05,10,0,0
2026-09-14 10:59:10,Nam,VNPT,cloudflare,269.0,5.12,10,0,0
2026-09-14 10:59:10,Nam,VNPT,vultr_singapore,280.0,6.43,10,0,0
2026-09-14 10:59:10,Nam,VNPT,vultr_seoul,80.0,182.08,10,0,0
2026-09-14 10:59:10,Nam,VNPT,linode_singapore,59.0,100.59,10,0,0
2026-09-14 11:09:55,Nam,VNPT,cloudflare,55.0,8.37,11,0,0
2026-09-14 11:09:55,Nam,VNPT,vultr_singapore,258.0,2.9,11,0,0
2026-09-14 11:09:55,Nam,VNPT,vultr_seoul,84.0,242.71,11,0,0
2026-09-14 11:09:55,Nam,VNPT,linode_singapore,51.0,215.85,11,0,0
2026-09-14 11:20:34,Nam,VNPT,cloudflare,53.0,13.79,11,0,0
2026-09-14 11:20:34,Nam,VNPT,vultr_singapore,225.0,2.7,11,0,0
2026-09-14 11:20:34,Nam,VNPT,vultr_seoul,83.0,254.07,11,0,0
2026-09-14 11:20:34,Nam,VNPT,linode_singapore,51.0,163.04,11,0,0
2026-09-14 11:31:13,Nam,VNPT,cloudflare,52.0,17.3,11,0,0
2026-09-14 11:31:13,Nam,VNPT,vultr_singapore,256.0,2.79,11,0,0
2026-09-14 11:31:13,Nam,VNPT,vultr_seoul,91.0,130.94,11,0,0
2026-09-14 11:31:13,Nam,VNPT,linode_singapore,55.0,122.21,11,0,0
2026-09-14 11:41:56,Nam,VNPT,cloudflare,54.0,10.07,11,0,0
2026-09-14 11:41:56,Nam,VNPT,vultr_singapore,249.0,2.81,11,0,0
2026-09-14 11:41:56,Nam,VNPT,vultr_seoul,83.0,227.23,11,0,0
2026-09-14 11:41:56,Nam,VNPT,linode_singapore,51.0,113.02,11,0,0
2026-09-14 11:52:38,Nam,VNPT,cloudflare,54.0,13.12,11,0,0
2026-09-14 11:52:38,Nam,VNPT,vultr_singapore,246.0,13.71,11,0,0
2026-09-14 11:52:38,Nam,VNPT,vultr_seoul,81.0,221.89,11,0,0
2026-09-14 11:52:38,Nam,VNPT,linode_singapore,49.0,148.58,11,0,0
2026-09-14 12:03:18,Nam,VNPT,cloudflare,52.0,2.6,12,0,0
2026-09-14 12:03:18,Nam,VNPT,vultr_singapore,254.0,2.63,12,0,0
2026-09-14 12:03:18,Nam,VNPT,vultr_seoul,83.0,6.78,12,0,0
2026-09-14 12:03:18,Nam,VNPT,linode_singapore,51.0,140.8,12,0,0
2026-09-14 12:14:15,Nam,VNPT,cloudflare,52.0,1.92,12,0,0
2026-09-14 12:14:15,Nam,VNPT,vultr_singapore,209.0,2.71,12,0,0
2026-09-14 12:14:15,Nam,VNPT,vultr_seoul,80.0,187.21,12,0,0
2026-09-14 12:14:15,Nam,VNPT,linode_singapore,51.0,137.92,12,0,0
2026-09-14 12:25:03,Nam,VNPT,cloudflare,52.0,4.57,12,0,0
2026-09-14 12:25:03,Nam,VNPT,vultr_singapore,216.0,3.49,12,0,0
2026-09-14 12:25:03,Nam,VNPT,vultr_seoul,81.0,15.22,12,0,0
2026-09-14 12:25:03,Nam,VNPT,linode_singapore,51.0,226.51,12,0,0
2026-09-14 12:35:55,Nam,VNPT,cloudflare,52.0,1.85,12,0,0
2026-09-14 12:35:55,Nam,VNPT,vultr_singapore,240.0,2.84,12,0,0
2026-09-14 12:35:55,Nam,VNPT,vultr_seoul,82.0,15.62,12,0,0
2026-09-14 12:35:55,Nam,VNPT,linode_singapore,50.0,142.79,12,0,0
2026-09-14 12:46:54,Nam,VNPT,cloudflare,54.0,2.5,12,0,0
2026-09-14 12:46:54,Nam,VNPT,vultr_singapore,249.0,3.01,12,0,0
2026-09-14 12:46:54,Nam,VNPT,vultr_seoul,81.0,203.8,12,0,0
2026-09-14 12:46:54,Nam,VNPT,linode_singapore,50.0,149.38,12,0,0
2026-09-14 12:57:39,Nam,VNPT,cloudflare,53.0,5.37,12,0,0
2026-09-14 12:57:39,Nam,VNPT,vultr_singapore,239.0,2.68,12,0,0
2026-09-14 12:57:39,Nam,VNPT,vultr_seoul,84.0,216.39,12,0,0
2026-09-14 12:57:39,Nam,VNPT,linode_singapore,50.0,212.23,12,0,0
2026-09-14 13:08:19,Nam,VNPT,cloudflare,55.0,6.58,13,0,0
2026-09-14 13:08:19,Nam,VNPT,vultr_singapore,235.0,2.85,13,0,0
2026-09-14 13:08:19,Nam,VNPT,vultr_seoul,81.0,222.1,13,0,0
2026-09-14 13:08:19,Nam,VNPT,linode_singapore,50.0,4.17,13,0,0
2026-09-14 13:19:10,Nam,VNPT,cloudflare,88.0,4.19,13,0,0
2026-09-14 13:19:10,Nam,VNPT,vultr_singapore,280.0,2.92,13,0,0
2026-09-14 13:19:10,Nam,VNPT,vultr_seoul,81.0,226.41,13,0,0
2026-09-14 13:19:10,Nam,VNPT,linode_singapore,52.0,132.39,13,0,0
2026-09-14 13:29:54,Nam,VNPT,cloudflare,52.0,6.54,13,0,0
2026-09-14 13:29:54,Nam,VNPT,vultr_singapore,269.0,4.05,13,0,0
2026-09-14 13:29:54,Nam,VNPT,vultr_seoul,179.0,135.75,13,0,0
2026-09-14 13:29:54,Nam,VNPT,linode_singapore,51.0,126.28,13,0,0
2026-09-14 13:40:39,Nam,VNPT,cloudflare,52.0,4.98,13,0,0
2026-09-14 13:40:39,Nam,VNPT,vultr_singapore,274.0,2.83,13,0,0
2026-09-14 13:40:39,Nam,VNPT,vultr_seoul,81.0,214.58,13,0,0
2026-09-14 13:40:39,Nam,VNPT,linode_singapore,60.0,207.99,13,0,0
2026-09-14 13:51:20,Nam,VNPT,cloudflare,53.0,16.26,13,0,0
2026-09-14 13:51:20,Nam,VNPT,vultr_singapore,238.0,2.83,13,0,0
2026-09-14 13:51:20,Nam,VNPT,vultr_seoul,81.0,150.68,13,0,0
2026-09-14 13:51:20,Nam,VNPT,linode_singapore,88.0,8.24,13,0,0
2026-09-14 14:02:11,Nam,VNPT,cloudflare,53.0,5.27,14,0,0
2026-09-14 14:02:11,Nam,VNPT,vultr_singapore,221.0,2.88,14,0,0
2026-09-14 14:02:11,Nam,VNPT,vultr_seoul,83.0,261.71,14,0,0
2026-09-14 14:02:11,Nam,VNPT,linode_singapore,50.0,122.16,14,0,0
2026-09-14 14:12:53,Nam,VNPT,cloudflare,53.0,7.75,14,0,0
2026-09-14 14:12:53,Nam,VNPT,vultr_singapore,226.0,5.55,14,0,0
2026-09-14 14:12:53,Nam,VNPT,vultr_seoul,83.0,139.71,14,0,0
2026-09-14 14:12:53,Nam,VNPT,linode_singapore,51.0,246.73,14,0,0
2026-09-14 14:23:34,Nam,VNPT,cloudflare,51.0,8.01,14,0,0
2026-09-14 14:23:34,Nam,VNPT,vultr_singapore,231.0,2.89,14,0,0
2026-09-14 14:23:34,Nam,VNPT,vultr_seoul,83.0,245.17,14,0,0
2026-09-14 14:23:34,Nam,VNPT,linode_singapore,51.0,208.68,14,0,0
2026-09-14 14:34:12,Nam,VNPT,cloudflare,52.0,10.58,14,0,0
2026-09-14 14:34:12,Nam,VNPT,vultr_singapore,251.0,2.79,14,0,0
2026-09-14 14:34:12,Nam,VNPT,vultr_seoul,96.0,49.69,14,0,0
2026-09-14 14:34:12,Nam,VNPT,linode_singapore,51.0,159.13,14,0,0
2026-09-14 14:45:04,Nam,VNPT,cloudflare,51.0,5.61,14,0,0
2026-09-14 14:45:04,Nam,VNPT,vultr_singapore,224.0,7.18,14,0,0
2026-09-14 14:45:04,Nam,VNPT,vultr_seoul,83.0,189.33,14,0,0
2026-09-14 14:45:04,Nam,VNPT,linode_singapore,52.0,297.86,14,0,0
2026-09-14 14:55:43,Nam,VNPT,cloudflare,54.0,5.89,14,0,0
2026-09-14 14:55:43,Nam,VNPT,vultr_singapore,206.0,2.9,14,0,0
2026-09-14 14:55:43,Nam,VNPT,vultr_seoul,81.0,78.44,14,0,0
2026-09-14 14:55:43,Nam,VNPT,linode_singapore,51.0,65.36,14,0,0
2026-09-14 15:06:39,Nam,VNPT,cloudflare,54.0,6.94,15,0,0
2026-09-14 15:06:39,Nam,VNPT,vultr_singapore,253.0,45.65,15,0,0
2026-09-14 15:06:39,Nam,VNPT,vultr_seoul,83.0,73.42,15,0,0
2026-09-14 15:06:39,Nam,VNPT,linode_singapore,50.0,133.89,15,0,0
2026-09-14 18:42:52,Nam,VNPT,cloudflare,52.0,5.28,18,0,0
2026-09-14 18:42:52,Nam,VNPT,vultr_singapore,218.0,2.65,18,0,0
2026-09-14 18:42:52,Nam,VNPT,vultr_seoul,80.0,104.18,18,0,0
2026-09-14 18:42:52,Nam,VNPT,linode_singapore,49.0,127.61,18,0,0
2026-09-14 18:53:29,Nam,VNPT,cloudflare,52.0,9.17,18,0,0
2026-09-14 18:53:29,Nam,VNPT,vultr_singapore,207.0,2.73,18,0,0
2026-09-14 18:53:29,Nam,VNPT,vultr_seoul,82.0,120.24,18,0,0
2026-09-14 18:53:29,Nam,VNPT,linode_singapore,54.0,168.5,18,0,0
2026-09-14 19:04:12,Nam,VNPT,cloudflare,52.0,2.66,19,0,0
2026-09-14 19:04:12,Nam,VNPT,vultr_singapore,207.0,2.48,19,0,0
2026-09-14 19:04:12,Nam,VNPT,vultr_seoul,82.0,81.87,19,0,0
2026-09-14 19:04:12,Nam,VNPT,linode_singapore,49.0,184.74,19,0,0
2026-09-14 19:15:02,Nam,VNPT,cloudflare,86.0,1.3,19,0,0
2026-09-14 19:15:02,Nam,VNPT,vultr_singapore,207.0,2.58,19,0,0
2026-09-14 19:15:02,Nam,VNPT,vultr_seoul,84.0,28.81,19,0,0
2026-09-14 19:15:02,Nam,VNPT,linode_singapore,60.0,80.56,19,0,0
2026-09-14 19:26:09,Nam,VNPT,cloudflare,53.0,5.49,19,0,0
2026-09-14 19:26:09,Nam,VNPT,vultr_singapore,208.0,2.77,19,0,0
2026-09-14 19:26:09,Nam,VNPT,vultr_seoul,82.0,11.27,19,0,0
2026-09-14 19:26:09,Nam,VNPT,linode_singapore,50.0,185.72,19,0,0
2026-09-14 19:37:01,Nam,VNPT,cloudflare,51.0,1.97,19,0,0
2026-09-14 19:37:01,Nam,VNPT,vultr_singapore,207.0,2.68,19,0,0
2026-09-14 19:37:01,Nam,VNPT,vultr_seoul,87.0,23.1,19,0,0
2026-09-14 19:37:01,Nam,VNPT,linode_singapore,108.0,14.32,19,0,0
2026-09-14 19:48:09,Nam,VNPT,cloudflare,52.0,2.94,19,0,0
2026-09-14 19:48:09,Nam,VNPT,vultr_singapore,206.0,2.52,19,0,0
2026-09-14 19:48:09,Nam,VNPT,vultr_seoul,89.0,2.31,19,0,0
2026-09-14 19:48:09,Nam,VNPT,linode_singapore,51.0,112.46,19,0,0
2026-09-14 19:59:06,Nam,VNPT,cloudflare,62.0,2.29,19,0,0
2026-09-14 19:59:06,Nam,VNPT,vultr_singapore,206.0,9.51,19,0,0
2026-09-14 19:59:06,Nam,VNPT,vultr_seoul,81.0,4.81,19,0,0
2026-09-14 19:59:06,Nam,VNPT,linode_singapore,50.0,145.65,19,0,0
2026-09-14 20:10:03,Nam,VNPT,cloudflare,52.0,1.82,20,0,0
2026-09-14 20:10:03,Nam,VNPT,vultr_singapore,207.0,2.71,20,0,0
2026-09-14 20:10:03,Nam,VNPT,vultr_seoul,82.0,9.03,20,0,0
2026-09-14 20:10:03,Nam,VNPT,linode_singapore,50.0,104.29,20,0,0
2026-09-14 20:21:05,Nam,VNPT,cloudflare,51.0,2.48,20,0,0
2026-09-14 20:21:05,Nam,VNPT,vultr_singapore,206.0,2.5,20,0,0
2026-09-14 20:21:05,Nam,VNPT,vultr_seoul,81.0,1.47,20,0,0
2026-09-14 20:21:05,Nam,VNPT,linode_singapore,50.0,180.66,20,0,0
2026-09-14 20:32:00,Nam,VNPT,cloudflare,52.0,1.7,20,0,0
2026-09-14 20:32:00,Nam,VNPT,vultr_singapore,208.0,2.57,20,0,0
2026-09-14 20:32:00,Nam,VNPT,vultr_seoul,81.0,1.09,20,0,0
2026-09-14 20:32:00,Nam,VNPT,linode_singapore,50.0,130.57,20,0,0
2026-09-14 20:43:01,Nam,VNPT,cloudflare,49.0,1.18,20,0,0
2026-09-14 20:43:01,Nam,VNPT,vultr_singapore,206.0,2.56,20,0,0
2026-09-14 20:43:01,Nam,VNPT,vultr_seoul,82.0,2.18,20,0,0
2026-09-14 20:43:01,Nam,VNPT,linode_singapore,50.0,7.11,20,0,0
2026-09-14 20:54:14,Nam,VNPT,cloudflare,55.0,2.07,20,0,0
2026-09-14 20:54:14,Nam,VNPT,vultr_singapore,254.0,2.49,20,0,0
2026-09-14 20:54:14,Nam,VNPT,vultr_seoul,82.0,0.83,20,0,0
2026-09-14 20:54:14,Nam,VNPT,linode_singapore,50.0,67.09,20,0,0
2026-09-14 21:05:20,Nam,VNPT,cloudflare,53.0,2.75,21,0,0
2026-09-14 21:05:20,Nam,VNPT,vultr_singapore,206.0,2.52,21,0,0
2026-09-14 21:05:20,Nam,VNPT,vultr_seoul,82.0,6.15,21,0,0
2026-09-14 21:05:20,Nam,VNPT,linode_singapore,51.0,237.75,21,0,0
2026-09-14 21:16:14,Nam,VNPT,cloudflare,52.0,1.59,21,0,0
2026-09-14 21:16:14,Nam,VNPT,vultr_singapore,204.0,2.65,21,0,0
2026-09-14 21:16:14,Nam,VNPT,vultr_seoul,85.0,1.53,21,0,0
2026-09-14 21:16:14,Nam,VNPT,linode_singapore,50.0,236.69,21,0,0
2026-09-14 22:26:01,Nam,VNPT,cloudflare,53.0,4.01,22,0,0
2026-09-14 22:26:01,Nam,VNPT,vultr_singapore,248.0,2.62,22,0,0
2026-09-14 22:26:01,Nam,VNPT,vultr_seoul,82.0,225.54,22,0,0
2026-09-14 22:26:01,Nam,VNPT,linode_singapore,47.0,130.27,22,0,0
2026-09-14 22:36:44,Nam,VNPT,cloudflare,52.0,3.12,22,0,0
2026-09-14 22:36:44,Nam,VNPT,vultr_singapore,260.0,6.42,22,0,0
2026-09-14 22:36:44,Nam,VNPT,vultr_seoul,82.0,248.05,22,0,0
2026-09-14 22:36:44,Nam,VNPT,linode_singapore,50.0,158.6,22,0,0
2026-09-14 22:47:27,Nam,VNPT,cloudflare,52.0,3.11,22,0,0
2026-09-14 22:47:27,Nam,VNPT,vultr_singapore,236.0,2.53,22,0,0
2026-09-14 22:47:27,Nam,VNPT,vultr_seoul,80.0,238.54,22,0,0
2026-09-14 22:47:27,Nam,VNPT,linode_singapore,50.0,221.96,22,0,0
2026-09-14 22:58:09,Nam,VNPT,cloudflare,54.0,8.3,22,0,0
2026-09-14 22:58:09,Nam,VNPT,vultr_singapore,239.0,2.93,22,0,0
2026-09-14 22:58:09,Nam,VNPT,vultr_seoul,87.0,246.21,22,0,0
2026-09-14 22:58:09,Nam,VNPT,linode_singapore,50.0,179.96,22,0,0
2026-09-14 23:08:48,Nam,VNPT,cloudflare,53.0,6.4,23,0,0
2026-09-14 23:08:48,Nam,VNPT,vultr_singapore,303.0,2.94,23,0,0
2026-09-14 23:08:48,Nam,VNPT,vultr_seoul,82.0,252.83,23,0,0
2026-09-14 23:08:48,Nam,VNPT,linode_singapore,53.0,176.51,23,0,0
2026-09-14 23:19:28,Nam,VNPT,cloudflare,221.0,4.82,23,0,0
2026-09-14 23:19:28,Nam,VNPT,vultr_singapore,294.0,2.65,23,0,0
2026-09-14 23:19:28,Nam,VNPT,vultr_seoul,265.0,83.04,23,0,0
2026-09-14 23:19:28,Nam,VNPT,linode_singapore,50.0,20.33,23,0,0
2026-09-15 08:09:55,Nam,VNPT,cloudflare,79.0,13.34,8,1,0
2026-09-15 08:09:55,Nam,VNPT,vultr_singapore,114.0,4.52,8,1,0
2026-09-15 08:09:55,Nam,VNPT,vultr_seoul,132.0,45.34,8,1,0
2026-09-15 08:09:55,Nam,VNPT,linode_singapore,115.0,9.28,8,1,0
2026-09-15 08:20:55,Nam,VNPT,cloudflare,135.0,8.08,8,1,0
2026-09-15 08:20:55,Nam,VNPT,vultr_singapore,102.0,2.45,8,1,0
2026-09-15 08:20:55,Nam,VNPT,vultr_seoul,144.0,7.85,8,1,0
2026-09-15 08:20:55,Nam,VNPT,linode_singapore,72.0,1.84,8,1,0
2026-09-15 08:31:57,Nam,VNPT,cloudflare,109.0,5.96,8,1,0
2026-09-15 08:31:57,Nam,VNPT,vultr_singapore,67.0,20.06,8,1,0
2026-09-15 08:31:57,Nam,VNPT,vultr_seoul,140.0,2.22,8,1,0
2026-09-15 08:31:57,Nam,VNPT,linode_singapore,84.0,8.23,8,1,0
2026-09-15 08:42:59,Nam,VNPT,cloudflare,93.0,13.08,8,1,0
2026-09-15 08:42:59,Nam,VNPT,vultr_singapore,93.0,8.48,8,1,0
2026-09-15 08:42:59,Nam,VNPT,vultr_seoul,127.0,68.21,8,1,0
2026-09-15 08:42:59,Nam,VNPT,linode_singapore,89.0,8.24,8,1,0
2026-09-15 08:53:56,Nam,VNPT,cloudflare,129.0,13.86,8,1,0
2026-09-15 08:53:56,Nam,VNPT,vultr_singapore,100.0,5.82,8,1,0
2026-09-15 08:53:56,Nam,VNPT,vultr_seoul,118.0,84.77,8,1,0
2026-09-15 08:53:56,Nam,VNPT,linode_singapore,288.0,9.04,8,1,1
2026-09-15 09:04:52,Nam,VNPT,cloudflare,94.0,7.32,9,1,0
2026-09-15 09:04:52,Nam,VNPT,vultr_singapore,110.0,6.74,9,1,0
2026-09-15 09:04:52,Nam,VNPT,vultr_seoul,172.0,96.55,9,1,0
2026-09-15 09:04:52,Nam,VNPT,linode_singapore,122.0,86.24,9,1,0
2026-09-15 09:15:42,Nam,VNPT,cloudflare,108.0,7.19,9,1,0
2026-09-15 09:15:42,Nam,VNPT,vultr_singapore,89.0,6.24,9,1,0
2026-09-15 09:15:42,Nam,VNPT,vultr_seoul,133.0,30.33,9,1,0
2026-09-15 09:15:42,Nam,VNPT,linode_singapore,109.0,2.9,9,1,0
2026-09-15 09:26:44,Nam,VNPT,cloudflare,94.0,8.19,9,1,0
2026-09-15 09:26:44,Nam,VNPT,vultr_singapore,52.0,5.98,9,1,0
2026-09-15 09:26:44,Nam,VNPT,vultr_seoul,126.0,6.57,9,1,0
2026-09-15 09:26:44,Nam,VNPT,linode_singapore,89.0,1.83,9,1,0
2026-09-15 09:37:46,Nam,VNPT,cloudflare,84.0,5.09,9,1,0
2026-09-15 09:37:46,Nam,VNPT,vultr_singapore,96.0,18.06,9,1,0
2026-09-15 09:37:46,Nam,VNPT,vultr_seoul,137.0,36.03,9,1,0
2026-09-15 09:37:46,Nam,VNPT,linode_singapore,130.0,50.72,9,1,0
2026-09-15 09:48:49,Nam,VNPT,cloudflare,148.0,5.96,9,1,0
2026-09-15 09:48:49,Nam,VNPT,vultr_singapore,102.0,7.03,9,1,0
2026-09-15 09:48:49,Nam,VNPT,vultr_seoul,187.0,12.09,9,1,0
2026-09-15 09:48:49,Nam,VNPT,linode_singapore,140.0,12.95,9,1,0
2026-09-15 09:59:53,Nam,VNPT,cloudflare,111.0,4.39,9,1,0
2026-09-15 09:59:53,Nam,VNPT,vultr_singapore,109.0,7.19,9,1,0
2026-09-15 09:59:53,Nam,VNPT,vultr_seoul,120.0,70.04,9,1,0
2026-09-15 09:59:53,Nam,VNPT,linode_singapore,74.0,2.02,9,1,0
2026-09-15 10:10:53,Nam,VNPT,cloudflare,115.0,7.62,10,1,0
2026-09-15 10:10:53,Nam,VNPT,vultr_singapore,152.0,5.69,10,1,0
2026-09-15 10:10:53,Nam,VNPT,vultr_seoul,177.0,56.41,10,1,0
2026-09-15 10:10:53,Nam,VNPT,linode_singapore,98.0,3.0,10,1,0
2026-09-15 10:21:54,Nam,VNPT,cloudflare,125.0,5.38,10,1,0
2026-09-15 10:21:54,Nam,VNPT,vultr_singapore,183.0,9.5,10,1,0
2026-09-15 10:21:54,Nam,VNPT,vultr_seoul,158.0,37.81,10,1,0
2026-09-15 10:21:54,Nam,VNPT,linode_singapore,75.0,1.72,10,1,0
2026-09-15 10:32:57,Nam,VNPT,cloudflare,559.0,3.77,10,1,1
2026-09-15 10:32:57,Nam,VNPT,vultr_singapore,115.0,8.47,10,1,0
2026-09-15 10:32:57,Nam,VNPT,vultr_seoul,183.0,32.03,10,1,0
2026-09-15 10:32:57,Nam,VNPT,linode_singapore,354.0,30.85,10,1,1
2026-09-15 10:44:01,Nam,VNPT,cloudflare,256.0,5.01,10,1,0
2026-09-15 10:44:01,Nam,VNPT,vultr_singapore,508.0,4.64,10,1,1
2026-09-15 10:44:01,Nam,VNPT,vultr_seoul,198.0,10.37,10,1,0
2026-09-15 10:44:01,Nam,VNPT,linode_singapore,156.0,9.84,10,1,0
2026-09-15 10:55:05,Nam,VNPT,cloudflare,137.0,12.04,10,1,0
2026-09-15 10:55:05,Nam,VNPT,vultr_singapore,277.0,5.61,10,1,0
2026-09-15 10:55:05,Nam,VNPT,vultr_seoul,155.0,8.85,10,1,0
2026-09-15 10:55:05,Nam,VNPT,linode_singapore,96.0,2.68,10,1,0
2026-09-15 11:06:06,Nam,VNPT,cloudflare,91.0,5.66,11,1,0
2026-09-15 11:06:06,Nam,VNPT,vultr_singapore,162.0,2.38,11,1,0
2026-09-15 11:06:06,Nam,VNPT,vultr_seoul,183.0,10.18,11,1,0
2026-09-15 11:06:06,Nam,VNPT,linode_singapore,165.0,7.97,11,1,0
2026-09-15 11:17:08,Nam,VNPT,cloudflare,107.0,1.82,11,1,0
2026-09-15 11:17:08,Nam,VNPT,vultr_singapore,115.0,5.84,11,1,0
2026-09-15 11:17:08,Nam,VNPT,vultr_seoul,197.0,1.74,11,1,0
2026-09-15 11:17:08,Nam,VNPT,linode_singapore,96.0,2.14,11,1,0
2026-09-15 11:28:17,Nam,VNPT,cloudflare,147.0,6.61,11,1,0
2026-09-15 11:28:17,Nam,VNPT,vultr_singapore,281.0,6.94,11,1,0
2026-09-15 11:28:17,Nam,VNPT,vultr_seoul,231.0,1.43,11,1,0
2026-09-15 11:28:17,Nam,VNPT,linode_singapore,654.0,32.93,11,1,1
2026-09-15 17:06:36,Nam,VNPT,cloudflare,65.0,17.88,17,1,0
2026-09-15 17:06:36,Nam,VNPT,vultr_singapore,38.0,56.01,17,1,0
2026-09-15 17:06:36,Nam,VNPT,vultr_seoul,132.0,9.21,17,1,0
2026-09-15 17:06:36,Nam,VNPT,linode_singapore,64.0,32.75,17,1,0
2026-09-15 17:17:36,Nam,VNPT,cloudflare,124.0,19.92,17,1,0
2026-09-15 17:17:36,Nam,VNPT,vultr_singapore,73.0,10.97,17,1,0
2026-09-15 17:17:36,Nam,VNPT,vultr_seoul,141.0,45.67,17,1,0
2026-09-15 17:17:36,Nam,VNPT,linode_singapore,66.0,4.46,17,1,0
2026-09-15 17:28:36,Nam,VNPT,cloudflare,55.0,19.09,17,1,0
2026-09-15 17:28:36,Nam,VNPT,vultr_singapore,50.0,13.54,17,1,0
2026-09-15 17:28:36,Nam,VNPT,vultr_seoul,110.0,86.54,17,1,0
2026-09-15 17:28:36,Nam,VNPT,linode_singapore,46.0,18.5,17,1,0
2026-09-15 22:58:07,Nam,VNPT,cloudflare,249.0,2.64,22,1,0
2026-09-15 22:58:07,Nam,VNPT,vultr_singapore,54.0,7.38,22,1,0
2026-09-15 22:58:07,Nam,VNPT,vultr_seoul,109.0,11.56,22,1,0
2026-09-15 22:58:07,Nam,VNPT,linode_singapore,52.0,18.03,22,1,0
2026-09-16 07:05:39,Nam,VNPT,cloudflare,58.0,17.82,7,2,0
2026-09-16 07:05:39,Nam,VNPT,vultr_singapore,75.0,6.54,7,2,0
2026-09-16 07:05:39,Nam,VNPT,vultr_seoul,153.0,14.05,7,2,0
2026-09-16 07:05:39,Nam,VNPT,linode_singapore,49.0,19.56,7,2,0
2026-09-16 07:16:38,Nam,VNPT,cloudflare,58.0,19.09,7,2,0
2026-09-16 07:16:38,Nam,VNPT,vultr_singapore,56.0,10.0,7,2,0
2026-09-16 07:16:38,Nam,VNPT,vultr_seoul,127.0,28.64,7,2,0
2026-09-16 07:16:38,Nam,VNPT,linode_singapore,53.0,19.1,7,2,0
2026-09-16 07:27:38,Nam,VNPT,cloudflare,50.0,23.5,7,2,0
2026-09-16 07:27:38,Nam,VNPT,vultr_singapore,54.0,17.04,7,2,0
2026-09-16 07:27:38,Nam,VNPT,vultr_seoul,136.0,24.98,7,2,0
2026-09-16 07:27:38,Nam,VNPT,linode_singapore,50.0,16.84,7,2,0
2026-09-16 07:38:38,Nam,VNPT,cloudflare,52.0,19.21,7,2,0
2026-09-16 07:38:38,Nam,VNPT,vultr_singapore,55.0,7.13,7,2,0
2026-09-16 07:38:38,Nam,VNPT,vultr_seoul,185.0,4.81,7,2,0
2026-09-16 07:38:38,Nam,VNPT,linode_singapore,50.0,39.02,7,2,0
2026-09-16 07:49:38,Nam,VNPT,cloudflare,53.0,24.53,7,2,0
2026-09-16 07:49:38,Nam,VNPT,vultr_singapore,56.0,12.87,7,2,0
2026-09-16 07:49:38,Nam,VNPT,vultr_seoul,190.0,21.49,7,2,0
2026-09-16 07:49:38,Nam,VNPT,linode_singapore,49.0,63.27,7,2,0
2026-09-16 08:00:36,Nam,VNPT,cloudflare,57.0,17.86,8,2,0
2026-09-16 08:00:36,Nam,VNPT,vultr_singapore,72.0,6.15,8,2,0
2026-09-16 08:00:36,Nam,VNPT,vultr_seoul,164.0,40.44,8,2,0
2026-09-16 08:00:36,Nam,VNPT,linode_singapore,65.0,35.2,8,2,0
2026-09-16 08:11:39,Nam,VNPT,cloudflare,52.0,15.6,8,2,0
2026-09-16 08:11:39,Nam,VNPT,vultr_singapore,54.0,26.76,8,2,0
2026-09-16 08:11:39,Nam,VNPT,vultr_seoul,162.0,50.78,8,2,0
2026-09-16 08:11:39,Nam,VNPT,linode_singapore,52.0,58.08,8,2,0
2026-09-16 08:22:38,Nam,VNPT,cloudflare,55.0,20.06,8,2,0
2026-09-16 08:22:38,Nam,VNPT,vultr_singapore,56.0,2.67,8,2,0
2026-09-16 08:22:38,Nam,VNPT,vultr_seoul,166.0,42.85,8,2,0
2026-09-16 08:22:38,Nam,VNPT,linode_singapore,52.0,50.64,8,2,0
2026-09-16 08:33:38,Nam,VNPT,cloudflare,50.0,18.25,8,2,0
2026-09-16 08:33:38,Nam,VNPT,vultr_singapore,55.0,6.46,8,2,0
2026-09-16 08:33:38,Nam,VNPT,vultr_seoul,203.0,4.91,8,2,0
2026-09-16 08:33:38,Nam,VNPT,linode_singapore,50.0,16.41,8,2,0
2026-09-16 08:44:38,Nam,VNPT,cloudflare,52.0,15.39,8,2,0
2026-09-16 08:44:38,Nam,VNPT,vultr_singapore,56.0,2.87,8,2,0
2026-09-16 08:44:38,Nam,VNPT,vultr_seoul,134.0,11.9,8,2,0
2026-09-16 08:44:38,Nam,VNPT,linode_singapore,79.0,11.32,8,2,0
2026-09-16 08:55:38,Nam,VNPT,cloudflare,52.0,16.02,8,2,0
2026-09-16 08:55:38,Nam,VNPT,vultr_singapore,84.0,5.67,8,2,0
2026-09-16 08:55:38,Nam,VNPT,vultr_seoul,153.0,5.13,8,2,0
2026-09-16 08:55:38,Nam,VNPT,linode_singapore,50.0,17.5,8,2,0
2026-09-16 09:06:38,Nam,VNPT,cloudflare,50.0,12.39,9,2,0
2026-09-16 09:06:38,Nam,VNPT,vultr_singapore,55.0,5.84,9,2,0
2026-09-16 09:06:38,Nam,VNPT,vultr_seoul,117.0,11.26,9,2,0
2026-09-16 09:06:38,Nam,VNPT,linode_singapore,58.0,17.56,9,2,0
2026-09-16 09:17:38,Nam,VNPT,cloudflare,57.0,18.2,9,2,0
2026-09-16 09:17:38,Nam,VNPT,vultr_singapore,55.0,9.56,9,2,0
2026-09-16 09:17:38,Nam,VNPT,vultr_seoul,140.0,12.66,9,2,0
2026-09-16 09:17:38,Nam,VNPT,linode_singapore,50.0,34.16,9,2,0
2026-09-16 09:28:37,Nam,VNPT,cloudflare,52.0,15.55,9,2,0
2026-09-16 09:28:37,Nam,VNPT,vultr_singapore,57.0,6.23,9,2,0
2026-09-16 09:28:37,Nam,VNPT,vultr_seoul,111.0,22.68,9,2,0
2026-09-16 09:28:37,Nam,VNPT,linode_singapore,87.0,14.55,9,2,0
2026-09-16 09:39:37,Nam,VNPT,cloudflare,54.0,13.45,9,2,0
2026-09-16 09:39:37,Nam,VNPT,vultr_singapore,58.0,11.71,9,2,0
2026-09-16 09:39:37,Nam,VNPT,vultr_seoul,157.0,16.47,9,2,0
2026-09-16 09:39:37,Nam,VNPT,linode_singapore,62.0,36.36,9,2,0
2026-09-16 09:50:37,Nam,VNPT,cloudflare,53.0,18.74,9,2,0
2026-09-16 09:50:37,Nam,VNPT,vultr_singapore,53.0,35.66,9,2,0
2026-09-16 09:50:37,Nam,VNPT,vultr_seoul,346.0,2.32,9,2,0
2026-09-16 09:50:37,Nam,VNPT,linode_singapore,63.0,21.13,9,2,0
2026-09-16 10:01:41,Nam,VNPT,cloudflare,50.0,22.01,10,2,0
2026-09-16 10:01:41,Nam,VNPT,vultr_singapore,52.0,7.95,10,2,0
2026-09-16 10:01:41,Nam,VNPT,vultr_seoul,139.0,24.94,10,2,0
2026-09-16 10:01:41,Nam,VNPT,linode_singapore,78.0,25.6,10,2,0
2026-09-16 10:04:10,Nam,VNPT,cloudflare,60.0,21.1,10,2,0
2026-09-16 10:04:10,Nam,VNPT,vultr_singapore,214.0,11.81,10,2,0
2026-09-16 10:04:10,Nam,VNPT,vultr_seoul,108.0,25.02,10,2,0
2026-09-16 10:04:10,Nam,VNPT,linode_singapore,58.0,88.74,10,2,0
2026-09-16 10:15:04,Nam,VNPT,cloudflare,74.0,19.66,10,2,0
2026-09-16 10:15:04,Nam,VNPT,vultr_singapore,214.0,2.78,10,2,0
2026-09-16 10:15:04,Nam,VNPT,vultr_seoul,108.0,94.66,10,2,0
2026-09-16 10:15:04,Nam,VNPT,linode_singapore,59.0,40.37,10,2,0
2026-09-16 10:25:57,Nam,VNPT,cloudflare,62.0,18.59,10,2,0
2026-09-16 10:25:57,Nam,VNPT,vultr_singapore,216.0,2.51,10,2,0
2026-09-16 10:25:57,Nam,VNPT,vultr_seoul,109.0,78.23,10,2,0
2026-09-16 10:25:57,Nam,VNPT,linode_singapore,55.0,101.51,10,2,0
2026-09-16 10:36:46,Nam,VNPT,cloudflare,62.0,19.52,10,2,0
2026-09-16 10:36:46,Nam,VNPT,vultr_singapore,214.0,2.11,10,2,0
2026-09-16 10:36:46,Nam,VNPT,vultr_seoul,108.0,62.18,10,2,0
2026-09-16 10:36:46,Nam,VNPT,linode_singapore,58.0,112.4,10,2,0
2026-09-16 10:47:37,Nam,VNPT,cloudflare,63.0,20.23,10,2,0
2026-09-16 10:47:37,Nam,VNPT,vultr_singapore,215.0,2.55,10,2,0
2026-09-16 10:47:37,Nam,VNPT,vultr_seoul,108.0,6.38,10,2,0
2026-09-16 10:47:37,Nam,VNPT,linode_singapore,59.0,49.79,10,2,0
2026-09-16 10:58:37,Nam,VNPT,cloudflare,61.0,18.97,10,2,0
2026-09-16 10:58:37,Nam,VNPT,vultr_singapore,215.0,11.08,10,2,0
2026-09-16 10:58:37,Nam,VNPT,vultr_seoul,107.0,118.91,10,2,0
2026-09-16 10:58:37,Nam,VNPT,linode_singapore,56.0,102.76,10,2,0
2026-09-16 11:09:23,Nam,VNPT,cloudflare,67.0,19.48,11,2,0
2026-09-16 11:09:23,Nam,VNPT,vultr_singapore,215.0,2.61,11,2,0
2026-09-16 11:09:23,Nam,VNPT,vultr_seoul,106.0,88.58,11,2,0
2026-09-16 11:09:23,Nam,VNPT,linode_singapore,61.0,49.56,11,2,0
2026-09-16 11:20:17,Nam,VNPT,cloudflare,60.0,21.66,11,2,0
2026-09-16 11:20:17,Nam,VNPT,vultr_singapore,215.0,2.52,11,2,0
2026-09-16 11:20:17,Nam,VNPT,vultr_seoul,107.0,135.1,11,2,0
2026-09-16 11:20:17,Nam,VNPT,linode_singapore,57.0,67.49,11,2,0
2026-09-16 11:31:05,Nam,VNPT,cloudflare,61.0,19.34,11,2,0
2026-09-16 11:31:05,Nam,VNPT,vultr_singapore,216.0,2.76,11,2,0
2026-09-16 11:31:05,Nam,VNPT,vultr_seoul,113.0,34.74,11,2,0
2026-09-16 11:31:05,Nam,VNPT,linode_singapore,58.0,31.52,11,2,0
2026-09-16 11:42:05,Nam,VNPT,cloudflare,63.0,20.42,11,2,0
2026-09-16 11:42:05,Nam,VNPT,vultr_singapore,221.0,2.71,11,2,0
2026-09-16 11:42:05,Nam,VNPT,vultr_seoul,108.0,56.28,11,2,0
2026-09-16 11:42:05,Nam,VNPT,linode_singapore,72.0,28.43,11,2,0
2026-09-16 11:53:05,Nam,VNPT,cloudflare,62.0,14.97,11,2,0
2026-09-16 11:53:05,Nam,VNPT,vultr_singapore,215.0,2.73,11,2,0
2026-09-16 11:53:05,Nam,VNPT,vultr_seoul,107.0,78.29,11,2,0
2026-09-16 11:53:05,Nam,VNPT,linode_singapore,57.0,28.58,11,2,0
2026-09-16 12:04:01,Nam,VNPT,cloudflare,64.0,16.77,12,2,0
2026-09-16 12:04:01,Nam,VNPT,vultr_singapore,214.0,2.46,12,2,0
2026-09-16 12:04:01,Nam,VNPT,vultr_seoul,110.0,15.7,12,2,0
2026-09-16 12:04:01,Nam,VNPT,linode_singapore,63.0,25.89,12,2,0
2026-09-16 12:15:01,Nam,VNPT,cloudflare,67.0,17.8,12,2,0
2026-09-16 12:15:01,Nam,VNPT,vultr_singapore,219.0,2.75,12,2,0
2026-09-16 12:15:01,Nam,VNPT,vultr_seoul,113.0,93.75,12,2,0
2026-09-16 12:15:01,Nam,VNPT,linode_singapore,66.0,27.25,12,2,0
2026-09-16 12:25:55,Nam,VNPT,cloudflare,64.0,19.26,12,2,0
2026-09-16 12:25:55,Nam,VNPT,vultr_singapore,222.0,2.61,12,2,0
2026-09-16 12:25:55,Nam,VNPT,vultr_seoul,108.0,72.73,12,2,0
2026-09-16 12:25:55,Nam,VNPT,linode_singapore,65.0,66.75,12,2,0
2026-09-16 12:36:49,Nam,VNPT,cloudflare,63.0,21.06,12,2,0
2026-09-16 12:36:49,Nam,VNPT,vultr_singapore,216.0,33.44,12,2,0
2026-09-16 12:36:49,Nam,VNPT,vultr_seoul,110.0,93.6,12,2,0
2026-09-16 12:36:49,Nam,VNPT,linode_singapore,58.0,87.23,12,2,0
2026-09-16 12:47:38,Nam,VNPT,cloudflare,62.0,17.51,12,2,0
2026-09-16 12:47:38,Nam,VNPT,vultr_singapore,214.0,2.65,12,2,0
2026-09-16 12:47:38,Nam,VNPT,vultr_seoul,108.0,79.25,12,2,0
2026-09-16 12:47:38,Nam,VNPT,linode_singapore,58.0,55.54,12,2,0
2026-09-16 12:58:33,Nam,VNPT,cloudflare,64.0,18.69,12,2,0
2026-09-16 12:58:33,Nam,VNPT,vultr_singapore,218.0,2.73,12,2,0
2026-09-16 12:58:33,Nam,VNPT,vultr_seoul,109.0,72.24,12,2,0
2026-09-16 12:58:33,Nam,VNPT,linode_singapore,58.0,63.02,12,2,0
2026-09-16 13:09:28,Nam,VNPT,cloudflare,62.0,17.97,13,2,0
2026-09-16 13:09:28,Nam,VNPT,vultr_singapore,220.0,2.41,13,2,0
2026-09-16 13:09:28,Nam,VNPT,vultr_seoul,114.0,15.04,13,2,0
2026-09-16 13:09:28,Nam,VNPT,linode_singapore,59.0,28.69,13,2,0
2026-09-16 13:20:28,Nam,VNPT,cloudflare,61.0,16.65,13,2,0
2026-09-16 13:20:28,Nam,VNPT,vultr_singapore,217.0,2.52,13,2,0
2026-09-16 13:20:28,Nam,VNPT,vultr_seoul,107.0,56.95,13,2,0
2026-09-16 13:20:28,Nam,VNPT,linode_singapore,64.0,66.15,13,2,0
2026-09-16 13:31:26,Nam,VNPT,cloudflare,63.0,16.62,13,2,0
2026-09-16 13:31:26,Nam,VNPT,vultr_singapore,216.0,2.57,13,2,0
2026-09-16 13:31:26,Nam,VNPT,vultr_seoul,113.0,65.91,13,2,0
2026-09-16 13:31:26,Nam,VNPT,linode_singapore,57.0,33.69,13,2,0
2026-09-16 13:42:23,Nam,VNPT,cloudflare,64.0,19.39,13,2,0
2026-09-16 13:42:23,Nam,VNPT,vultr_singapore,222.0,2.57,13,2,0
2026-09-16 13:42:23,Nam,VNPT,vultr_seoul,107.0,44.57,13,2,0
2026-09-16 13:42:23,Nam,VNPT,linode_singapore,58.0,37.96,13,2,0
2026-09-16 13:53:23,Nam,VNPT,cloudflare,62.0,16.29,13,2,0
2026-09-16 13:53:23,Nam,VNPT,vultr_singapore,215.0,2.59,13,2,0
2026-09-16 13:53:23,Nam,VNPT,vultr_seoul,109.0,15.09,13,2,0
2026-09-16 13:53:23,Nam,VNPT,linode_singapore,59.0,46.58,13,2,0
2026-09-16 14:04:23,Nam,VNPT,cloudflare,60.0,18.06,14,2,0
2026-09-16 14:04:23,Nam,VNPT,vultr_singapore,215.0,2.54,14,2,0
2026-09-16 14:04:23,Nam,VNPT,vultr_seoul,108.0,47.17,14,2,0
2026-09-16 14:04:23,Nam,VNPT,linode_singapore,62.0,55.87,14,2,0
2026-09-16 14:15:23,Nam,VNPT,cloudflare,61.0,19.89,14,2,0
2026-09-16 14:15:23,Nam,VNPT,vultr_singapore,224.0,2.69,14,2,0
2026-09-16 14:15:23,Nam,VNPT,vultr_seoul,109.0,55.82,14,2,0
2026-09-16 14:15:23,Nam,VNPT,linode_singapore,60.0,92.73,14,2,0
2026-09-16 14:26:17,Nam,VNPT,cloudflare,64.0,16.97,14,2,0
2026-09-16 14:26:17,Nam,VNPT,vultr_singapore,214.0,2.68,14,2,0
2026-09-16 14:26:17,Nam,VNPT,vultr_seoul,109.0,57.68,14,2,0
2026-09-16 14:26:17,Nam,VNPT,linode_singapore,58.0,98.35,14,2,0
2026-09-16 14:37:10,Nam,VNPT,cloudflare,61.0,19.49,14,2,0
2026-09-16 14:37:10,Nam,VNPT,vultr_singapore,214.0,2.63,14,2,0
2026-09-16 14:37:10,Nam,VNPT,vultr_seoul,107.0,103.68,14,2,0
2026-09-16 14:37:10,Nam,VNPT,linode_singapore,58.0,85.27,14,2,0
2026-09-16 14:47:57,Nam,VNPT,cloudflare,62.0,19.25,14,2,0
2026-09-16 14:47:57,Nam,VNPT,vultr_singapore,215.0,10.59,14,2,0
2026-09-16 14:47:57,Nam,VNPT,vultr_seoul,107.0,38.53,14,2,0
2026-09-16 14:47:57,Nam,VNPT,linode_singapore,56.0,41.46,14,2,0
2026-09-16 14:58:57,Nam,VNPT,cloudflare,61.0,17.66,14,2,0
2026-09-16 14:58:57,Nam,VNPT,vultr_singapore,230.0,2.7,14,2,0
2026-09-16 14:58:57,Nam,VNPT,vultr_seoul,108.0,103.16,14,2,0
2026-09-16 14:58:57,Nam,VNPT,linode_singapore,56.0,86.49,14,2,0
2026-09-16 15:09:45,Nam,VNPT,cloudflare,60.0,18.5,15,2,0
2026-09-16 15:09:45,Nam,VNPT,vultr_singapore,215.0,2.64,15,2,0
2026-09-16 15:09:45,Nam,VNPT,vultr_seoul,111.0,108.06,15,2,0
2026-09-16 15:09:45,Nam,VNPT,linode_singapore,58.0,97.81,15,2,0
2026-09-16 15:20:31,Nam,VNPT,cloudflare,60.0,21.62,15,2,0
2026-09-16 15:20:31,Nam,VNPT,vultr_singapore,216.0,2.5,15,2,0
2026-09-16 15:20:31,Nam,VNPT,vultr_seoul,108.0,101.83,15,2,0
2026-09-16 15:20:31,Nam,VNPT,linode_singapore,58.0,72.99,15,2,0
2026-09-16 15:31:21,Nam,VNPT,cloudflare,63.0,16.15,15,2,0
2026-09-16 15:31:21,Nam,VNPT,vultr_singapore,215.0,2.61,15,2,0
2026-09-16 15:31:21,Nam,VNPT,vultr_seoul,111.0,96.69,15,2,0
2026-09-16 15:31:21,Nam,VNPT,linode_singapore,58.0,75.41,15,2,0
2026-09-16 15:42:11,Nam,VNPT,cloudflare,64.0,17.7,15,2,0
2026-09-16 15:42:11,Nam,VNPT,vultr_singapore,215.0,2.94,15,2,0
2026-09-16 15:42:11,Nam,VNPT,vultr_seoul,108.0,10.62,15,2,0
2026-09-16 15:42:11,Nam,VNPT,linode_singapore,58.0,28.45,15,2,0
2026-09-16 15:53:11,Nam,VNPT,cloudflare,60.0,20.51,15,2,0
2026-09-16 15:53:11,Nam,VNPT,vultr_singapore,214.0,2.43,15,2,0
2026-09-16 15:53:11,Nam,VNPT,vultr_seoul,109.0,25.15,15,2,0
2026-09-16 15:53:11,Nam,VNPT,linode_singapore,57.0,54.23,15,2,0
2026-09-16 16:04:11,Nam,VNPT,cloudflare,63.0,17.89,16,2,0
2026-09-16 16:04:11,Nam,VNPT,vultr_singapore,215.0,2.62,16,2,0
2026-09-16 16:04:11,Nam,VNPT,vultr_seoul,109.0,57.06,16,2,0
2026-09-16 16:04:11,Nam,VNPT,linode_singapore,60.0,77.24,16,2,0
2026-09-16 16:15:06,Nam,VNPT,cloudflare,64.0,22.7,16,2,0
2026-09-16 16:15:06,Nam,VNPT,vultr_singapore,215.0,2.72,16,2,0
2026-09-16 16:15:06,Nam,VNPT,vultr_seoul,108.0,66.66,16,2,0
2026-09-16 16:15:06,Nam,VNPT,linode_singapore,57.0,69.69,16,2,0
2026-09-16 16:26:01,Nam,VNPT,cloudflare,60.0,19.47,16,2,0
2026-09-16 16:26:01,Nam,VNPT,vultr_singapore,216.0,2.56,16,2,0
2026-09-16 16:26:01,Nam,VNPT,vultr_seoul,108.0,114.61,16,2,0
2026-09-16 16:26:01,Nam,VNPT,linode_singapore,59.0,82.06,16,2,0
2026-09-16 16:36:49,Nam,VNPT,cloudflare,66.0,16.64,16,2,0
2026-09-16 16:36:49,Nam,VNPT,vultr_singapore,215.0,2.6,16,2,0
2026-09-16 16:36:49,Nam,VNPT,vultr_seoul,109.0,108.79,16,2,0
2026-09-16 16:36:49,Nam,VNPT,linode_singapore,57.0,68.95,16,2,0
2026-09-16 17:53:21,Nam,VNPT,cloudflare,61.0,18.69,17,2,0
2026-09-16 17:53:21,Nam,VNPT,vultr_singapore,214.0,2.65,17,2,0
2026-09-16 17:53:21,Nam,VNPT,vultr_seoul,107.0,223.61,17,2,0
2026-09-16 17:53:21,Nam,VNPT,linode_singapore,55.0,178.65,17,2,0
2026-09-16 18:03:59,Nam,VNPT,cloudflare,62.0,13.88,18,2,0
2026-09-16 18:03:59,Nam,VNPT,vultr_singapore,213.0,2.63,18,2,0
2026-09-16 18:03:59,Nam,VNPT,vultr_seoul,108.0,208.3,18,2,0
2026-09-16 18:03:59,Nam,VNPT,linode_singapore,59.0,94.26,18,2,0
2026-09-16 18:14:41,Nam,VNPT,cloudflare,61.0,18.89,18,2,0
2026-09-16 18:14:41,Nam,VNPT,vultr_singapore,214.0,2.52,18,2,0
2026-09-16 18:14:41,Nam,VNPT,vultr_seoul,109.0,189.81,18,2,0
2026-09-16 18:14:41,Nam,VNPT,linode_singapore,59.0,157.12,18,2,0
2026-09-16 18:25:21,Nam,VNPT,cloudflare,62.0,17.13,18,2,0
2026-09-16 18:25:21,Nam,VNPT,vultr_singapore,214.0,2.45,18,2,0
2026-09-16 18:25:21,Nam,VNPT,vultr_seoul,108.0,201.65,18,2,0
2026-09-16 18:25:21,Nam,VNPT,linode_singapore,58.0,128.04,18,2,0
2026-09-16 18:36:01,Nam,VNPT,cloudflare,61.0,21.67,18,2,0
2026-09-16 18:36:01,Nam,VNPT,vultr_singapore,213.0,2.53,18,2,0
2026-09-16 18:36:01,Nam,VNPT,vultr_seoul,108.0,180.81,18,2,0
2026-09-16 18:36:01,Nam,VNPT,linode_singapore,57.0,107.07,18,2,0
2026-09-16 18:46:43,Nam,VNPT,cloudflare,60.0,18.64,18,2,0
2026-09-16 18:46:43,Nam,VNPT,vultr_singapore,214.0,2.64,18,2,0
2026-09-16 18:46:43,Nam,VNPT,vultr_seoul,107.0,138.7,18,2,0
2026-09-16 18:46:43,Nam,VNPT,linode_singapore,55.0,184.45,18,2,0
2026-09-16 18:57:23,Nam,VNPT,cloudflare,61.0,18.31,18,2,0
2026-09-16 18:57:23,Nam,VNPT,vultr_singapore,214.0,4.59,18,2,0
2026-09-16 18:57:23,Nam,VNPT,vultr_seoul,110.0,93.34,18,2,0
2026-09-16 18:57:23,Nam,VNPT,linode_singapore,56.0,109.34,18,2,0
2026-09-16 19:08:09,Nam,VNPT,cloudflare,61.0,19.08,19,2,0
2026-09-16 19:08:09,Nam,VNPT,vultr_singapore,214.0,6.52,19,2,0
2026-09-16 19:08:09,Nam,VNPT,vultr_seoul,108.0,208.57,19,2,0
2026-09-16 19:08:09,Nam,VNPT,linode_singapore,56.0,80.43,19,2,0
2026-09-16 19:18:53,Nam,VNPT,cloudflare,62.0,19.1,19,2,0
2026-09-16 19:18:53,Nam,VNPT,vultr_singapore,213.0,2.62,19,2,0
2026-09-16 19:18:53,Nam,VNPT,vultr_seoul,108.0,161.36,19,2,0
2026-09-16 19:18:53,Nam,VNPT,linode_singapore,58.0,129.48,19,2,0
2026-09-16 19:29:35,Nam,VNPT,cloudflare,61.0,19.54,19,2,0
2026-09-16 19:29:35,Nam,VNPT,vultr_singapore,218.0,2.66,19,2,0
2026-09-16 19:29:35,Nam,VNPT,vultr_seoul,109.0,176.11,19,2,0
2026-09-16 19:29:35,Nam,VNPT,linode_singapore,57.0,140.95,19,2,0
2026-09-16 19:40:18,Nam,VNPT,cloudflare,80.0,9.4,19,2,0
2026-09-16 19:40:18,Nam,VNPT,vultr_singapore,263.0,2.45,19,2,0
2026-09-16 19:40:18,Nam,VNPT,vultr_seoul,119.0,198.41,19,2,0
2026-09-16 19:40:18,Nam,VNPT,linode_singapore,66.0,125.7,19,2,0
2026-09-16 19:50:59,Nam,VNPT,cloudflare,73.0,18.78,19,2,0
2026-09-16 19:50:59,Nam,VNPT,vultr_singapore,215.0,2.55,19,2,0
2026-09-16 19:50:59,Nam,VNPT,vultr_seoul,108.0,115.92,19,2,0
2026-09-16 19:50:59,Nam,VNPT,linode_singapore,57.0,4.54,19,2,0
2026-09-16 20:01:51,Nam,VNPT,cloudflare,74.0,18.06,20,2,0
2026-09-16 20:01:51,Nam,VNPT,vultr_singapore,216.0,2.64,20,2,0
2026-09-16 20:01:51,Nam,VNPT,vultr_seoul,110.0,110.38,20,2,0
2026-09-16 20:01:51,Nam,VNPT,linode_singapore,73.0,21.94,20,2,0
2026-09-16 20:12:44,Nam,VNPT,cloudflare,60.0,19.09,20,2,0
2026-09-16 20:12:44,Nam,VNPT,vultr_singapore,265.0,1.02,20,2,0
2026-09-16 20:12:44,Nam,VNPT,vultr_seoul,140.0,21.09,20,2,0
2026-09-16 20:12:44,Nam,VNPT,linode_singapore,73.0,140.8,20,2,0
2026-09-16 20:23:34,Nam,VNPT,cloudflare,190.0,18.57,20,2,0
2026-09-16 20:23:34,Nam,VNPT,vultr_singapore,214.0,2.67,20,2,0
2026-09-16 20:23:34,Nam,VNPT,vultr_seoul,119.0,143.09,20,2,0
2026-09-16 20:23:34,Nam,VNPT,linode_singapore,56.0,193.07,20,2,0
2026-09-16 20:34:15,Nam,VNPT,cloudflare,69.0,10.86,20,2,0
2026-09-16 20:34:15,Nam,VNPT,vultr_singapore,214.0,2.64,20,2,0
2026-09-16 20:34:15,Nam,VNPT,vultr_seoul,129.0,188.43,20,2,0
2026-09-16 20:34:15,Nam,VNPT,linode_singapore,61.0,44.42,20,2,0
2026-09-16 20:45:05,Nam,VNPT,cloudflare,62.0,10.59,20,2,0
2026-09-16 20:45:05,Nam,VNPT,vultr_singapore,223.0,1.65,20,2,0
2026-09-16 20:45:05,Nam,VNPT,vultr_seoul,150.0,98.54,20,2,0
2026-09-16 20:45:05,Nam,VNPT,linode_singapore,57.0,118.15,20,2,0
2026-09-16 20:55:51,Nam,VNPT,cloudflare,64.0,20.08,20,2,0
2026-09-16 20:55:51,Nam,VNPT,vultr_singapore,222.0,0.48,20,2,0
2026-09-16 20:55:51,Nam,VNPT,vultr_seoul,144.0,201.11,20,2,0
2026-09-16 20:55:51,Nam,VNPT,linode_singapore,60.0,20.34,20,2,0
2026-09-16 21:06:44,Nam,VNPT,cloudflare,65.0,19.01,21,2,0
2026-09-16 21:06:44,Nam,VNPT,vultr_singapore,215.0,2.67,21,2,0
2026-09-16 21:06:44,Nam,VNPT,vultr_seoul,108.0,199.4,21,2,0
2026-09-16 21:06:44,Nam,VNPT,linode_singapore,58.0,108.49,21,2,0
2026-09-16 21:17:25,Nam,VNPT,cloudflare,60.0,22.17,21,2,0
2026-09-16 21:17:25,Nam,VNPT,vultr_singapore,215.0,2.49,21,2,0
2026-09-16 21:17:25,Nam,VNPT,vultr_seoul,108.0,195.59,21,2,0
2026-09-16 21:17:25,Nam,VNPT,linode_singapore,57.0,157.7,21,2,0
2026-09-16 21:28:05,Nam,VNPT,cloudflare,61.0,20.12,21,2,0
2026-09-16 21:28:05,Nam,VNPT,vultr_singapore,214.0,2.75,21,2,0
2026-09-16 21:28:05,Nam,VNPT,vultr_seoul,108.0,200.95,21,2,0
2026-09-16 21:28:05,Nam,VNPT,linode_singapore,55.0,137.65,21,2,0
2026-09-16 21:38:45,Nam,VNPT,cloudflare,60.0,19.43,21,2,0
2026-09-16 21:38:45,Nam,VNPT,vultr_singapore,214.0,2.58,21,2,0
2026-09-16 21:38:45,Nam,VNPT,vultr_seoul,109.0,216.71,21,2,0
2026-09-16 21:38:45,Nam,VNPT,linode_singapore,60.0,164.11,21,2,0
2026-09-16 22:36:13,Nam,VNPT,cloudflare,61.0,20.22,22,2,0
2026-09-16 22:36:13,Nam,VNPT,vultr_singapore,215.0,17.22,22,2,0
2026-09-16 22:36:13,Nam,VNPT,vultr_seoul,129.0,202.94,22,2,0
2026-09-16 22:36:13,Nam,VNPT,linode_singapore,57.0,237.3,22,2,0
2026-09-16 22:46:51,Nam,VNPT,cloudflare,63.0,20.24,22,2,0
2026-09-16 22:46:51,Nam,VNPT,vultr_singapore,253.0,2.69,22,2,0
2026-09-16 22:46:51,Nam,VNPT,vultr_seoul,170.0,213.56,22,2,0
2026-09-16 22:46:51,Nam,VNPT,linode_singapore,59.0,129.79,22,2,0
2026-09-16 22:57:32,Nam,VNPT,cloudflare,62.0,19.32,22,2,0
2026-09-16 22:57:32,Nam,VNPT,vultr_singapore,237.0,2.83,22,2,0
2026-09-16 22:57:32,Nam,VNPT,vultr_seoul,119.0,218.13,22,2,0
2026-09-16 22:57:32,Nam,VNPT,linode_singapore,57.0,307.08,22,2,0
2026-09-16 23:08:08,Nam,VNPT,cloudflare,63.0,19.97,23,2,0
2026-09-16 23:08:08,Nam,VNPT,vultr_singapore,292.0,2.93,23,2,0
2026-09-16 23:08:08,Nam,VNPT,vultr_seoul,128.0,32.14,23,2,0
2026-09-16 23:08:08,Nam,VNPT,linode_singapore,57.0,174.85,23,2,0
2026-09-16 23:18:59,Nam,VNPT,cloudflare,61.0,17.34,23,2,0
2026-09-16 23:18:59,Nam,VNPT,vultr_singapore,243.0,2.83,23,2,0
2026-09-16 23:18:59,Nam,VNPT,vultr_seoul,113.0,127.65,23,2,0
2026-09-16 23:18:59,Nam,VNPT,linode_singapore,57.0,121.63,23,2,0
2026-09-16 23:29:42,Nam,VNPT,cloudflare,62.0,18.25,23,2,0
2026-09-16 23:29:42,Nam,VNPT,vultr_singapore,248.0,2.79,23,2,0
2026-09-16 23:29:42,Nam,VNPT,vultr_seoul,140.0,205.08,23,2,0
2026-09-16 23:29:42,Nam,VNPT,linode_singapore,58.0,214.33,23,2,0
2026-09-16 23:40:21,Nam,VNPT,cloudflare,61.0,17.5,23,2,0
2026-09-16 23:40:21,Nam,VNPT,vultr_singapore,293.0,2.93,23,2,0
2026-09-16 23:40:21,Nam,VNPT,vultr_seoul,170.0,193.29,23,2,0
2026-09-16 23:40:21,Nam,VNPT,linode_singapore,60.0,174.76,23,2,0
2026-09-16 23:51:00,Nam,VNPT,cloudflare,61.0,19.84,23,2,0
2026-09-16 23:51:00,Nam,VNPT,vultr_singapore,261.0,2.9,23,2,0
2026-09-16 23:51:00,Nam,VNPT,vultr_seoul,138.0,198.89,23,2,0
2026-09-16 23:51:00,Nam,VNPT,linode_singapore,58.0,301.97,23,2,0
2026-09-17 00:01:38,Nam,VNPT,cloudflare,64.0,18.58,0,3,0
2026-09-17 00:01:38,Nam,VNPT,vultr_singapore,294.0,2.97,0,3,0
2026-09-17 00:01:38,Nam,VNPT,vultr_seoul,123.0,199.34,0,3,0
2026-09-17 00:01:38,Nam,VNPT,linode_singapore,58.0,124.32,0,3,0
2026-09-17 00:12:19,Nam,VNPT,cloudflare,62.0,19.29,0,3,0
2026-09-17 00:12:19,Nam,VNPT,vultr_singapore,295.0,3.17,0,3,0
2026-09-17 00:12:19,Nam,VNPT,vultr_seoul,144.0,189.21,0,3,0
2026-09-17 00:12:19,Nam,VNPT,linode_singapore,58.0,190.41,0,3,0
2026-09-17 00:22:59,Nam,VNPT,cloudflare,62.0,23.59,0,3,0
2026-09-17 00:22:59,Nam,VNPT,vultr_singapore,216.0,2.64,0,3,0
2026-09-17 00:22:59,Nam,VNPT,vultr_seoul,107.0,218.17,0,3,0
2026-09-17 00:22:59,Nam,VNPT,linode_singapore,57.0,115.46,0,3,0
2026-09-17 00:33:39,Nam,VNPT,cloudflare,61.0,20.61,0,3,0
2026-09-17 00:33:39,Nam,VNPT,vultr_singapore,216.0,41.61,0,3,0
2026-09-17 00:33:39,Nam,VNPT,vultr_seoul,108.0,49.22,0,3,0
2026-09-17 00:33:39,Nam,VNPT,linode_singapore,57.0,121.15,0,3,0
2026-09-17 00:44:31,Nam,VNPT,cloudflare,61.0,18.34,0,3,0
2026-09-17 00:44:31,Nam,VNPT,vultr_singapore,216.0,2.52,0,3,0
2026-09-17 00:44:31,Nam,VNPT,vultr_seoul,107.0,202.08,0,3,0
2026-09-17 00:44:31,Nam,VNPT,linode_singapore,57.0,181.7,0,3,0
2026-09-17 00:55:09,Nam,VNPT,cloudflare,65.0,20.73,0,3,0
2026-09-17 00:55:09,Nam,VNPT,vultr_singapore,216.0,2.52,0,3,0
2026-09-17 00:55:09,Nam,VNPT,vultr_seoul,106.0,234.84,0,3,0
2026-09-17 00:55:09,Nam,VNPT,linode_singapore,57.0,261.43,0,3,0
2026-09-17 01:05:46,Nam,VNPT,cloudflare,62.0,20.74,1,3,0
2026-09-17 01:05:46,Nam,VNPT,vultr_singapore,216.0,2.59,1,3,0
2026-09-17 01:05:46,Nam,VNPT,vultr_seoul,106.0,65.41,1,3,0
2026-09-17 01:05:46,Nam,VNPT,linode_singapore,56.0,110.94,1,3,0
2026-09-17 01:16:36,Nam,VNPT,cloudflare,60.0,20.19,1,3,0
2026-09-17 01:16:36,Nam,VNPT,vultr_singapore,216.0,2.61,1,3,0
2026-09-17 01:16:36,Nam,VNPT,vultr_seoul,104.0,151.33,1,3,0
2026-09-17 01:16:36,Nam,VNPT,linode_singapore,58.0,124.83,1,3,0
2026-09-17 01:27:18,Nam,VNPT,cloudflare,60.0,19.88,1,3,0
2026-09-17 01:27:18,Nam,VNPT,vultr_singapore,215.0,2.53,1,3,0
2026-09-17 01:27:18,Nam,VNPT,vultr_seoul,102.0,76.64,1,3,0
2026-09-17 01:27:18,Nam,VNPT,linode_singapore,57.0,251.06,1,3,0
2026-09-17 01:38:02,Nam,VNPT,cloudflare,60.0,21.24,1,3,0
2026-09-17 01:38:02,Nam,VNPT,vultr_singapore,216.0,2.66,1,3,0
2026-09-17 01:38:02,Nam,VNPT,vultr_seoul,103.0,198.92,1,3,0
2026-09-17 01:38:02,Nam,VNPT,linode_singapore,58.0,108.48,1,3,0
2026-09-17 01:48:44,Nam,VNPT,cloudflare,62.0,20.18,1,3,0
2026-09-17 01:48:44,Nam,VNPT,vultr_singapore,216.0,2.73,1,3,0
2026-09-17 01:48:44,Nam,VNPT,vultr_seoul,103.0,215.69,1,3,0
2026-09-17 01:48:44,Nam,VNPT,linode_singapore,56.0,119.89,1,3,0
2026-09-17 01:59:24,Nam,VNPT,cloudflare,62.0,23.27,1,3,0
2026-09-17 01:59:24,Nam,VNPT,vultr_singapore,219.0,2.6,1,3,0
2026-09-17 01:59:24,Nam,VNPT,vultr_seoul,102.0,44.73,1,3,0
2026-09-17 01:59:24,Nam,VNPT,linode_singapore,57.0,101.68,1,3,0
2026-09-17 02:10:17,Nam,VNPT,cloudflare,61.0,24.57,2,3,0
2026-09-17 02:10:17,Nam,VNPT,vultr_singapore,216.0,16.0,2,3,0
2026-09-17 02:10:17,Nam,VNPT,vultr_seoul,102.0,209.32,2,3,0
2026-09-17 02:10:17,Nam,VNPT,linode_singapore,57.0,174.18,2,3,0
2026-09-17 02:20:56,Nam,VNPT,cloudflare,61.0,19.51,2,3,0
2026-09-17 02:20:56,Nam,VNPT,vultr_singapore,215.0,2.63,2,3,0
2026-09-17 02:20:56,Nam,VNPT,vultr_seoul,103.0,202.66,2,3,0
2026-09-17 02:20:56,Nam,VNPT,linode_singapore,56.0,160.99,2,3,0
2026-09-17 02:31:35,Nam,VNPT,cloudflare,60.0,20.27,2,3,0
2026-09-17 02:31:35,Nam,VNPT,vultr_singapore,215.0,2.52,2,3,0
2026-09-17 02:31:35,Nam,VNPT,vultr_seoul,102.0,110.62,2,3,0
2026-09-17 02:31:35,Nam,VNPT,linode_singapore,56.0,140.85,2,3,0
2026-09-17 02:42:19,Nam,VNPT,cloudflare,61.0,20.28,2,3,0
2026-09-17 02:42:19,Nam,VNPT,vultr_singapore,214.0,2.58,2,3,0
2026-09-17 02:42:19,Nam,VNPT,vultr_seoul,103.0,209.37,2,3,0
2026-09-17 02:42:19,Nam,VNPT,linode_singapore,57.0,155.2,2,3,0
2026-09-17 02:52:58,Nam,VNPT,cloudflare,61.0,17.55,2,3,0
2026-09-17 02:52:58,Nam,VNPT,vultr_singapore,216.0,2.59,2,3,0
2026-09-17 02:52:58,Nam,VNPT,vultr_seoul,103.0,223.07,2,3,0
2026-09-17 02:52:58,Nam,VNPT,linode_singapore,57.0,158.42,2,3,0
2026-09-17 03:03:37,Nam,VNPT,cloudflare,60.0,25.34,3,3,0
2026-09-17 03:03:37,Nam,VNPT,vultr_singapore,225.0,2.66,3,3,0
2026-09-17 03:03:37,Nam,VNPT,vultr_seoul,103.0,185.97,3,3,0
2026-09-17 03:03:37,Nam,VNPT,linode_singapore,57.0,132.8,3,3,0
2026-09-17 03:14:17,Nam,VNPT,cloudflare,62.0,21.74,3,3,0
2026-09-17 03:14:17,Nam,VNPT,vultr_singapore,227.0,2.49,3,3,0
2026-09-17 03:14:17,Nam,VNPT,vultr_seoul,103.0,147.32,3,3,0
2026-09-17 03:14:17,Nam,VNPT,linode_singapore,57.0,283.94,3,3,0
2026-09-17 03:24:55,Nam,VNPT,cloudflare,60.0,19.88,3,3,0
2026-09-17 03:24:55,Nam,VNPT,vultr_singapore,224.0,2.51,3,3,0
2026-09-17 03:24:55,Nam,VNPT,vultr_seoul,102.0,192.54,3,3,0
2026-09-17 03:24:55,Nam,VNPT,linode_singapore,56.0,163.32,3,3,0
2026-09-17 03:35:35,Nam,VNPT,cloudflare,63.0,21.38,3,3,0
2026-09-17 03:35:35,Nam,VNPT,vultr_singapore,216.0,2.57,3,3,0
2026-09-17 03:35:35,Nam,VNPT,vultr_seoul,102.0,216.38,3,3,0
2026-09-17 03:35:35,Nam,VNPT,linode_singapore,56.0,129.36,3,3,0
2026-09-17 03:46:15,Nam,VNPT,cloudflare,61.0,23.6,3,3,0
2026-09-17 03:46:15,Nam,VNPT,vultr_singapore,216.0,2.71,3,3,0
2026-09-17 03:46:15,Nam,VNPT,vultr_seoul,103.0,218.38,3,3,0
2026-09-17 03:46:15,Nam,VNPT,linode_singapore,57.0,193.59,3,3,0
2026-09-17 03:56:52,Nam,VNPT,cloudflare,61.0,18.75,3,3,0
2026-09-17 03:56:52,Nam,VNPT,vultr_singapore,216.0,2.56,3,3,0
2026-09-17 03:56:52,Nam,VNPT,vultr_seoul,102.0,14.74,3,3,0
2026-09-17 03:56:52,Nam,VNPT,linode_singapore,57.0,290.83,3,3,0
2026-09-17 04:07:40,Nam,VNPT,cloudflare,61.0,25.39,4,3,0
2026-09-17 04:07:40,Nam,VNPT,vultr_singapore,215.0,2.51,4,3,0
2026-09-17 04:07:40,Nam,VNPT,vultr_seoul,103.0,215.66,4,3,0
2026-09-17 04:07:40,Nam,VNPT,linode_singapore,56.0,180.94,4,3,0
2026-09-17 04:18:18,Nam,VNPT,cloudflare,61.0,23.69,4,3,0
2026-09-17 04:18:18,Nam,VNPT,vultr_singapore,217.0,6.63,4,3,0
2026-09-17 04:18:18,Nam,VNPT,vultr_seoul,104.0,112.73,4,3,0
2026-09-17 04:18:18,Nam,VNPT,linode_singapore,55.0,229.64,4,3,0
2026-09-17 04:28:59,Nam,VNPT,cloudflare,62.0,20.51,4,3,0
2026-09-17 04:28:59,Nam,VNPT,vultr_singapore,217.0,2.69,4,3,0
2026-09-17 04:28:59,Nam,VNPT,vultr_seoul,102.0,215.22,4,3,0
2026-09-17 04:28:59,Nam,VNPT,linode_singapore,57.0,222.16,4,3,0
2026-09-17 04:39:36,Nam,VNPT,cloudflare,61.0,20.45,4,3,0
2026-09-17 04:39:36,Nam,VNPT,vultr_singapore,214.0,2.67,4,3,0
2026-09-17 04:39:36,Nam,VNPT,vultr_seoul,101.0,196.18,4,3,0
2026-09-17 04:39:36,Nam,VNPT,linode_singapore,56.0,173.85,4,3,0
2026-09-17 04:50:15,Nam,VNPT,cloudflare,64.0,19.24,4,3,0
2026-09-17 04:50:15,Nam,VNPT,vultr_singapore,216.0,2.66,4,3,0
2026-09-17 04:50:15,Nam,VNPT,vultr_seoul,103.0,112.91,4,3,0
2026-09-17 04:50:15,Nam,VNPT,linode_singapore,57.0,131.07,4,3,0
2026-09-17 05:00:59,Nam,VNPT,cloudflare,60.0,21.78,5,3,0
2026-09-17 05:00:59,Nam,VNPT,vultr_singapore,217.0,2.57,5,3,0
2026-09-17 05:00:59,Nam,VNPT,vultr_seoul,104.0,82.74,5,3,0
2026-09-17 05:00:59,Nam,VNPT,linode_singapore,58.0,112.5,5,3,0
2026-09-17 05:11:46,Nam,VNPT,cloudflare,61.0,21.34,5,3,0
2026-09-17 05:11:46,Nam,VNPT,vultr_singapore,215.0,16.85,5,3,0
2026-09-17 05:11:46,Nam,VNPT,vultr_seoul,103.0,212.56,5,3,0
2026-09-17 05:11:46,Nam,VNPT,linode_singapore,57.0,200.55,5,3,0
2026-09-17 05:22:24,Nam,VNPT,cloudflare,61.0,20.17,5,3,0
2026-09-17 05:22:24,Nam,VNPT,vultr_singapore,216.0,2.56,5,3,0
2026-09-17 05:22:24,Nam,VNPT,vultr_seoul,102.0,187.45,5,3,0
2026-09-17 05:22:24,Nam,VNPT,linode_singapore,56.0,307.18,5,3,0
2026-09-17 05:33:01,Nam,VNPT,cloudflare,60.0,22.7,5,3,0
2026-09-17 05:33:01,Nam,VNPT,vultr_singapore,215.0,2.57,5,3,0
2026-09-17 05:33:01,Nam,VNPT,vultr_seoul,102.0,101.03,5,3,0
2026-09-17 05:33:01,Nam,VNPT,linode_singapore,58.0,229.31,5,3,0
2026-09-17 05:43:42,Nam,VNPT,cloudflare,60.0,20.0,5,3,0
2026-09-17 05:43:42,Nam,VNPT,vultr_singapore,215.0,5.3,5,3,0
2026-09-17 05:43:42,Nam,VNPT,vultr_seoul,279.0,1.69,5,3,0
2026-09-17 05:43:42,Nam,VNPT,linode_singapore,56.0,141.82,5,3,0
2026-09-17 05:54:33,Nam,VNPT,cloudflare,60.0,22.86,5,3,0
2026-09-17 05:54:33,Nam,VNPT,vultr_singapore,216.0,6.37,5,3,0
2026-09-17 05:54:33,Nam,VNPT,vultr_seoul,104.0,173.96,5,3,0
2026-09-17 05:54:33,Nam,VNPT,linode_singapore,57.0,228.9,5,3,0
2026-09-17 06:05:11,Nam,VNPT,cloudflare,61.0,20.32,6,3,0
2026-09-17 06:05:11,Nam,VNPT,vultr_singapore,219.0,2.61,6,3,0
2026-09-17 06:05:11,Nam,VNPT,vultr_seoul,109.0,198.41,6,3,0
2026-09-17 06:05:11,Nam,VNPT,linode_singapore,58.0,105.46,6,3,0
2026-09-17 06:15:53,Nam,VNPT,cloudflare,61.0,20.0,6,3,0
2026-09-17 06:15:53,Nam,VNPT,vultr_singapore,214.0,2.48,6,3,0
2026-09-17 06:15:53,Nam,VNPT,vultr_seoul,105.0,152.8,6,3,0
2026-09-17 06:15:53,Nam,VNPT,linode_singapore,56.0,130.31,6,3,0
2026-09-17 06:26:35,Nam,VNPT,cloudflare,60.0,19.72,6,3,0
2026-09-17 06:26:35,Nam,VNPT,vultr_singapore,216.0,2.68,6,3,0
2026-09-17 06:26:35,Nam,VNPT,vultr_seoul,108.0,63.01,6,3,0
2026-09-17 06:26:35,Nam,VNPT,linode_singapore,57.0,125.85,6,3,0
2026-09-17 06:37:24,Nam,VNPT,cloudflare,62.0,20.87,6,3,0
2026-09-17 06:37:24,Nam,VNPT,vultr_singapore,218.0,2.77,6,3,0
2026-09-17 06:37:24,Nam,VNPT,vultr_seoul,104.0,185.3,6,3,0
2026-09-17 06:37:24,Nam,VNPT,linode_singapore,56.0,163.13,6,3,0
2026-09-17 08:26:20,Nam,VNPT,cloudflare,63.0,19.52,8,3,0
2026-09-17 08:26:20,Nam,VNPT,vultr_singapore,222.0,2.81,8,3,0
2026-09-17 08:26:20,Nam,VNPT,vultr_seoul,107.0,24.97,8,3,0
2026-09-17 08:26:20,Nam,VNPT,linode_singapore,56.0,112.39,8,3,0
2026-09-17 08:37:12,Nam,VNPT,cloudflare,62.0,23.5,8,3,0
2026-09-17 08:37:12,Nam,VNPT,vultr_singapore,214.0,2.64,8,3,0
2026-09-17 08:37:12,Nam,VNPT,vultr_seoul,118.0,71.35,8,3,0
2026-09-17 08:37:12,Nam,VNPT,linode_singapore,59.0,103.82,8,3,0
2026-09-17 08:48:02,Nam,VNPT,cloudflare,63.0,19.43,8,3,0
2026-09-17 08:48:02,Nam,VNPT,vultr_singapore,215.0,2.76,8,3,0
2026-09-17 08:48:02,Nam,VNPT,vultr_seoul,112.0,7.73,8,3,0
2026-09-17 08:48:02,Nam,VNPT,linode_singapore,57.0,117.53,8,3,0
2026-09-17 08:58:54,Nam,VNPT,cloudflare,64.0,17.72,8,3,0
2026-09-17 08:58:54,Nam,VNPT,vultr_singapore,220.0,2.69,8,3,0
2026-09-17 08:58:54,Nam,VNPT,vultr_seoul,103.0,76.15,8,3,0
2026-09-17 08:58:54,Nam,VNPT,linode_singapore,56.0,78.84,8,3,0
2026-09-17 09:09:46,Nam,VNPT,cloudflare,66.0,20.9,9,3,0
2026-09-17 09:09:46,Nam,VNPT,vultr_singapore,216.0,2.63,9,3,0
2026-09-17 09:09:46,Nam,VNPT,vultr_seoul,108.0,109.01,9,3,0
2026-09-17 09:09:46,Nam,VNPT,linode_singapore,58.0,93.49,9,3,0
2026-09-17 09:20:32,Nam,VNPT,cloudflare,63.0,19.59,9,3,0
2026-09-17 09:20:32,Nam,VNPT,vultr_singapore,216.0,2.46,9,3,0
2026-09-17 09:20:32,Nam,VNPT,vultr_seoul,105.0,57.26,9,3,0
2026-09-17 09:20:32,Nam,VNPT,linode_singapore,57.0,83.51,9,3,0
2026-09-17 09:31:27,Nam,VNPT,cloudflare,63.0,19.45,9,3,0
2026-09-17 09:31:27,Nam,VNPT,vultr_singapore,216.0,2.72,9,3,0
2026-09-17 09:31:27,Nam,VNPT,vultr_seoul,112.0,5.05,9,3,0
2026-09-17 09:31:27,Nam,VNPT,linode_singapore,58.0,53.83,9,3,0
2026-09-17 09:42:27,Nam,VNPT,cloudflare,62.0,19.33,9,3,0
2026-09-17 09:42:27,Nam,VNPT,vultr_singapore,215.0,2.65,9,3,0
2026-09-17 09:42:27,Nam,VNPT,vultr_seoul,108.0,49.97,9,3,0
2026-09-17 09:42:27,Nam,VNPT,linode_singapore,56.0,33.34,9,3,0
2026-09-17 09:53:28,Nam,VNPT,cloudflare,61.0,16.28,9,3,0
2026-09-17 09:53:28,Nam,VNPT,vultr_singapore,214.0,2.51,9,3,0
2026-09-17 09:53:28,Nam,VNPT,vultr_seoul,104.0,93.32,9,3,0
2026-09-17 09:53:28,Nam,VNPT,linode_singapore,56.0,51.24,9,3,0
2026-09-17 10:04:22,Nam,VNPT,cloudflare,64.0,23.53,10,3,0
2026-09-17 10:04:22,Nam,VNPT,vultr_singapore,218.0,2.53,10,3,0
2026-09-17 10:04:22,Nam,VNPT,vultr_seoul,104.0,67.32,10,3,0
2026-09-17 10:04:22,Nam,VNPT,linode_singapore,58.0,107.33,10,3,0
2026-09-17 10:15:12,Nam,VNPT,cloudflare,65.0,21.16,10,3,0
2026-09-17 10:15:12,Nam,VNPT,vultr_singapore,216.0,4.66,10,3,0
2026-09-17 10:15:12,Nam,VNPT,vultr_seoul,107.0,32.63,10,3,0
2026-09-17 10:15:12,Nam,VNPT,linode_singapore,58.0,77.59,10,3,0
2026-09-17 10:26:08,Nam,VNPT,cloudflare,64.0,20.16,10,3,0
2026-09-17 10:26:08,Nam,VNPT,vultr_singapore,216.0,2.46,10,3,0
2026-09-17 10:26:08,Nam,VNPT,vultr_seoul,106.0,105.05,10,3,0
2026-09-17 10:26:08,Nam,VNPT,linode_singapore,58.0,85.3,10,3,0
2026-09-17 10:36:55,Nam,VNPT,cloudflare,64.0,20.14,10,3,0
2026-09-17 10:36:55,Nam,VNPT,vultr_singapore,215.0,2.71,10,3,0
2026-09-17 10:36:55,Nam,VNPT,vultr_seoul,105.0,106.3,10,3,0
2026-09-17 10:36:55,Nam,VNPT,linode_singapore,58.0,85.4,10,3,0
2026-09-17 10:47:43,Nam,VNPT,cloudflare,61.0,22.07,10,3,0
2026-09-17 10:47:43,Nam,VNPT,vultr_singapore,216.0,2.89,10,3,0
2026-09-17 10:47:43,Nam,VNPT,vultr_seoul,105.0,81.0,10,3,0
2026-09-17 10:47:43,Nam,VNPT,linode_singapore,59.0,101.42,10,3,0
2026-09-17 10:58:31,Nam,VNPT,cloudflare,64.0,16.74,10,3,0
2026-09-17 10:58:31,Nam,VNPT,vultr_singapore,217.0,2.68,10,3,0
2026-09-17 10:58:31,Nam,VNPT,vultr_seoul,109.0,37.63,10,3,0
2026-09-17 10:58:31,Nam,VNPT,linode_singapore,88.0,82.28,10,3,0
2026-09-17 11:09:26,Nam,VNPT,cloudflare,60.0,19.72,11,3,0
2026-09-17 11:09:26,Nam,VNPT,vultr_singapore,216.0,2.53,11,3,0
2026-09-17 11:09:26,Nam,VNPT,vultr_seoul,104.0,95.01,11,3,0
2026-09-17 11:09:26,Nam,VNPT,linode_singapore,58.0,93.74,11,3,0
2026-09-17 11:20:14,Nam,VNPT,cloudflare,65.0,22.7,11,3,0
2026-09-17 11:20:14,Nam,VNPT,vultr_singapore,216.0,4.27,11,3,0
2026-09-17 11:20:14,Nam,VNPT,vultr_seoul,106.0,26.33,11,3,0
2026-09-17 11:20:14,Nam,VNPT,linode_singapore,59.0,63.62,11,3,0
2026-09-17 11:31:11,Nam,VNPT,cloudflare,60.0,20.92,11,3,0
2026-09-17 11:31:11,Nam,VNPT,vultr_singapore,215.0,2.49,11,3,0
2026-09-17 11:31:11,Nam,VNPT,vultr_seoul,107.0,111.43,11,3,0
2026-09-17 11:31:11,Nam,VNPT,linode_singapore,62.0,105.63,11,3,0
2026-09-17 11:41:56,Nam,VNPT,cloudflare,60.0,21.2,11,3,0
2026-09-17 11:41:56,Nam,VNPT,vultr_singapore,217.0,2.56,11,3,0
2026-09-17 11:41:56,Nam,VNPT,vultr_seoul,105.0,72.9,11,3,0
2026-09-17 11:41:56,Nam,VNPT,linode_singapore,57.0,61.24,11,3,0
2026-09-17 11:52:51,Nam,VNPT,cloudflare,61.0,19.65,11,3,0
2026-09-17 11:52:51,Nam,VNPT,vultr_singapore,224.0,0.78,11,3,0
2026-09-17 11:52:51,Nam,VNPT,vultr_seoul,106.0,52.46,11,3,0
2026-09-17 11:52:51,Nam,VNPT,linode_singapore,61.0,2.92,11,3,0
2026-09-17 12:03:59,Nam,VNPT,cloudflare,68.0,17.15,12,3,0
2026-09-17 12:03:59,Nam,VNPT,vultr_singapore,226.0,0.05,12,3,0
2026-09-17 12:03:59,Nam,VNPT,vultr_seoul,107.0,14.85,12,3,0
2026-09-17 12:03:59,Nam,VNPT,linode_singapore,58.0,104.53,12,3,0
2026-09-17 12:14:55,Nam,VNPT,cloudflare,61.0,15.93,12,3,0
2026-09-17 12:14:55,Nam,VNPT,vultr_singapore,229.0,0.52,12,3,0
2026-09-17 12:14:55,Nam,VNPT,vultr_seoul,106.0,104.42,12,3,0
2026-09-17 12:14:55,Nam,VNPT,linode_singapore,60.0,95.16,12,3,0
2026-09-17 12:25:42,Nam,VNPT,cloudflare,61.0,19.81,12,3,0
2026-09-17 12:25:42,Nam,VNPT,vultr_singapore,224.0,0.74,12,3,0
2026-09-17 12:25:42,Nam,VNPT,vultr_seoul,109.0,27.74,12,3,0
2026-09-17 12:25:42,Nam,VNPT,linode_singapore,58.0,96.11,12,3,0
2026-09-17 12:36:36,Nam,VNPT,cloudflare,62.0,22.72,12,3,0
2026-09-17 12:36:36,Nam,VNPT,vultr_singapore,224.0,0.89,12,3,0
2026-09-17 12:36:36,Nam,VNPT,vultr_seoul,106.0,36.18,12,3,0
2026-09-17 12:36:36,Nam,VNPT,linode_singapore,59.0,51.18,12,3,0
2026-09-17 12:47:39,Nam,VNPT,cloudflare,62.0,19.03,12,3,0
2026-09-17 12:47:39,Nam,VNPT,vultr_singapore,224.0,1.27,12,3,0
2026-09-17 12:47:39,Nam,VNPT,vultr_seoul,104.0,13.93,12,3,0
2026-09-17 12:47:39,Nam,VNPT,linode_singapore,58.0,90.37,12,3,0
2026-09-17 12:58:33,Nam,VNPT,cloudflare,40.0,8.66,12,3,0
2026-09-17 12:58:33,Nam,VNPT,vultr_singapore,227.0,12.85,12,3,0
2026-09-17 12:58:33,Nam,VNPT,vultr_seoul,89.0,21.7,12,3,0
2026-09-17 12:58:33,Nam,VNPT,linode_singapore,58.0,95.52,12,3,0
2026-09-17 19:30:04,Nam,VNPT,cloudflare,41.0,17.72,19,3,0
2026-09-17 19:30:04,Nam,VNPT,vultr_singapore,229.0,10.78,19,3,0
2026-09-17 19:30:04,Nam,VNPT,vultr_seoul,94.0,88.63,19,3,0
2026-09-17 19:30:04,Nam,VNPT,linode_singapore,58.0,104.9,19,3,0
2026-09-17 19:40:50,Nam,VNPT,cloudflare,40.0,23.89,19,3,0
2026-09-17 19:40:50,Nam,VNPT,vultr_singapore,228.0,6.15,19,3,0
2026-09-17 19:40:50,Nam,VNPT,vultr_seoul,94.0,126.33,19,3,0
2026-09-17 19:40:50,Nam,VNPT,linode_singapore,58.0,116.34,19,3,0
2026-09-17 19:51:34,Nam,VNPT,cloudflare,42.0,10.39,19,3,0
2026-09-17 19:51:34,Nam,VNPT,vultr_singapore,228.0,10.53,19,3,0
2026-09-17 19:51:34,Nam,VNPT,vultr_seoul,92.0,85.38,19,3,0
2026-09-17 19:51:34,Nam,VNPT,linode_singapore,60.0,82.93,19,3,0
2026-09-17 20:02:24,Nam,VNPT,cloudflare,41.0,7.88,20,3,0
2026-09-17 20:02:24,Nam,VNPT,vultr_singapore,229.0,10.79,20,3,0
2026-09-17 20:02:24,Nam,VNPT,vultr_seoul,92.0,35.98,20,3,0
2026-09-17 20:02:24,Nam,VNPT,linode_singapore,56.0,112.04,20,3,0
2026-09-17 20:13:18,Nam,VNPT,cloudflare,41.0,7.29,20,3,0
2026-09-17 20:13:18,Nam,VNPT,vultr_singapore,229.0,14.57,20,3,0
2026-09-17 20:13:18,Nam,VNPT,vultr_seoul,92.0,9.2,20,3,0
2026-09-17 20:13:18,Nam,VNPT,linode_singapore,56.0,120.22,20,3,0
2026-09-17 20:24:12,Nam,VNPT,cloudflare,40.0,8.37,20,3,0
2026-09-17 20:24:12,Nam,VNPT,vultr_singapore,230.0,3.25,20,3,0
2026-09-17 20:24:12,Nam,VNPT,vultr_seoul,92.0,4.61,20,3,0
2026-09-17 20:24:12,Nam,VNPT,linode_singapore,57.0,97.46,20,3,0
2026-09-17 20:35:07,Nam,VNPT,cloudflare,41.0,9.0,20,3,0
2026-09-17 20:35:07,Nam,VNPT,vultr_singapore,227.0,3.9,20,3,0
2026-09-17 20:35:07,Nam,VNPT,vultr_seoul,95.0,9.83,20,3,0
2026-09-17 20:35:07,Nam,VNPT,linode_singapore,60.0,87.04,20,3,0
2026-09-17 20:46:02,Nam,VNPT,cloudflare,41.0,3.42,20,3,0
2026-09-17 20:46:02,Nam,VNPT,vultr_singapore,267.0,2.55,20,3,0
2026-09-17 20:46:02,Nam,VNPT,vultr_seoul,92.0,4.31,20,3,0
2026-09-17 20:46:02,Nam,VNPT,linode_singapore,58.0,78.83,20,3,0
2026-09-17 20:57:02,Nam,VNPT,cloudflare,40.0,3.51,20,3,0
2026-09-17 20:57:02,Nam,VNPT,vultr_singapore,228.0,3.27,20,3,0
2026-09-17 20:57:02,Nam,VNPT,vultr_seoul,92.0,12.68,20,3,0
2026-09-17 20:57:02,Nam,VNPT,linode_singapore,57.0,80.61,20,3,0
2026-09-17 21:08:01,Nam,VNPT,cloudflare,40.0,5.35,21,3,0
2026-09-17 21:08:01,Nam,VNPT,vultr_singapore,228.0,3.3,21,3,0
2026-09-17 21:08:01,Nam,VNPT,vultr_seoul,93.0,3.02,21,3,0
2026-09-17 21:08:01,Nam,VNPT,linode_singapore,60.0,79.65,21,3,0
2026-09-17 21:18:59,Nam,VNPT,cloudflare,45.0,6.21,21,3,0
2026-09-17 21:18:59,Nam,VNPT,vultr_singapore,231.0,1.25,21,3,0
2026-09-17 21:18:59,Nam,VNPT,vultr_seoul,93.0,4.15,21,3,0
2026-09-17 21:18:59,Nam,VNPT,linode_singapore,59.0,68.84,21,3,0
2026-09-17 21:29:58,Nam,VNPT,cloudflare,40.0,4.08,21,3,0
2026-09-17 21:29:58,Nam,VNPT,vultr_singapore,229.0,14.04,21,3,0
2026-09-17 21:29:58,Nam,VNPT,vultr_seoul,94.0,11.46,21,3,0
2026-09-17 21:29:58,Nam,VNPT,linode_singapore,59.0,53.15,21,3,0
2026-09-17 21:41:01,Nam,VNPT,cloudflare,40.0,5.46,21,3,0
2026-09-17 21:41:01,Nam,VNPT,vultr_singapore,228.0,3.21,21,3,0
2026-09-17 21:41:01,Nam,VNPT,vultr_seoul,93.0,10.76,21,3,0
2026-09-17 21:41:01,Nam,VNPT,linode_singapore,59.0,105.32,21,3,0
2026-09-17 21:52:28,Nam,VNPT,cloudflare,42.0,6.05,21,3,0
2026-09-17 21:52:28,Nam,VNPT,vultr_singapore,229.0,17.77,21,3,0
2026-09-17 21:52:28,Nam,VNPT,vultr_seoul,94.0,3.17,21,3,0
2026-09-17 21:52:28,Nam,VNPT,linode_singapore,59.0,86.59,21,3,0
2026-09-17 22:03:25,Nam,VNPT,cloudflare,42.0,4.12,22,3,0
2026-09-17 22:03:25,Nam,VNPT,vultr_singapore,227.0,2.44,22,3,0
2026-09-17 22:03:25,Nam,VNPT,vultr_seoul,93.0,1.85,22,3,0
2026-09-17 22:03:25,Nam,VNPT,linode_singapore,60.0,58.45,22,3,0
2026-09-17 22:14:28,Nam,VNPT,cloudflare,41.0,3.53,22,3,0
2026-09-17 22:14:28,Nam,VNPT,vultr_singapore,228.0,1.34,22,3,0
2026-09-17 22:14:28,Nam,VNPT,vultr_seoul,93.0,7.64,22,3,0
2026-09-17 22:14:28,Nam,VNPT,linode_singapore,59.0,28.16,22,3,0
2026-09-17 22:25:32,Nam,VNPT,cloudflare,42.0,5.5,22,3,0
2026-09-17 22:25:32,Nam,VNPT,vultr_singapore,229.0,13.49,22,3,0
2026-09-17 22:25:32,Nam,VNPT,vultr_seoul,92.0,20.62,22,3,0
2026-09-17 22:25:32,Nam,VNPT,linode_singapore,60.0,87.89,22,3,0
2026-09-17 22:36:28,Nam,VNPT,cloudflare,42.0,9.49,22,3,0
2026-09-17 22:36:28,Nam,VNPT,vultr_singapore,235.0,3.97,22,3,0
2026-09-17 22:36:28,Nam,VNPT,vultr_seoul,108.0,15.09,22,3,0
2026-09-17 22:36:28,Nam,VNPT,linode_singapore,60.0,25.29,22,3,0
2026-09-17 22:47:29,Nam,VNPT,cloudflare,41.0,11.75,22,3,0
2026-09-17 22:47:29,Nam,VNPT,vultr_singapore,232.0,5.61,22,3,0
2026-09-17 22:47:29,Nam,VNPT,vultr_seoul,98.0,74.19,22,3,0
2026-09-17 22:47:29,Nam,VNPT,linode_singapore,60.0,65.13,22,3,0
2026-09-17 22:58:23,Nam,VNPT,cloudflare,42.0,21.75,22,3,0
2026-09-17 22:58:23,Nam,VNPT,vultr_singapore,228.0,2.14,22,3,0
2026-09-17 22:58:23,Nam,VNPT,vultr_seoul,94.0,111.91,22,3,0
2026-09-17 22:58:23,Nam,VNPT,linode_singapore,58.0,100.74,22,3,0
2026-09-17 23:09:09,Nam,VNPT,cloudflare,46.0,12.6,23,3,0
2026-09-17 23:09:09,Nam,VNPT,vultr_singapore,228.0,65.37,23,3,0
2026-09-17 23:09:09,Nam,VNPT,vultr_seoul,99.0,103.14,23,3,0
2026-09-17 23:09:09,Nam,VNPT,linode_singapore,89.0,16.69,23,3,0
2026-09-17 23:20:01,Nam,VNPT,cloudflare,41.0,10.3,23,3,0
2026-09-17 23:20:01,Nam,VNPT,vultr_singapore,231.0,50.11,23,3,0
2026-09-17 23:20:01,Nam,VNPT,vultr_seoul,100.0,93.49,23,3,0
2026-09-17 23:20:01,Nam,VNPT,linode_singapore,67.0,25.38,23,3,0
2026-09-17 23:30:56,Nam,VNPT,cloudflare,44.0,23.8,23,3,0
2026-09-17 23:30:56,Nam,VNPT,vultr_singapore,228.0,61.31,23,3,0
2026-09-17 23:30:56,Nam,VNPT,vultr_seoul,95.0,83.29,23,3,0
2026-09-17 23:30:56,Nam,VNPT,linode_singapore,61.0,49.64,23,3,0
2026-09-17 23:41:50,Nam,VNPT,cloudflare,41.0,29.39,23,3,0
2026-09-17 23:41:50,Nam,VNPT,vultr_singapore,230.0,55.4,23,3,0
2026-09-17 23:41:50,Nam,VNPT,vultr_seoul,95.0,105.66,23,3,0
2026-09-17 23:41:50,Nam,VNPT,linode_singapore,65.0,23.67,23,3,0
2026-09-17 23:52:43,Nam,VNPT,cloudflare,49.0,15.01,23,3,0
2026-09-17 23:52:43,Nam,VNPT,vultr_singapore,232.0,50.13,23,3,0
2026-09-17 23:52:43,Nam,VNPT,vultr_seoul,95.0,117.31,23,3,0
2026-09-17 23:52:43,Nam,VNPT,linode_singapore,58.0,87.35,23,3,0
2026-09-18 00:03:30,Nam,VNPT,cloudflare,42.0,25.12,0,4,0
2026-09-18 00:03:30,Nam,VNPT,vultr_singapore,229.0,46.15,0,4,0
2026-09-18 00:03:30,Nam,VNPT,vultr_seoul,93.0,113.38,0,4,0
2026-09-18 00:03:30,Nam,VNPT,linode_singapore,61.0,54.39,0,4,0
2026-09-18 00:14:22,Nam,VNPT,cloudflare,46.0,15.88,0,4,0
2026-09-18 00:14:22,Nam,VNPT,vultr_singapore,284.0,39.9,0,4,0
2026-09-18 00:14:22,Nam,VNPT,vultr_seoul,98.0,101.12,0,4,0
2026-09-18 00:14:22,Nam,VNPT,linode_singapore,59.0,63.07,0,4,0
2026-09-18 00:25:14,Nam,VNPT,cloudflare,40.0,17.06,0,4,0
2026-09-18 00:25:14,Nam,VNPT,vultr_singapore,242.0,58.05,0,4,0
2026-09-18 00:25:14,Nam,VNPT,vultr_seoul,93.0,109.2,0,4,0
2026-09-18 00:25:14,Nam,VNPT,linode_singapore,99.0,68.7,0,4,0
2026-09-18 00:36:03,Nam,VNPT,cloudflare,42.0,26.98,0,4,0
2026-09-18 00:36:03,Nam,VNPT,vultr_singapore,229.0,62.59,0,4,0
2026-09-18 00:36:03,Nam,VNPT,vultr_seoul,94.0,112.94,0,4,0
2026-09-18 00:36:03,Nam,VNPT,linode_singapore,59.0,72.17,0,4,0
2026-09-18 00:46:51,Nam,VNPT,cloudflare,41.0,24.56,0,4,0
2026-09-18 00:46:51,Nam,VNPT,vultr_singapore,229.0,49.29,0,4,0
2026-09-18 00:46:51,Nam,VNPT,vultr_seoul,93.0,121.65,0,4,0
2026-09-18 00:46:51,Nam,VNPT,linode_singapore,59.0,28.52,0,4,0
2026-09-18 00:57:42,Nam,VNPT,cloudflare,41.0,27.09,0,4,0
2026-09-18 00:57:42,Nam,VNPT,vultr_singapore,227.0,55.76,0,4,0
2026-09-18 00:57:42,Nam,VNPT,vultr_seoul,93.0,98.47,0,4,0
2026-09-18 00:57:42,Nam,VNPT,linode_singapore,58.0,66.74,0,4,0
2026-09-18 01:08:33,Nam,VNPT,cloudflare,41.0,29.3,1,4,0
2026-09-18 01:08:33,Nam,VNPT,vultr_singapore,229.0,61.9,1,4,0
2026-09-18 01:08:33,Nam,VNPT,vultr_seoul,92.0,121.02,1,4,0
2026-09-18 01:08:33,Nam,VNPT,linode_singapore,60.0,82.35,1,4,0
2026-09-18 01:19:19,Nam,VNPT,cloudflare,40.0,26.86,1,4,0
2026-09-18 01:19:19,Nam,VNPT,vultr_singapore,226.0,54.14,1,4,0
2026-09-18 01:19:19,Nam,VNPT,vultr_seoul,93.0,135.17,1,4,0
2026-09-18 01:19:19,Nam,VNPT,linode_singapore,59.0,82.09,1,4,0
2026-09-18 01:30:05,Nam,VNPT,cloudflare,42.0,23.74,1,4,0
2026-09-18 01:30:05,Nam,VNPT,vultr_singapore,228.0,57.01,1,4,0
2026-09-18 01:30:05,Nam,VNPT,vultr_seoul,93.0,125.65,1,4,0
2026-09-18 01:30:05,Nam,VNPT,linode_singapore,59.0,94.53,1,4,0
2026-09-18 01:40:50,Nam,VNPT,cloudflare,41.0,28.69,1,4,0
2026-09-18 01:40:50,Nam,VNPT,vultr_singapore,227.0,51.34,1,4,0
2026-09-18 01:40:50,Nam,VNPT,vultr_seoul,93.0,117.89,1,4,0
2026-09-18 01:40:50,Nam,VNPT,linode_singapore,58.0,105.74,1,4,0
2026-09-18 01:51:35,Nam,VNPT,cloudflare,39.0,31.94,1,4,0
2026-09-18 01:51:35,Nam,VNPT,vultr_singapore,229.0,42.34,1,4,0
2026-09-18 01:51:35,Nam,VNPT,vultr_seoul,95.0,6.52,1,4,0
2026-09-18 01:51:35,Nam,VNPT,linode_singapore,57.0,103.39,1,4,0
2026-09-18 02:02:28,Nam,VNPT,cloudflare,41.0,24.51,2,4,0
2026-09-18 02:02:28,Nam,VNPT,vultr_singapore,241.0,14.59,2,4,0
2026-09-18 02:02:28,Nam,VNPT,vultr_seoul,96.0,132.82,2,4,0
2026-09-18 02:02:28,Nam,VNPT,linode_singapore,60.0,101.01,2,4,0
2026-09-18 02:13:13,Nam,VNPT,cloudflare,40.0,30.69,2,4,0
2026-09-18 02:13:13,Nam,VNPT,vultr_singapore,229.0,58.85,2,4,0
2026-09-18 02:13:13,Nam,VNPT,vultr_seoul,92.0,118.19,2,4,0
2026-09-18 02:13:13,Nam,VNPT,linode_singapore,59.0,79.31,2,4,0
2026-09-18 02:23:59,Nam,VNPT,cloudflare,43.0,27.96,2,4,0
2026-09-18 02:23:59,Nam,VNPT,vultr_singapore,227.0,87.32,2,4,0
2026-09-18 02:23:59,Nam,VNPT,vultr_seoul,93.0,116.67,2,4,0
2026-09-18 02:23:59,Nam,VNPT,linode_singapore,59.0,66.74,2,4,0
2026-09-18 02:34:43,Nam,VNPT,cloudflare,40.0,26.46,2,4,0
2026-09-18 02:34:43,Nam,VNPT,vultr_singapore,228.0,49.36,2,4,0
2026-09-18 02:34:43,Nam,VNPT,vultr_seoul,94.0,141.74,2,4,0
2026-09-18 02:34:43,Nam,VNPT,linode_singapore,58.0,94.97,2,4,0
2026-09-18 02:45:28,Nam,VNPT,cloudflare,42.0,24.9,2,4,0
2026-09-18 02:45:28,Nam,VNPT,vultr_singapore,230.0,14.65,2,4,0
2026-09-18 02:45:28,Nam,VNPT,vultr_seoul,96.0,122.32,2,4,0
2026-09-18 02:45:28,Nam,VNPT,linode_singapore,60.0,85.19,2,4,0
2026-09-18 02:56:15,Nam,VNPT,cloudflare,43.0,28.13,2,4,0
2026-09-18 02:56:15,Nam,VNPT,vultr_singapore,228.0,35.32,2,4,0
2026-09-18 02:56:15,Nam,VNPT,vultr_seoul,93.0,19.76,2,4,0
2026-09-18 02:56:15,Nam,VNPT,linode_singapore,58.0,89.67,2,4,0
2026-09-18 03:07:09,Nam,VNPT,cloudflare,41.0,26.55,3,4,0
2026-09-18 03:07:09,Nam,VNPT,vultr_singapore,229.0,55.03,3,4,0
2026-09-18 03:07:09,Nam,VNPT,vultr_seoul,106.0,94.04,3,4,0
2026-09-18 03:07:09,Nam,VNPT,linode_singapore,58.0,52.02,3,4,0
2026-09-18 03:18:03,Nam,VNPT,cloudflare,40.0,28.46,3,4,0
2026-09-18 03:18:03,Nam,VNPT,vultr_singapore,235.0,58.03,3,4,0
2026-09-18 03:18:03,Nam,VNPT,vultr_seoul,94.0,117.5,3,4,0
2026-09-18 03:18:03,Nam,VNPT,linode_singapore,59.0,43.55,3,4,0
2026-09-18 03:28:54,Nam,VNPT,cloudflare,41.0,27.9,3,4,0
2026-09-18 03:28:54,Nam,VNPT,vultr_singapore,228.0,15.9,3,4,0
2026-09-18 03:28:54,Nam,VNPT,vultr_seoul,93.0,109.18,3,4,0
2026-09-18 03:28:54,Nam,VNPT,linode_singapore,57.0,106.55,3,4,0
2026-09-18 03:39:39,Nam,VNPT,cloudflare,40.0,23.54,3,4,0
2026-09-18 03:39:39,Nam,VNPT,vultr_singapore,229.0,15.06,3,4,0
2026-09-18 03:39:39,Nam,VNPT,vultr_seoul,92.0,19.86,3,4,0
2026-09-18 03:39:39,Nam,VNPT,linode_singapore,58.0,88.58,3,4,0
2026-09-18 03:50:34,Nam,VNPT,cloudflare,42.0,17.37,3,4,0
2026-09-18 03:50:34,Nam,VNPT,vultr_singapore,228.0,54.1,3,4,0
2026-09-18 03:50:34,Nam,VNPT,vultr_seoul,93.0,50.15,3,4,0
2026-09-18 03:50:34,Nam,VNPT,linode_singapore,59.0,31.44,3,4,0
2026-09-18 04:01:34,Nam,VNPT,cloudflare,41.0,28.38,4,4,0
2026-09-18 04:01:34,Nam,VNPT,vultr_singapore,233.0,54.76,4,4,0
2026-09-18 04:01:34,Nam,VNPT,vultr_seoul,94.0,112.99,4,4,0
2026-09-18 04:01:34,Nam,VNPT,linode_singapore,58.0,103.87,4,4,0
2026-09-18 04:12:19,Nam,VNPT,cloudflare,41.0,28.49,4,4,0
2026-09-18 04:12:19,Nam,VNPT,vultr_singapore,231.0,56.6,4,4,0
2026-09-18 04:12:19,Nam,VNPT,vultr_seoul,94.0,113.22,4,4,0
2026-09-18 04:12:19,Nam,VNPT,linode_singapore,58.0,64.19,4,4,0
2026-09-18 04:23:09,Nam,VNPT,cloudflare,40.0,27.96,4,4,0
2026-09-18 04:23:09,Nam,VNPT,vultr_singapore,228.0,69.57,4,4,0
2026-09-18 04:23:09,Nam,VNPT,vultr_seoul,92.0,42.98,4,4,0
2026-09-18 04:23:09,Nam,VNPT,linode_singapore,58.0,99.95,4,4,0
2026-09-18 04:34:00,Nam,VNPT,cloudflare,41.0,19.67,4,4,0
2026-09-18 04:34:00,Nam,VNPT,vultr_singapore,229.0,73.39,4,4,0
2026-09-18 04:34:00,Nam,VNPT,vultr_seoul,93.0,113.4,4,4,0
2026-09-18 04:34:00,Nam,VNPT,linode_singapore,59.0,72.9,4,4,0
2026-09-18 04:44:45,Nam,VNPT,cloudflare,40.0,26.36,4,4,0
2026-09-18 04:44:45,Nam,VNPT,vultr_singapore,230.0,71.15,4,4,0
2026-09-18 04:44:45,Nam,VNPT,vultr_seoul,95.0,123.46,4,4,0
2026-09-18 04:44:45,Nam,VNPT,linode_singapore,58.0,93.55,4,4,0
2026-09-18 04:55:27,Nam,VNPT,cloudflare,41.0,24.13,4,4,0
2026-09-18 04:55:27,Nam,VNPT,vultr_singapore,232.0,76.74,4,4,0
2026-09-18 04:55:27,Nam,VNPT,vultr_seoul,94.0,116.77,4,4,0
2026-09-18 04:55:27,Nam,VNPT,linode_singapore,57.0,74.89,4,4,0
2026-09-18 05:06:11,Nam,VNPT,cloudflare,44.0,28.0,5,4,0
2026-09-18 05:06:11,Nam,VNPT,vultr_singapore,229.0,36.79,5,4,0
2026-09-18 05:06:11,Nam,VNPT,vultr_seoul,94.0,109.38,5,4,0
2026-09-18 05:06:11,Nam,VNPT,linode_singapore,57.0,73.19,5,4,0
2026-09-18 05:17:00,Nam,VNPT,cloudflare,41.0,28.67,5,4,0
2026-09-18 05:17:00,Nam,VNPT,vultr_singapore,231.0,24.36,5,4,0
2026-09-18 05:17:00,Nam,VNPT,vultr_seoul,93.0,15.29,5,4,0
2026-09-18 05:17:00,Nam,VNPT,linode_singapore,59.0,76.07,5,4,0
2026-09-18 05:27:57,Nam,VNPT,cloudflare,42.0,26.11,5,4,0
2026-09-18 05:27:57,Nam,VNPT,vultr_singapore,228.0,70.4,5,4,0
2026-09-18 05:27:57,Nam,VNPT,vultr_seoul,93.0,58.76,5,4,0
2026-09-18 05:27:57,Nam,VNPT,linode_singapore,58.0,99.23,5,4,0
2026-09-18 05:38:47,Nam,VNPT,cloudflare,42.0,27.41,5,4,0
2026-09-18 05:38:47,Nam,VNPT,vultr_singapore,231.0,72.6,5,4,0
2026-09-18 05:38:47,Nam,VNPT,vultr_seoul,93.0,109.13,5,4,0
2026-09-18 05:38:47,Nam,VNPT,linode_singapore,57.0,91.26,5,4,0
2026-09-18 05:49:30,Nam,VNPT,cloudflare,40.0,26.15,5,4,0
2026-09-18 05:49:30,Nam,VNPT,vultr_singapore,231.0,23.92,5,4,0
2026-09-18 05:49:30,Nam,VNPT,vultr_seoul,92.0,102.01,5,4,0
2026-09-18 05:49:30,Nam,VNPT,linode_singapore,60.0,90.11,5,4,0
2026-09-18 06:00:17,Nam,VNPT,cloudflare,43.0,27.24,6,4,0
2026-09-18 06:00:17,Nam,VNPT,vultr_singapore,231.0,64.61,6,4,0
2026-09-18 06:00:17,Nam,VNPT,vultr_seoul,96.0,96.86,6,4,0
2026-09-18 06:00:17,Nam,VNPT,linode_singapore,59.0,78.26,6,4,0
2026-09-18 06:11:05,Nam,VNPT,cloudflare,41.0,28.33,6,4,0
2026-09-18 06:11:05,Nam,VNPT,vultr_singapore,229.0,67.94,6,4,0
2026-09-18 06:11:05,Nam,VNPT,vultr_seoul,92.0,109.62,6,4,0
2026-09-18 06:11:05,Nam,VNPT,linode_singapore,59.0,38.34,6,4,0
2026-09-18 06:21:54,Nam,VNPT,cloudflare,41.0,28.91,6,4,0
2026-09-18 06:21:54,Nam,VNPT,vultr_singapore,228.0,23.28,6,4,0
2026-09-18 06:21:54,Nam,VNPT,vultr_seoul,100.0,103.9,6,4,0
2026-09-18 06:21:54,Nam,VNPT,linode_singapore,60.0,64.88,6,4,0
2026-09-18 06:32:46,Nam,VNPT,cloudflare,39.0,25.44,6,4,0
2026-09-18 06:32:46,Nam,VNPT,vultr_singapore,232.0,83.58,6,4,0
2026-09-18 06:32:46,Nam,VNPT,vultr_seoul,93.0,113.21,6,4,0
2026-09-18 06:32:46,Nam,VNPT,linode_singapore,58.0,99.65,6,4,0
2026-09-18 06:43:26,Nam,VNPT,cloudflare,42.0,31.43,6,4,0
2026-09-18 06:43:26,Nam,VNPT,vultr_singapore,228.0,22.77,6,4,0
2026-09-18 06:43:26,Nam,VNPT,vultr_seoul,92.0,117.43,6,4,0
2026-09-18 06:43:26,Nam,VNPT,linode_singapore,57.0,103.91,6,4,0
2026-09-18 06:54:11,Nam,VNPT,cloudflare,45.0,24.37,6,4,0
2026-09-18 06:54:11,Nam,VNPT,vultr_singapore,231.0,43.75,6,4,0
2026-09-18 06:54:11,Nam,VNPT,vultr_seoul,96.0,68.64,6,4,0
2026-09-18 06:54:11,Nam,VNPT,linode_singapore,64.0,13.54,6,4,0
2026-09-18 07:05:09,Nam,VNPT,cloudflare,41.0,30.71,7,4,0
2026-09-18 07:05:09,Nam,VNPT,vultr_singapore,229.0,73.86,7,4,0
2026-09-18 07:05:09,Nam,VNPT,vultr_seoul,92.0,35.18,7,4,0
2026-09-18 07:05:09,Nam,VNPT,linode_singapore,59.0,107.91,7,4,0
2026-09-18 07:15:58,Nam,VNPT,cloudflare,41.0,26.24,7,4,0
2026-09-18 07:15:58,Nam,VNPT,vultr_singapore,229.0,38.8,7,4,0
2026-09-18 07:15:58,Nam,VNPT,vultr_seoul,94.0,56.4,7,4,0
2026-09-18 07:15:58,Nam,VNPT,linode_singapore,57.0,71.92,7,4,0
2026-09-18 07:26:54,Nam,VNPT,cloudflare,39.0,31.32,7,4,0
2026-09-18 07:26:54,Nam,VNPT,vultr_singapore,227.0,66.75,7,4,0
2026-09-18 07:26:54,Nam,VNPT,vultr_seoul,93.0,129.7,7,4,0
2026-09-18 07:26:54,Nam,VNPT,linode_singapore,61.0,42.81,7,4,0
2026-09-18 07:37:42,Nam,VNPT,cloudflare,41.0,32.27,7,4,0
2026-09-18 07:37:42,Nam,VNPT,vultr_singapore,234.0,44.26,7,4,0
2026-09-18 07:37:42,Nam,VNPT,vultr_seoul,93.0,150.42,7,4,0
2026-09-18 07:37:42,Nam,VNPT,linode_singapore,57.0,93.76,7,4,0
2026-09-18 07:48:27,Nam,VNPT,cloudflare,44.0,24.14,7,4,0
2026-09-18 07:48:27,Nam,VNPT,vultr_singapore,232.0,109.38,7,4,0
2026-09-18 07:48:27,Nam,VNPT,vultr_seoul,93.0,51.8,7,4,0
2026-09-18 07:48:27,Nam,VNPT,linode_singapore,56.0,87.76,7,4,0
2026-09-18 07:59:13,Nam,VNPT,cloudflare,41.0,24.82,7,4,0
2026-09-18 07:59:13,Nam,VNPT,vultr_singapore,229.0,43.97,7,4,0
2026-09-18 07:59:13,Nam,VNPT,vultr_seoul,95.0,88.35,7,4,0
2026-09-18 07:59:13,Nam,VNPT,linode_singapore,59.0,98.58,7,4,0
2026-09-18 08:10:01,Nam,VNPT,cloudflare,40.0,22.08,8,4,0
2026-09-18 08:10:01,Nam,VNPT,vultr_singapore,227.0,28.38,8,4,0
2026-09-18 08:10:01,Nam,VNPT,vultr_seoul,93.0,121.46,8,4,0
2026-09-18 08:10:01,Nam,VNPT,linode_singapore,57.0,88.49,8,4,0
2026-09-18 08:20:47,Nam,VNPT,cloudflare,39.0,25.15,8,4,0
2026-09-18 08:20:47,Nam,VNPT,vultr_singapore,227.0,126.77,8,4,0
2026-09-18 08:20:47,Nam,VNPT,vultr_seoul,92.0,62.98,8,4,0
2026-09-18 08:20:47,Nam,VNPT,linode_singapore,56.0,89.04,8,4,0
2026-09-18 08:31:31,Nam,VNPT,cloudflare,40.0,24.22,8,4,0
2026-09-18 08:31:31,Nam,VNPT,vultr_singapore,227.0,17.41,8,4,0
2026-09-18 08:31:31,Nam,VNPT,vultr_seoul,93.0,116.83,8,4,0
2026-09-18 08:31:31,Nam,VNPT,linode_singapore,55.0,117.32,8,4,0
2026-09-18 08:42:15,Nam,VNPT,cloudflare,41.0,25.6,8,4,0
2026-09-18 08:42:15,Nam,VNPT,vultr_singapore,230.0,85.23,8,4,0
2026-09-18 08:42:15,Nam,VNPT,vultr_seoul,93.0,67.37,8,4,0
2026-09-18 08:42:15,Nam,VNPT,linode_singapore,56.0,66.19,8,4,0
2026-09-18 08:53:05,Nam,VNPT,cloudflare,39.0,25.04,8,4,0
2026-09-18 08:53:05,Nam,VNPT,vultr_singapore,226.0,48.98,8,4,0
2026-09-18 08:53:05,Nam,VNPT,vultr_seoul,92.0,121.28,8,4,0
2026-09-18 08:53:05,Nam,VNPT,linode_singapore,57.0,95.31,8,4,0
2026-09-18 09:03:50,Nam,VNPT,cloudflare,41.0,20.31,9,4,0
2026-09-18 09:03:50,Nam,VNPT,vultr_singapore,233.0,94.15,9,4,0
2026-09-18 09:03:50,Nam,VNPT,vultr_seoul,92.0,117.27,9,4,0
2026-09-18 09:03:50,Nam,VNPT,linode_singapore,56.0,105.76,9,4,0
2026-09-18 09:14:29,Nam,VNPT,cloudflare,42.0,22.82,9,4,0
2026-09-18 09:14:29,Nam,VNPT,vultr_singapore,227.0,86.88,9,4,0
2026-09-18 09:14:29,Nam,VNPT,vultr_seoul,93.0,98.71,9,4,0
2026-09-18 09:14:29,Nam,VNPT,linode_singapore,55.0,47.68,9,4,0
2026-09-18 09:25:17,Nam,VNPT,cloudflare,40.0,29.36,9,4,0
2026-09-18 09:25:17,Nam,VNPT,vultr_singapore,227.0,104.8,9,4,0
2026-09-18 09:25:17,Nam,VNPT,vultr_seoul,91.0,107.11,9,4,0
2026-09-18 09:25:17,Nam,VNPT,linode_singapore,55.0,77.57,9,4,0
2026-09-18 09:35:58,Nam,VNPT,cloudflare,55.0,28.79,9,4,0
2026-09-18 09:35:58,Nam,VNPT,vultr_singapore,228.0,20.54,9,4,0
2026-09-18 09:35:58,Nam,VNPT,vultr_seoul,93.0,103.26,9,4,0
2026-09-18 09:35:58,Nam,VNPT,linode_singapore,58.0,87.3,9,4,0
2026-09-18 09:46:45,Nam,VNPT,cloudflare,41.0,28.86,9,4,0
2026-09-18 09:46:45,Nam,VNPT,vultr_singapore,229.0,60.24,9,4,0
2026-09-18 09:46:45,Nam,VNPT,vultr_seoul,92.0,127.64,9,4,0
2026-09-18 09:46:45,Nam,VNPT,linode_singapore,55.0,79.82,9,4,0
2026-09-18 09:57:31,Nam,VNPT,cloudflare,42.0,25.6,9,4,0
2026-09-18 09:57:31,Nam,VNPT,vultr_singapore,230.0,80.52,9,4,0
2026-09-18 09:57:31,Nam,VNPT,vultr_seoul,93.0,128.3,9,4,0
2026-09-18 09:57:31,Nam,VNPT,linode_singapore,56.0,65.98,9,4,0
2026-09-18 10:08:15,Nam,VNPT,cloudflare,43.0,28.35,10,4,0
2026-09-18 10:08:15,Nam,VNPT,vultr_singapore,226.0,111.13,10,4,0
2026-09-18 10:08:15,Nam,VNPT,vultr_seoul,91.0,121.11,10,4,0
2026-09-18 10:08:15,Nam,VNPT,linode_singapore,56.0,109.95,10,4,0
2026-09-18 10:18:52,Nam,VNPT,cloudflare,41.0,28.53,10,4,0
2026-09-18 10:18:52,Nam,VNPT,vultr_singapore,229.0,121.07,10,4,0
2026-09-18 10:18:52,Nam,VNPT,vultr_seoul,94.0,102.8,10,4,0
2026-09-18 10:18:52,Nam,VNPT,linode_singapore,57.0,90.33,10,4,0
2026-09-18 10:29:31,Nam,VNPT,cloudflare,42.0,24.12,10,4,0
2026-09-18 10:29:31,Nam,VNPT,vultr_singapore,230.0,55.79,10,4,0
2026-09-18 10:29:31,Nam,VNPT,vultr_seoul,97.0,111.67,10,4,0
2026-09-18 10:29:31,Nam,VNPT,linode_singapore,57.0,84.33,10,4,0
2026-09-18 10:40:18,Nam,VNPT,cloudflare,44.0,28.35,10,4,0
2026-09-18 10:40:18,Nam,VNPT,vultr_singapore,228.0,95.18,10,4,0
2026-09-18 10:40:18,Nam,VNPT,vultr_seoul,94.0,66.23,10,4,0
2026-09-18 10:40:18,Nam,VNPT,linode_singapore,57.0,115.59,10,4,0
2026-09-18 10:51:02,Nam,VNPT,cloudflare,39.0,30.89,10,4,0
2026-09-18 10:51:02,Nam,VNPT,vultr_singapore,230.0,61.18,10,4,0
2026-09-18 10:51:02,Nam,VNPT,vultr_seoul,93.0,135.66,10,4,0
2026-09-18 10:51:02,Nam,VNPT,linode_singapore,66.0,61.05,10,4,0
2026-09-18 11:01:50,Nam,VNPT,cloudflare,41.0,13.44,11,4,0
2026-09-18 11:01:50,Nam,VNPT,vultr_singapore,230.0,117.47,11,4,0
2026-09-18 11:01:50,Nam,VNPT,vultr_seoul,92.0,103.63,11,4,0
2026-09-18 11:01:50,Nam,VNPT,linode_singapore,57.0,73.49,11,4,0
2026-09-18 11:12:31,Nam,VNPT,cloudflare,40.0,26.61,11,4,0
2026-09-18 11:12:31,Nam,VNPT,vultr_singapore,229.0,92.69,11,4,0
2026-09-18 11:12:31,Nam,VNPT,vultr_seoul,93.0,102.36,11,4,0
2026-09-18 11:12:31,Nam,VNPT,linode_singapore,58.0,86.68,11,4,0
2026-09-18 11:23:13,Nam,VNPT,cloudflare,42.0,15.83,11,4,0
2026-09-18 11:23:13,Nam,VNPT,vultr_singapore,229.0,65.04,11,4,0
2026-09-18 11:23:13,Nam,VNPT,vultr_seoul,93.0,101.02,11,4,0
2026-09-18 11:23:13,Nam,VNPT,linode_singapore,55.0,74.31,11,4,0
2026-09-18 11:34:00,Nam,VNPT,cloudflare,40.0,23.5,11,4,0
2026-09-18 11:34:00,Nam,VNPT,vultr_singapore,230.0,85.64,11,4,0
2026-09-18 11:34:00,Nam,VNPT,vultr_seoul,92.0,117.28,11,4,0
2026-09-18 11:34:00,Nam,VNPT,linode_singapore,57.0,73.97,11,4,0
2026-09-18 11:44:43,Nam,VNPT,cloudflare,40.0,11.05,11,4,0
2026-09-18 11:44:43,Nam,VNPT,vultr_singapore,227.0,107.59,11,4,0
2026-09-18 11:44:43,Nam,VNPT,vultr_seoul,116.0,68.05,11,4,0
2026-09-18 11:44:43,Nam,VNPT,linode_singapore,56.0,78.52,11,4,0
2026-09-18 11:55:29,Nam,VNPT,cloudflare,41.0,7.9,11,4,0
2026-09-18 11:55:29,Nam,VNPT,vultr_singapore,230.0,6.38,11,4,0
2026-09-18 11:55:29,Nam,VNPT,vultr_seoul,91.0,66.05,11,4,0
2026-09-18 11:55:29,Nam,VNPT,linode_singapore,57.0,90.36,11,4,0
2026-09-18 12:06:22,Nam,VNPT,cloudflare,42.0,8.64,12,4,0
2026-09-18 12:06:22,Nam,VNPT,vultr_singapore,226.0,20.77,12,4,0
2026-09-18 12:06:22,Nam,VNPT,vultr_seoul,92.0,53.14,12,4,0
2026-09-18 12:06:22,Nam,VNPT,linode_singapore,61.0,95.46,12,4,0
2026-09-18 12:17:17,Nam,VNPT,cloudflare,43.0,4.98,12,4,0
2026-09-18 12:17:17,Nam,VNPT,vultr_singapore,229.0,83.83,12,4,0
2026-09-18 12:17:17,Nam,VNPT,vultr_seoul,93.0,9.17,12,4,0
2026-09-18 12:17:17,Nam,VNPT,linode_singapore,58.0,85.43,12,4,0
2026-09-18 12:28:10,Nam,VNPT,cloudflare,45.0,9.88,12,4,0
2026-09-18 12:28:10,Nam,VNPT,vultr_singapore,227.0,104.63,12,4,0
2026-09-18 12:28:10,Nam,VNPT,vultr_seoul,91.0,27.58,12,4,0
2026-09-18 12:28:10,Nam,VNPT,linode_singapore,57.0,80.83,12,4,0
2026-09-18 12:38:59,Nam,VNPT,cloudflare,40.0,13.29,12,4,0
2026-09-18 12:38:59,Nam,VNPT,vultr_singapore,231.0,90.49,12,4,0
2026-09-18 12:38:59,Nam,VNPT,vultr_seoul,96.0,18.75,12,4,0
2026-09-18 12:38:59,Nam,VNPT,linode_singapore,57.0,83.87,12,4,0
2026-09-18 12:49:48,Nam,VNPT,cloudflare,41.0,7.26,12,4,0
2026-09-18 12:49:48,Nam,VNPT,vultr_singapore,228.0,61.92,12,4,0
2026-09-18 12:49:48,Nam,VNPT,vultr_seoul,91.0,5.07,12,4,0
2026-09-18 12:49:48,Nam,VNPT,linode_singapore,58.0,91.13,12,4,0
2026-09-18 13:00:42,Nam,VNPT,cloudflare,41.0,3.78,13,4,0
2026-09-18 13:00:42,Nam,VNPT,vultr_singapore,232.0,22.38,13,4,0
2026-09-18 13:00:42,Nam,VNPT,vultr_seoul,96.0,10.06,13,4,0
2026-09-18 13:00:42,Nam,VNPT,linode_singapore,57.0,66.88,13,4,0
2026-09-18 13:11:43,Nam,VNPT,cloudflare,40.0,15.6,13,4,0
2026-09-18 13:11:43,Nam,VNPT,vultr_singapore,228.0,3.3,13,4,0
2026-09-18 13:11:43,Nam,VNPT,vultr_seoul,97.0,21.77,13,4,0
2026-09-18 13:11:43,Nam,VNPT,linode_singapore,57.0,76.77,13,4,0
2026-09-18 13:22:39,Nam,VNPT,cloudflare,40.0,8.24,13,4,0
2026-09-18 13:22:39,Nam,VNPT,vultr_singapore,228.0,40.6,13,4,0
2026-09-18 13:22:39,Nam,VNPT,vultr_seoul,95.0,81.61,13,4,0
2026-09-18 13:22:39,Nam,VNPT,linode_singapore,58.0,118.27,13,4,0
2026-09-18 13:33:27,Nam,VNPT,cloudflare,40.0,11.92,13,4,0
2026-09-18 13:33:27,Nam,VNPT,vultr_singapore,229.0,100.66,13,4,0
2026-09-18 13:33:27,Nam,VNPT,vultr_seoul,95.0,20.45,13,4,0
2026-09-18 13:33:27,Nam,VNPT,linode_singapore,55.0,104.39,13,4,0
2026-09-18 13:44:14,Nam,VNPT,cloudflare,42.0,17.4,13,4,0
2026-09-18 13:44:14,Nam,VNPT,vultr_singapore,229.0,18.68,13,4,0
2026-09-18 13:44:14,Nam,VNPT,vultr_seoul,97.0,83.2,13,4,0
2026-09-18 13:44:14,Nam,VNPT,linode_singapore,56.0,80.4,13,4,0
2026-09-18 17:26:35,Nam,VNPT,cloudflare,40.0,29.26,17,4,0
2026-09-18 17:26:35,Nam,VNPT,vultr_singapore,231.0,10.91,17,4,0
2026-09-18 17:26:35,Nam,VNPT,vultr_seoul,89.0,117.03,17,4,0
2026-09-18 17:26:35,Nam,VNPT,linode_singapore,57.0,102.51,17,4,0
2026-09-18 17:37:19,Nam,VNPT,cloudflare,40.0,30.89,17,4,0
2026-09-18 17:37:19,Nam,VNPT,vultr_singapore,228.0,8.97,17,4,0
2026-09-18 17:37:19,Nam,VNPT,vultr_seoul,89.0,128.78,17,4,0
2026-09-18 17:37:19,Nam,VNPT,linode_singapore,57.0,91.53,17,4,0
2026-09-18 17:48:05,Nam,VNPT,cloudflare,42.0,27.04,17,4,0
2026-09-18 17:48:05,Nam,VNPT,vultr_singapore,227.0,10.46,17,4,0
2026-09-18 17:48:05,Nam,VNPT,vultr_seoul,89.0,128.71,17,4,0
2026-09-18 17:48:05,Nam,VNPT,linode_singapore,57.0,115.17,17,4,0
2026-09-18 17:58:49,Nam,VNPT,cloudflare,42.0,27.96,17,4,0
2026-09-18 17:58:49,Nam,VNPT,vultr_singapore,226.0,2.46,17,4,0
2026-09-18 17:58:49,Nam,VNPT,vultr_seoul,92.0,105.92,17,4,0
2026-09-18 17:58:49,Nam,VNPT,linode_singapore,57.0,113.13,17,4,0
2026-09-18 18:09:34,Nam,VNPT,cloudflare,41.0,25.61,18,4,0
2026-09-18 18:09:34,Nam,VNPT,vultr_singapore,231.0,9.82,18,4,0
2026-09-18 18:09:34,Nam,VNPT,vultr_seoul,92.0,135.62,18,4,0
2026-09-18 18:09:34,Nam,VNPT,linode_singapore,57.0,88.72,18,4,0
2026-09-18 18:20:20,Nam,VNPT,cloudflare,47.0,23.5,18,4,0
2026-09-18 18:20:20,Nam,VNPT,vultr_singapore,228.0,8.42,18,4,0
2026-09-18 18:20:20,Nam,VNPT,vultr_seoul,90.0,78.25,18,4,0
2026-09-18 18:20:20,Nam,VNPT,linode_singapore,62.0,91.46,18,4,0
2026-09-18 18:31:10,Nam,VNPT,cloudflare,63.0,10.17,18,4,0
2026-09-18 18:31:10,Nam,VNPT,vultr_singapore,227.0,12.97,18,4,0
2026-09-18 18:31:10,Nam,VNPT,vultr_seoul,92.0,108.51,18,4,0
2026-09-18 18:31:10,Nam,VNPT,linode_singapore,57.0,103.2,18,4,0
2026-09-18 18:41:58,Nam,VNPT,cloudflare,44.0,25.62,18,4,0
2026-09-18 18:41:58,Nam,VNPT,vultr_singapore,239.0,2.31,18,4,0
2026-09-18 18:41:58,Nam,VNPT,vultr_seoul,90.0,20.61,18,4,0
2026-09-18 18:41:58,Nam,VNPT,linode_singapore,60.0,77.74,18,4,0
2026-09-18 18:52:53,Nam,VNPT,cloudflare,42.0,21.34,18,4,0
2026-09-18 18:52:53,Nam,VNPT,vultr_singapore,229.0,2.05,18,4,0
2026-09-18 18:52:53,Nam,VNPT,vultr_seoul,98.0,92.77,18,4,0
2026-09-18 18:52:53,Nam,VNPT,linode_singapore,56.0,99.11,18,4,0
2026-09-18 19:03:40,Nam,VNPT,cloudflare,42.0,16.9,19,4,0
2026-09-18 19:03:40,Nam,VNPT,vultr_singapore,228.0,2.21,19,4,0
2026-09-18 19:03:40,Nam,VNPT,vultr_seoul,90.0,70.41,19,4,0
2026-09-18 19:03:40,Nam,VNPT,linode_singapore,58.0,94.26,19,4,0
2026-09-18 19:14:31,Nam,VNPT,cloudflare,41.0,20.19,19,4,0
2026-09-18 19:14:31,Nam,VNPT,vultr_singapore,228.0,8.19,19,4,0
2026-09-18 19:14:31,Nam,VNPT,vultr_seoul,95.0,10.72,19,4,0
2026-09-18 19:14:31,Nam,VNPT,linode_singapore,58.0,96.85,19,4,0
2026-09-18 19:25:24,Nam,VNPT,cloudflare,41.0,11.2,19,4,0
2026-09-18 19:25:24,Nam,VNPT,vultr_singapore,227.0,12.48,19,4,0
2026-09-18 19:25:24,Nam,VNPT,vultr_seoul,90.0,39.48,19,4,0
2026-09-18 19:25:24,Nam,VNPT,linode_singapore,61.0,46.71,19,4,0
2026-09-18 19:36:25,Nam,VNPT,cloudflare,43.0,17.57,19,4,0
2026-09-18 19:36:25,Nam,VNPT,vultr_singapore,228.0,1.73,19,4,0
2026-09-18 19:36:25,Nam,VNPT,vultr_seoul,90.0,51.12,19,4,0
2026-09-18 19:36:25,Nam,VNPT,linode_singapore,57.0,128.39,19,4,0
2026-09-18 19:47:16,Nam,VNPT,cloudflare,40.0,6.67,19,4,0
2026-09-18 19:47:16,Nam,VNPT,vultr_singapore,228.0,1.62,19,4,0
2026-09-18 19:47:16,Nam,VNPT,vultr_seoul,90.0,54.48,19,4,0
2026-09-18 19:47:16,Nam,VNPT,linode_singapore,56.0,100.82,19,4,0
2026-09-18 19:58:11,Nam,VNPT,cloudflare,42.0,8.85,19,4,0
2026-09-18 19:58:11,Nam,VNPT,vultr_singapore,227.0,85.0,19,4,0
2026-09-18 19:58:11,Nam,VNPT,vultr_seoul,89.0,28.86,19,4,0
2026-09-18 19:58:11,Nam,VNPT,linode_singapore,63.0,70.84,19,4,0
2026-09-18 20:09:04,Nam,VNPT,cloudflare,41.0,9.88,20,4,0
2026-09-18 20:09:04,Nam,VNPT,vultr_singapore,226.0,3.94,20,4,0
2026-09-18 20:09:04,Nam,VNPT,vultr_seoul,88.0,16.93,20,4,0
2026-09-18 20:09:04,Nam,VNPT,linode_singapore,56.0,122.21,20,4,0
2026-09-18 20:19:57,Nam,VNPT,cloudflare,45.0,9.06,20,4,0
2026-09-18 20:19:57,Nam,VNPT,vultr_singapore,232.0,13.33,20,4,0
2026-09-18 20:19:57,Nam,VNPT,vultr_seoul,91.0,33.2,20,4,0
2026-09-18 20:19:57,Nam,VNPT,linode_singapore,56.0,73.64,20,4,0
2026-09-18 20:30:54,Nam,VNPT,cloudflare,43.0,8.28,20,4,0
2026-09-18 20:30:54,Nam,VNPT,vultr_singapore,229.0,3.22,20,4,0
2026-09-18 20:30:54,Nam,VNPT,vultr_seoul,91.0,16.83,20,4,0
2026-09-18 20:30:54,Nam,VNPT,linode_singapore,56.0,60.89,20,4,0
2026-09-18 20:41:54,Nam,VNPT,cloudflare,39.0,9.95,20,4,0
2026-09-18 20:41:54,Nam,VNPT,vultr_singapore,230.0,10.74,20,4,0
2026-09-18 20:41:54,Nam,VNPT,vultr_seoul,88.0,21.09,20,4,0
2026-09-18 20:41:54,Nam,VNPT,linode_singapore,63.0,82.08,20,4,0
2026-09-18 22:17:12,Nam,VNPT,cloudflare,41.0,4.11,22,4,0
2026-09-18 22:17:12,Nam,VNPT,vultr_singapore,282.0,3.65,22,4,0
2026-09-18 22:17:12,Nam,VNPT,vultr_seoul,90.0,7.49,22,4,0
2026-09-18 22:17:12,Nam,VNPT,linode_singapore,61.0,54.36,22,4,0
2026-09-18 22:28:16,Nam,VNPT,cloudflare,44.0,6.49,22,4,0
2026-09-18 22:28:16,Nam,VNPT,vultr_singapore,281.0,14.64,22,4,0
2026-09-18 22:28:16,Nam,VNPT,vultr_seoul,95.0,25.2,22,4,0
2026-09-18 22:28:16,Nam,VNPT,linode_singapore,59.0,73.24,22,4,0
2026-09-18 22:39:14,Nam,VNPT,cloudflare,41.0,3.45,22,4,0
2026-09-18 22:39:14,Nam,VNPT,vultr_singapore,233.0,4.86,22,4,0
2026-09-18 22:39:14,Nam,VNPT,vultr_seoul,90.0,28.37,22,4,0
2026-09-18 22:39:14,Nam,VNPT,linode_singapore,59.0,78.38,22,4,0
2026-09-18 22:50:14,Nam,VNPT,cloudflare,42.0,10.22,22,4,0
2026-09-18 22:50:14,Nam,VNPT,vultr_singapore,231.0,1.43,22,4,0
2026-09-18 22:50:14,Nam,VNPT,vultr_seoul,90.0,23.89,22,4,0
2026-09-18 22:50:14,Nam,VNPT,linode_singapore,57.0,93.46,22,4,0
2026-09-18 23:01:10,Nam,VNPT,cloudflare,45.0,15.05,23,4,0
2026-09-18 23:01:10,Nam,VNPT,vultr_singapore,233.0,1.02,23,4,0
2026-09-18 23:01:10,Nam,VNPT,vultr_seoul,137.0,5.95,23,4,0
2026-09-18 23:01:10,Nam,VNPT,linode_singapore,42.0,0.46,23,4,0
2026-09-18 23:12:11,Nam,VNPT,cloudflare,41.0,4.99,23,4,0
2026-09-18 23:12:11,Nam,VNPT,vultr_singapore,221.0,5.81,23,4,0
2026-09-18 23:12:11,Nam,VNPT,vultr_seoul,106.0,32.85,23,4,0
2026-09-18 23:12:11,Nam,VNPT,linode_singapore,43.0,2.76,23,4,0
2026-09-18 23:23:14,Nam,VNPT,cloudflare,41.0,15.89,23,4,0
2026-09-18 23:23:14,Nam,VNPT,vultr_singapore,220.0,4.66,23,4,0
2026-09-18 23:23:14,Nam,VNPT,vultr_seoul,98.0,65.82,23,4,0
2026-09-18 23:23:14,Nam,VNPT,linode_singapore,44.0,13.78,23,4,0
2026-09-18 23:34:12,Nam,VNPT,cloudflare,42.0,29.36,23,4,0
2026-09-18 23:34:12,Nam,VNPT,vultr_singapore,228.0,51.16,23,4,0
2026-09-18 23:34:12,Nam,VNPT,vultr_seoul,98.0,149.43,23,4,0
2026-09-18 23:34:12,Nam,VNPT,linode_singapore,41.0,95.18,23,4,0
2026-09-18 23:44:57,Nam,VNPT,cloudflare,44.0,23.51,23,4,0
2026-09-18 23:44:57,Nam,VNPT,vultr_singapore,220.0,10.83,23,4,0
2026-09-18 23:44:57,Nam,VNPT,vultr_seoul,98.0,134.43,23,4,0
2026-09-18 23:44:57,Nam,VNPT,linode_singapore,41.0,102.42,23,4,0
2026-09-18 23:55:41,Nam,VNPT,cloudflare,41.0,30.89,23,4,0
2026-09-18 23:55:41,Nam,VNPT,vultr_singapore,220.0,6.96,23,4,0
2026-09-18 23:55:41,Nam,VNPT,vultr_seoul,95.0,122.61,23,4,0
2026-09-18 23:55:41,Nam,VNPT,linode_singapore,43.0,139.59,23,4,0
2026-09-19 00:06:24,Nam,VNPT,cloudflare,41.0,23.1,0,5,0
2026-09-19 00:06:24,Nam,VNPT,vultr_singapore,219.0,2.44,0,5,0
2026-09-19 00:06:24,Nam,VNPT,vultr_seoul,96.0,7.54,0,5,0
2026-09-19 00:06:24,Nam,VNPT,linode_singapore,41.0,119.71,0,5,0
2026-09-19 00:17:17,Nam,VNPT,cloudflare,40.0,27.52,0,5,0
2026-09-19 00:17:17,Nam,VNPT,vultr_singapore,225.0,16.12,0,5,0
2026-09-19 00:17:17,Nam,VNPT,vultr_seoul,96.0,145.97,0,5,0
2026-09-19 00:17:17,Nam,VNPT,linode_singapore,41.0,126.02,0,5,0
2026-09-19 00:28:00,Nam,VNPT,cloudflare,42.0,23.52,0,5,0
2026-09-19 00:28:00,Nam,VNPT,vultr_singapore,224.0,17.15,0,5,0
2026-09-19 00:28:00,Nam,VNPT,vultr_seoul,96.0,155.75,0,5,0
2026-09-19 00:28:00,Nam,VNPT,linode_singapore,44.0,138.32,0,5,0
2026-09-19 00:38:42,Nam,VNPT,cloudflare,40.0,29.34,0,5,0
2026-09-19 00:38:42,Nam,VNPT,vultr_singapore,221.0,26.93,0,5,0
2026-09-19 00:38:42,Nam,VNPT,vultr_seoul,96.0,155.57,0,5,0
2026-09-19 00:38:42,Nam,VNPT,linode_singapore,41.0,150.8,0,5,0
2026-09-19 00:49:22,Nam,VNPT,cloudflare,39.0,28.81,0,5,0
2026-09-19 00:49:22,Nam,VNPT,vultr_singapore,220.0,2.57,0,5,0
2026-09-19 00:49:22,Nam,VNPT,vultr_seoul,96.0,146.88,0,5,0
2026-09-19 00:49:22,Nam,VNPT,linode_singapore,43.0,106.53,0,5,0
2026-09-19 01:00:06,Nam,VNPT,cloudflare,39.0,31.13,1,5,0
2026-09-19 01:00:06,Nam,VNPT,vultr_singapore,233.0,12.51,1,5,0
2026-09-19 01:00:06,Nam,VNPT,vultr_seoul,96.0,144.33,1,5,0
2026-09-19 01:00:06,Nam,VNPT,linode_singapore,41.0,106.18,1,5,0
2026-09-19 01:10:49,Nam,VNPT,cloudflare,40.0,26.51,1,5,0
2026-09-19 01:10:49,Nam,VNPT,vultr_singapore,228.0,13.16,1,5,0
2026-09-19 01:10:49,Nam,VNPT,vultr_seoul,96.0,122.62,1,5,0
2026-09-19 01:10:49,Nam,VNPT,linode_singapore,40.0,100.82,1,5,0
2026-09-19 01:21:34,Nam,VNPT,cloudflare,40.0,30.67,1,5,0
2026-09-19 01:21:34,Nam,VNPT,vultr_singapore,228.0,10.32,1,5,0
2026-09-19 01:21:34,Nam,VNPT,vultr_seoul,96.0,116.69,1,5,0
2026-09-19 01:21:34,Nam,VNPT,linode_singapore,41.0,132.82,1,5,0
2026-09-19 01:32:18,Nam,VNPT,cloudflare,41.0,26.05,1,5,0
2026-09-19 01:32:18,Nam,VNPT,vultr_singapore,228.0,11.1,1,5,0
2026-09-19 01:32:18,Nam,VNPT,vultr_seoul,98.0,153.1,1,5,0
2026-09-19 01:32:18,Nam,VNPT,linode_singapore,41.0,3.74,1,5,0
2026-09-19 01:43:08,Nam,VNPT,cloudflare,40.0,30.68,1,5,0
2026-09-19 01:43:08,Nam,VNPT,vultr_singapore,228.0,7.77,1,5,0
2026-09-19 01:43:08,Nam,VNPT,vultr_seoul,97.0,150.24,1,5,0
2026-09-19 01:43:08,Nam,VNPT,linode_singapore,41.0,118.5,1,5,0
2026-09-19 01:53:51,Nam,VNPT,cloudflare,44.0,30.89,1,5,0
2026-09-19 01:53:51,Nam,VNPT,vultr_singapore,231.0,9.92,1,5,0
2026-09-19 01:53:51,Nam,VNPT,vultr_seoul,97.0,139.97,1,5,0
2026-09-19 01:53:51,Nam,VNPT,linode_singapore,43.0,100.17,1,5,0
2026-09-19 02:04:35,Nam,VNPT,cloudflare,41.0,32.22,2,5,0
2026-09-19 02:04:35,Nam,VNPT,vultr_singapore,227.0,36.52,2,5,0
2026-09-19 02:04:35,Nam,VNPT,vultr_seoul,102.0,112.32,2,5,0
2026-09-19 02:04:35,Nam,VNPT,linode_singapore,40.0,106.7,2,5,0
2026-09-19 02:15:21,Nam,VNPT,cloudflare,40.0,26.15,2,5,0
2026-09-19 02:15:21,Nam,VNPT,vultr_singapore,227.0,42.58,2,5,0
2026-09-19 02:15:21,Nam,VNPT,vultr_seoul,94.0,148.64,2,5,0
2026-09-19 02:15:21,Nam,VNPT,linode_singapore,41.0,157.45,2,5,0
2026-09-19 02:26:01,Nam,VNPT,cloudflare,40.0,29.53,2,5,0
2026-09-19 02:26:01,Nam,VNPT,vultr_singapore,227.0,16.04,2,5,0
2026-09-19 02:26:01,Nam,VNPT,vultr_seoul,94.0,144.04,2,5,0
2026-09-19 02:26:01,Nam,VNPT,linode_singapore,42.0,107.76,2,5,0
2026-09-19 02:36:45,Nam,VNPT,cloudflare,40.0,23.26,2,5,0
2026-09-19 02:36:45,Nam,VNPT,vultr_singapore,228.0,9.12,2,5,0
2026-09-19 02:36:45,Nam,VNPT,vultr_seoul,96.0,138.14,2,5,0
2026-09-19 02:36:45,Nam,VNPT,linode_singapore,44.0,99.92,2,5,0
2026-09-19 02:47:29,Nam,VNPT,cloudflare,41.0,25.07,2,5,0
2026-09-19 02:47:29,Nam,VNPT,vultr_singapore,227.0,2.44,2,5,0
2026-09-19 02:47:29,Nam,VNPT,vultr_seoul,96.0,132.0,2,5,0
2026-09-19 02:47:29,Nam,VNPT,linode_singapore,41.0,104.95,2,5,0
2026-09-19 02:58:14,Nam,VNPT,cloudflare,39.0,24.06,2,5,0
2026-09-19 02:58:14,Nam,VNPT,vultr_singapore,229.0,2.44,2,5,0
2026-09-19 02:58:14,Nam,VNPT,vultr_seoul,95.0,122.75,2,5,0
2026-09-19 02:58:14,Nam,VNPT,linode_singapore,40.0,109.69,2,5,0
2026-09-19 03:08:58,Nam,VNPT,cloudflare,40.0,28.25,3,5,0
2026-09-19 03:08:58,Nam,VNPT,vultr_singapore,228.0,10.55,3,5,0
2026-09-19 03:08:58,Nam,VNPT,vultr_seoul,96.0,28.75,3,5,0
2026-09-19 03:08:58,Nam,VNPT,linode_singapore,41.0,109.81,3,5,0
2026-09-19 03:19:51,Nam,VNPT,cloudflare,43.0,28.33,3,5,0
2026-09-19 03:19:51,Nam,VNPT,vultr_singapore,228.0,8.34,3,5,0
2026-09-19 03:19:51,Nam,VNPT,vultr_seoul,98.0,142.03,3,5,0
2026-09-19 03:19:51,Nam,VNPT,linode_singapore,41.0,131.37,3,5,0
2026-09-19 03:30:33,Nam,VNPT,cloudflare,41.0,25.81,3,5,0
2026-09-19 03:30:33,Nam,VNPT,vultr_singapore,228.0,8.77,3,5,0
2026-09-19 03:30:33,Nam,VNPT,vultr_seoul,95.0,138.14,3,5,0
2026-09-19 03:30:33,Nam,VNPT,linode_singapore,40.0,119.55,3,5,0
2026-09-19 03:41:16,Nam,VNPT,cloudflare,42.0,25.9,3,5,0
2026-09-19 03:41:16,Nam,VNPT,vultr_singapore,228.0,12.37,3,5,0
2026-09-19 03:41:16,Nam,VNPT,vultr_seoul,95.0,133.91,3,5,0
2026-09-19 03:41:16,Nam,VNPT,linode_singapore,41.0,114.56,3,5,0
2026-09-19 03:52:00,Nam,VNPT,cloudflare,41.0,22.41,3,5,0
2026-09-19 03:52:00,Nam,VNPT,vultr_singapore,229.0,48.43,3,5,0
2026-09-19 03:52:00,Nam,VNPT,vultr_seoul,95.0,143.48,3,5,0
2026-09-19 03:52:00,Nam,VNPT,linode_singapore,42.0,126.06,3,5,0
2026-09-19 04:02:43,Nam,VNPT,cloudflare,43.0,25.17,4,5,0
2026-09-19 04:02:43,Nam,VNPT,vultr_singapore,231.0,2.44,4,5,0
2026-09-19 04:02:43,Nam,VNPT,vultr_seoul,98.0,110.3,4,5,0
2026-09-19 04:02:43,Nam,VNPT,linode_singapore,42.0,138.39,4,5,0
2026-09-19 04:13:27,Nam,VNPT,cloudflare,41.0,26.12,4,5,0
2026-09-19 04:13:27,Nam,VNPT,vultr_singapore,228.0,21.21,4,5,0
2026-09-19 04:13:27,Nam,VNPT,vultr_seoul,96.0,30.33,4,5,0
2026-09-19 04:13:27,Nam,VNPT,linode_singapore,45.0,144.45,4,5,0
2026-09-19 04:24:18,Nam,VNPT,cloudflare,42.0,26.66,4,5,0
2026-09-19 04:24:18,Nam,VNPT,vultr_singapore,230.0,12.59,4,5,0
2026-09-19 04:24:18,Nam,VNPT,vultr_seoul,100.0,131.83,4,5,0
2026-09-19 04:24:18,Nam,VNPT,linode_singapore,42.0,129.49,4,5,0
2026-09-19 04:35:00,Nam,VNPT,cloudflare,46.0,18.42,4,5,0
2026-09-19 04:35:00,Nam,VNPT,vultr_singapore,239.0,9.41,4,5,0
2026-09-19 04:35:00,Nam,VNPT,vultr_seoul,95.0,143.07,4,5,0
2026-09-19 04:35:00,Nam,VNPT,linode_singapore,41.0,103.81,4,5,0
2026-09-19 04:45:45,Nam,VNPT,cloudflare,40.0,33.8,4,5,0
2026-09-19 04:45:45,Nam,VNPT,vultr_singapore,227.0,11.86,4,5,0
2026-09-19 04:45:45,Nam,VNPT,vultr_seoul,95.0,157.24,4,5,0
2026-09-19 04:45:45,Nam,VNPT,linode_singapore,41.0,104.17,4,5,0
2026-09-19 04:56:28,Nam,VNPT,cloudflare,39.0,29.96,4,5,0
2026-09-19 04:56:28,Nam,VNPT,vultr_singapore,227.0,29.72,4,5,0
2026-09-19 04:56:28,Nam,VNPT,vultr_seoul,96.0,147.68,4,5,0
2026-09-19 04:56:28,Nam,VNPT,linode_singapore,40.0,97.18,4,5,0
2026-09-19 05:07:12,Nam,VNPT,cloudflare,43.0,30.86,5,5,0
2026-09-19 05:07:12,Nam,VNPT,vultr_singapore,228.0,8.61,5,5,0
2026-09-19 05:07:12,Nam,VNPT,vultr_seoul,96.0,110.75,5,5,0
2026-09-19 05:07:12,Nam,VNPT,linode_singapore,41.0,120.89,5,5,0
2026-09-19 05:17:56,Nam,VNPT,cloudflare,42.0,30.9,5,5,0
2026-09-19 05:17:56,Nam,VNPT,vultr_singapore,233.0,10.73,5,5,0
2026-09-19 05:17:56,Nam,VNPT,vultr_seoul,96.0,147.78,5,5,0
2026-09-19 05:17:56,Nam,VNPT,linode_singapore,41.0,147.67,5,5,0
2026-09-19 05:28:37,Nam,VNPT,cloudflare,41.0,26.76,5,5,0
2026-09-19 05:28:37,Nam,VNPT,vultr_singapore,227.0,8.92,5,5,0
2026-09-19 05:28:37,Nam,VNPT,vultr_seoul,97.0,60.98,5,5,0
2026-09-19 05:28:37,Nam,VNPT,linode_singapore,42.0,112.71,5,5,0
2026-09-21 11:50:23,Nam,VNPT,cloudflare,49.0,22.29,11,0,0
2026-09-21 11:50:23,Nam,VNPT,vultr_singapore,229.0,11.41,11,0,0
2026-09-21 11:50:23,Nam,VNPT,vultr_seoul,97.0,21.74,11,0,0
2026-09-21 11:50:23,Nam,VNPT,linode_singapore,49.0,74.66,11,0,0
2026-09-21 12:01:20,Nam,VNPT,cloudflare,40.0,17.32,12,0,0
2026-09-21 12:01:20,Nam,VNPT,vultr_singapore,228.0,15.63,12,0,0
2026-09-21 12:01:20,Nam,VNPT,vultr_seoul,110.0,45.93,12,0,0
2026-09-21 12:01:20,Nam,VNPT,linode_singapore,50.0,49.18,12,0,0
2026-09-21 12:12:20,Nam,VNPT,cloudflare,43.0,11.53,12,0,0
2026-09-21 12:12:20,Nam,VNPT,vultr_singapore,230.0,12.81,12,0,0
2026-09-21 12:12:20,Nam,VNPT,vultr_seoul,97.0,105.3,12,0,0
2026-09-21 12:12:20,Nam,VNPT,linode_singapore,50.0,68.84,12,0,0
2026-09-21 12:23:12,Nam,VNPT,cloudflare,40.0,27.09,12,0,0
2026-09-21 12:23:12,Nam,VNPT,vultr_singapore,229.0,10.79,12,0,0
2026-09-21 12:23:12,Nam,VNPT,vultr_seoul,96.0,92.46,12,0,0
2026-09-21 12:23:12,Nam,VNPT,linode_singapore,63.0,67.48,12,0,0
2026-09-21 12:34:03,Nam,VNPT,cloudflare,40.0,27.87,12,0,0
2026-09-21 12:34:03,Nam,VNPT,vultr_singapore,230.0,12.24,12,0,0
2026-09-21 12:34:03,Nam,VNPT,vultr_seoul,96.0,111.47,12,0,0
2026-09-21 12:34:03,Nam,VNPT,linode_singapore,49.0,78.78,12,0,0
2026-09-21 12:44:51,Nam,VNPT,cloudflare,41.0,27.13,12,0,0
2026-09-21 12:44:51,Nam,VNPT,vultr_singapore,229.0,13.16,12,0,0
2026-09-21 12:44:51,Nam,VNPT,vultr_seoul,99.0,123.53,12,0,0
2026-09-21 12:44:51,Nam,VNPT,linode_singapore,50.0,84.18,12,0,0
2026-09-21 12:55:39,Nam,VNPT,cloudflare,40.0,27.25,12,0,0
2026-09-21 12:55:39,Nam,VNPT,vultr_singapore,231.0,10.83,12,0,0
2026-09-21 12:55:39,Nam,VNPT,vultr_seoul,96.0,122.16,12,0,0
2026-09-21 12:55:39,Nam,VNPT,linode_singapore,52.0,97.95,12,0,0
2026-09-21 13:06:26,Nam,VNPT,cloudflare,40.0,25.3,13,0,0
2026-09-21 13:06:26,Nam,VNPT,vultr_singapore,228.0,20.11,13,0,0
2026-09-21 13:06:26,Nam,VNPT,vultr_seoul,97.0,134.07,13,0,0
2026-09-21 13:06:26,Nam,VNPT,linode_singapore,54.0,88.94,13,0,0
2026-09-21 13:17:11,Nam,VNPT,cloudflare,42.0,24.05,13,0,0
2026-09-21 13:17:11,Nam,VNPT,vultr_singapore,230.0,13.12,13,0,0
2026-09-21 13:17:11,Nam,VNPT,vultr_seoul,96.0,129.2,13,0,0
2026-09-21 13:17:11,Nam,VNPT,linode_singapore,50.0,78.05,13,0,0
2026-09-13 12:42:38,Trung,Viettel,cloudflare,48.0,29.06,12,6,0
2026-09-13 12:42:38,Trung,Viettel,vultr_singapore,52.0,14.82,12,6,0
2026-09-13 12:42:38,Trung,Viettel,vultr_seoul,300.0,109.0,12,6,0
2026-09-13 12:42:38,Trung,Viettel,linode_singapore,67.0,99.73,12,6,0
2026-09-13 12:53:24,Trung,Viettel,cloudflare,55.0,29.5,12,6,0
2026-09-13 12:53:24,Trung,Viettel,vultr_singapore,50.0,20.32,12,6,0
2026-09-13 12:53:24,Trung,Viettel,vultr_seoul,298.0,94.92,12,6,0
2026-09-13 12:53:24,Trung,Viettel,linode_singapore,61.0,93.71,12,6,0
2026-09-13 13:04:13,Trung,Viettel,cloudflare,60.0,33.35,13,6,0
2026-09-13 13:04:13,Trung,Viettel,vultr_singapore,49.0,14.13,13,6,0
2026-09-13 13:04:13,Trung,Viettel,vultr_seoul,286.0,97.51,13,6,0
2026-09-13 13:04:13,Trung,Viettel,linode_singapore,53.0,46.69,13,6,0
2026-09-13 13:15:07,Trung,Viettel,cloudflare,64.0,30.81,13,6,0
2026-09-13 13:15:07,Trung,Viettel,vultr_singapore,54.0,41.86,13,6,0
2026-09-13 13:15:07,Trung,Viettel,vultr_seoul,247.0,66.45,13,6,0
2026-09-13 13:15:07,Trung,Viettel,linode_singapore,59.0,57.54,13,6,0
2026-09-13 13:26:04,Trung,Viettel,cloudflare,61.0,33.53,13,6,0
2026-09-13 13:26:04,Trung,Viettel,vultr_singapore,49.0,13.69,13,6,0
2026-09-13 13:26:04,Trung,Viettel,vultr_seoul,293.0,57.92,13,6,0
2026-09-13 13:26:04,Trung,Viettel,linode_singapore,64.0,104.33,13,6,0
2026-09-13 13:36:55,Trung,Viettel,cloudflare,83.0,27.89,13,6,0
2026-09-13 13:36:55,Trung,Viettel,vultr_singapore,48.0,11.3,13,6,0
2026-09-13 13:36:55,Trung,Viettel,vultr_seoul,253.0,37.58,13,6,0
2026-09-13 13:36:55,Trung,Viettel,linode_singapore,68.0,79.43,13,6,0
2026-09-13 13:47:50,Trung,Viettel,cloudflare,57.0,28.81,13,6,0
2026-09-13 13:47:50,Trung,Viettel,vultr_singapore,48.0,18.33,13,6,0
2026-09-13 13:47:50,Trung,Viettel,vultr_seoul,255.0,128.53,13,6,0
2026-09-13 13:47:50,Trung,Viettel,linode_singapore,61.0,86.45,13,6,0
2026-09-13 13:58:38,Trung,Viettel,cloudflare,60.0,31.12,13,6,0
2026-09-13 13:58:38,Trung,Viettel,vultr_singapore,48.0,14.32,13,6,0
2026-09-13 13:58:38,Trung,Viettel,vultr_seoul,297.0,47.51,13,6,0
2026-09-13 13:58:38,Trung,Viettel,linode_singapore,61.0,75.04,13,6,0
2026-09-13 14:09:35,Trung,Viettel,cloudflare,57.0,26.7,14,6,0
2026-09-13 14:09:35,Trung,Viettel,vultr_singapore,50.0,15.09,14,6,0
2026-09-13 14:09:35,Trung,Viettel,vultr_seoul,263.0,38.48,14,6,0
2026-09-13 14:09:35,Trung,Viettel,linode_singapore,61.0,74.15,14,6,0
2026-09-13 14:20:32,Trung,Viettel,cloudflare,59.0,32.54,14,6,0
2026-09-13 14:20:32,Trung,Viettel,vultr_singapore,50.0,14.07,14,6,0
2026-09-13 14:20:32,Trung,Viettel,vultr_seoul,264.0,118.41,14,6,0
2026-09-13 14:20:32,Trung,Viettel,linode_singapore,55.0,103.85,14,6,0
2026-09-13 14:31:16,Trung,Viettel,cloudflare,60.0,26.38,14,6,0
2026-09-13 14:31:16,Trung,Viettel,vultr_singapore,51.0,13.49,14,6,0
2026-09-13 14:31:16,Trung,Viettel,vultr_seoul,281.0,124.24,14,6,0
2026-09-13 14:31:16,Trung,Viettel,linode_singapore,58.0,67.53,14,6,0
2026-09-13 14:42:04,Trung,Viettel,cloudflare,47.0,30.5,14,6,0
2026-09-13 14:42:04,Trung,Viettel,vultr_singapore,39.0,20.1,14,6,0
2026-09-13 14:42:04,Trung,Viettel,vultr_seoul,224.0,139.18,14,6,0
2026-09-13 14:42:04,Trung,Viettel,linode_singapore,56.0,76.78,14,6,0
2026-09-13 14:52:52,Trung,Viettel,cloudflare,49.0,32.98,14,6,0
2026-09-13 14:52:52,Trung,Viettel,vultr_singapore,39.0,19.59,14,6,0
2026-09-13 14:52:52,Trung,Viettel,vultr_seoul,226.0,112.51,14,6,0
2026-09-13 14:52:52,Trung,Viettel,linode_singapore,64.0,93.65,14,6,0
2026-09-13 15:03:37,Trung,Viettel,cloudflare,55.0,33.67,15,6,0
2026-09-13 15:03:37,Trung,Viettel,vultr_singapore,48.0,12.6,15,6,0
2026-09-13 15:03:37,Trung,Viettel,vultr_seoul,233.0,145.59,15,6,0
2026-09-13 15:03:37,Trung,Viettel,linode_singapore,57.0,106.47,15,6,0
2026-09-13 15:14:19,Trung,Viettel,cloudflare,89.0,28.94,15,6,0
2026-09-13 15:14:19,Trung,Viettel,vultr_singapore,47.0,18.8,15,6,0
2026-09-13 15:14:19,Trung,Viettel,vultr_seoul,229.0,58.54,15,6,0
2026-09-13 15:14:19,Trung,Viettel,linode_singapore,78.0,46.67,15,6,0
2026-09-13 15:25:18,Trung,Viettel,cloudflare,59.0,27.36,15,6,0
2026-09-13 15:25:18,Trung,Viettel,vultr_singapore,46.0,34.34,15,6,0
2026-09-13 15:25:18,Trung,Viettel,vultr_seoul,227.0,121.01,15,6,0
2026-09-13 15:25:18,Trung,Viettel,linode_singapore,54.0,73.89,15,6,0
2026-09-13 15:36:05,Trung,Viettel,cloudflare,80.0,32.25,15,6,0
2026-09-13 15:36:05,Trung,Viettel,vultr_singapore,50.0,28.66,15,6,0
2026-09-13 15:36:05,Trung,Viettel,vultr_seoul,229.0,137.26,15,6,0
2026-09-13 15:36:05,Trung,Viettel,linode_singapore,62.0,68.73,15,6,0
2026-09-13 15:46:55,Trung,Viettel,cloudflare,47.0,33.65,15,6,0
2026-09-13 15:46:55,Trung,Viettel,vultr_singapore,46.0,13.35,15,6,0
2026-09-13 15:46:55,Trung,Viettel,vultr_seoul,227.0,126.97,15,6,0
2026-09-13 15:46:55,Trung,Viettel,linode_singapore,52.0,87.28,15,6,0
2026-09-13 15:57:40,Trung,Viettel,cloudflare,48.0,32.12,15,6,0
2026-09-13 15:57:40,Trung,Viettel,vultr_singapore,44.0,14.44,15,6,0
2026-09-13 15:57:40,Trung,Viettel,vultr_seoul,224.0,93.39,15,6,0
2026-09-13 15:57:40,Trung,Viettel,linode_singapore,63.0,75.73,15,6,0
2026-09-13 16:08:31,Trung,Viettel,cloudflare,47.0,35.4,16,6,0
2026-09-13 16:08:31,Trung,Viettel,vultr_singapore,49.0,14.49,16,6,0
2026-09-13 16:08:31,Trung,Viettel,vultr_seoul,230.0,127.27,16,6,0
2026-09-13 16:08:31,Trung,Viettel,linode_singapore,63.0,70.98,16,6,0
2026-09-13 16:19:19,Trung,Viettel,cloudflare,49.0,26.07,16,6,0
2026-09-13 16:19:19,Trung,Viettel,vultr_singapore,47.0,12.87,16,6,0
2026-09-13 16:19:19,Trung,Viettel,vultr_seoul,234.0,122.58,16,6,0
2026-09-13 16:19:19,Trung,Viettel,linode_singapore,65.0,74.6,16,6,0
2026-09-13 16:30:10,Trung,Viettel,cloudflare,48.0,36.53,16,6,0
2026-09-13 16:30:10,Trung,Viettel,vultr_singapore,49.0,49.69,16,6,0
2026-09-13 16:30:10,Trung,Viettel,vultr_seoul,234.0,113.82,16,6,0
2026-09-13 16:30:10,Trung,Viettel,linode_singapore,54.0,92.06,16,6,0
2026-09-13 16:40:55,Trung,Viettel,cloudflare,40.0,33.14,16,6,0
2026-09-13 16:40:55,Trung,Viettel,vultr_singapore,38.0,17.68,16,6,0
2026-09-13 16:40:55,Trung,Viettel,vultr_seoul,227.0,136.94,16,6,0
2026-09-13 16:40:55,Trung,Viettel,linode_singapore,54.0,107.33,16,6,0
2026-09-13 16:51:41,Trung,Viettel,cloudflare,48.0,28.4,16,6,0
2026-09-13 16:51:41,Trung,Viettel,vultr_singapore,36.0,15.53,16,6,0
2026-09-13 16:51:41,Trung,Viettel,vultr_seoul,224.0,127.35,16,6,0
2026-09-13 16:51:41,Trung,Viettel,linode_singapore,62.0,96.04,16,6,0
2026-09-13 17:02:25,Trung,Viettel,cloudflare,58.0,34.23,17,6,0
2026-09-13 17:02:25,Trung,Viettel,vultr_singapore,48.0,86.87,17,6,0
2026-09-13 17:02:25,Trung,Viettel,vultr_seoul,229.0,109.91,17,6,0
2026-09-13 17:02:25,Trung,Viettel,linode_singapore,63.0,80.99,17,6,0
2026-09-13 17:13:06,Trung,Viettel,cloudflare,51.0,16.3,17,6,0
2026-09-13 17:13:06,Trung,Viettel,vultr_singapore,50.0,17.83,17,6,0
2026-09-13 17:13:06,Trung,Viettel,vultr_seoul,234.0,75.55,17,6,0
2026-09-13 17:13:06,Trung,Viettel,linode_singapore,64.0,71.58,17,6,0
2026-09-13 17:24:00,Trung,Viettel,cloudflare,55.0,26.39,17,6,0
2026-09-13 17:24:00,Trung,Viettel,vultr_singapore,48.0,14.12,17,6,0
2026-09-13 17:24:00,Trung,Viettel,vultr_seoul,232.0,140.76,17,6,0
2026-09-13 17:24:00,Trung,Viettel,linode_singapore,65.0,72.01,17,6,0
2026-09-13 17:34:54,Trung,Viettel,cloudflare,47.0,32.76,17,6,0
2026-09-13 17:34:54,Trung,Viettel,vultr_singapore,40.0,13.13,17,6,0
2026-09-13 17:34:54,Trung,Viettel,vultr_seoul,233.0,133.18,17,6,0
2026-09-13 17:34:54,Trung,Viettel,linode_singapore,54.0,92.64,17,6,0
2026-09-13 17:45:39,Trung,Viettel,cloudflare,49.0,33.35,17,6,0
2026-09-13 17:45:39,Trung,Viettel,vultr_singapore,39.0,13.15,17,6,0
2026-09-13 17:45:39,Trung,Viettel,vultr_seoul,223.0,69.15,17,6,0
2026-09-13 17:45:39,Trung,Viettel,linode_singapore,56.0,95.52,17,6,0
2026-09-13 17:56:29,Trung,Viettel,cloudflare,49.0,37.49,17,6,0
2026-09-13 17:56:29,Trung,Viettel,vultr_singapore,38.0,14.57,17,6,0
2026-09-13 17:56:29,Trung,Viettel,vultr_seoul,227.0,124.74,17,6,0
2026-09-13 17:56:29,Trung,Viettel,linode_singapore,67.0,66.72,17,6,0
2026-09-13 18:07:18,Trung,Viettel,cloudflare,52.0,34.66,18,6,0
2026-09-13 18:07:18,Trung,Viettel,vultr_singapore,44.0,13.77,18,6,0
2026-09-13 18:07:18,Trung,Viettel,vultr_seoul,233.0,128.17,18,6,0
2026-09-13 18:07:18,Trung,Viettel,linode_singapore,53.0,66.4,18,6,0
2026-09-13 18:18:09,Trung,Viettel,cloudflare,57.0,26.92,18,6,0
2026-09-13 18:18:09,Trung,Viettel,vultr_singapore,49.0,14.28,18,6,0
2026-09-13 18:18:09,Trung,Viettel,vultr_seoul,234.0,138.99,18,6,0
2026-09-13 18:18:09,Trung,Viettel,linode_singapore,54.0,65.82,18,6,0
2026-09-13 18:28:57,Trung,Viettel,cloudflare,50.0,24.97,18,6,0
2026-09-13 18:28:57,Trung,Viettel,vultr_singapore,46.0,13.69,18,6,0
2026-09-13 18:28:57,Trung,Viettel,vultr_seoul,227.0,137.61,18,6,0
2026-09-13 18:28:57,Trung,Viettel,linode_singapore,52.0,76.4,18,6,0
2026-09-13 18:39:44,Trung,Viettel,cloudflare,60.0,27.41,18,6,0
2026-09-13 18:39:44,Trung,Viettel,vultr_singapore,46.0,12.52,18,6,0
2026-09-13 18:39:44,Trung,Viettel,vultr_seoul,229.0,110.76,18,6,0
2026-09-13 18:39:44,Trung,Viettel,linode_singapore,54.0,103.05,18,6,0
2026-09-13 18:50:30,Trung,Viettel,cloudflare,58.0,25.63,18,6,0
2026-09-13 18:50:30,Trung,Viettel,vultr_singapore,49.0,14.88,18,6,0
2026-09-13 18:50:30,Trung,Viettel,vultr_seoul,267.0,123.64,18,6,0
2026-09-13 18:50:30,Trung,Viettel,linode_singapore,64.0,111.62,18,6,0
2026-09-13 19:01:14,Trung,Viettel,cloudflare,45.0,33.95,19,6,0
2026-09-13 19:01:14,Trung,Viettel,vultr_singapore,39.0,14.53,19,6,0
2026-09-13 19:01:14,Trung,Viettel,vultr_seoul,218.0,135.49,19,6,0
2026-09-13 19:01:14,Trung,Viettel,linode_singapore,62.0,94.8,19,6,0
2026-09-13 19:11:59,Trung,Viettel,cloudflare,56.0,24.14,19,6,0
2026-09-13 19:11:59,Trung,Viettel,vultr_singapore,48.0,100.04,19,6,0
2026-09-13 19:11:59,Trung,Viettel,vultr_seoul,229.0,131.79,19,6,0
2026-09-13 19:11:59,Trung,Viettel,linode_singapore,53.0,84.81,19,6,0
2026-09-13 19:22:38,Trung,Viettel,cloudflare,58.0,29.96,19,6,0
2026-09-13 19:22:38,Trung,Viettel,vultr_singapore,49.0,17.73,19,6,0
2026-09-13 19:22:38,Trung,Viettel,vultr_seoul,223.0,112.84,19,6,0
2026-09-13 19:22:38,Trung,Viettel,linode_singapore,56.0,78.85,19,6,0
2026-09-13 19:33:27,Trung,Viettel,cloudflare,51.0,30.67,19,6,0
2026-09-13 19:33:27,Trung,Viettel,vultr_singapore,36.0,13.49,19,6,0
2026-09-13 19:33:27,Trung,Viettel,vultr_seoul,229.0,108.93,19,6,0
2026-09-13 19:33:27,Trung,Viettel,linode_singapore,62.0,82.7,19,6,0
2026-09-13 19:44:14,Trung,Viettel,cloudflare,56.0,35.92,19,6,0
2026-09-13 19:44:14,Trung,Viettel,vultr_singapore,43.0,18.64,19,6,0
2026-09-13 19:44:14,Trung,Viettel,vultr_seoul,230.0,121.98,19,6,0
2026-09-13 19:44:14,Trung,Viettel,linode_singapore,64.0,91.65,19,6,0
2026-09-13 19:55:02,Trung,Viettel,cloudflare,57.0,25.77,19,6,0
2026-09-13 19:55:02,Trung,Viettel,vultr_singapore,44.0,13.13,19,6,0
2026-09-13 19:55:02,Trung,Viettel,vultr_seoul,229.0,125.22,19,6,0
2026-09-13 19:55:02,Trung,Viettel,linode_singapore,68.0,83.71,19,6,0
2026-09-13 20:05:49,Trung,Viettel,cloudflare,45.0,35.09,20,6,0
2026-09-13 20:05:49,Trung,Viettel,vultr_singapore,39.0,17.92,20,6,0
2026-09-13 20:05:49,Trung,Viettel,vultr_seoul,219.0,67.93,20,6,0
2026-09-13 20:05:49,Trung,Viettel,linode_singapore,63.0,77.73,20,6,0
2026-09-13 20:16:42,Trung,Viettel,cloudflare,46.0,35.98,20,6,0
2026-09-13 20:16:42,Trung,Viettel,vultr_singapore,37.0,14.53,20,6,0
2026-09-13 20:16:42,Trung,Viettel,vultr_seoul,219.0,135.31,20,6,0
2026-09-13 20:16:42,Trung,Viettel,linode_singapore,52.0,81.84,20,6,0
2026-09-13 20:27:29,Trung,Viettel,cloudflare,56.0,29.12,20,6,0
2026-09-13 20:27:29,Trung,Viettel,vultr_singapore,48.0,15.12,20,6,0
2026-09-13 20:27:29,Trung,Viettel,vultr_seoul,239.0,107.1,20,6,0
2026-09-13 20:27:29,Trung,Viettel,linode_singapore,54.0,72.1,20,6,0
2026-09-13 20:38:17,Trung,Viettel,cloudflare,60.0,37.33,20,6,0
2026-09-13 20:38:17,Trung,Viettel,vultr_singapore,46.0,13.1,20,6,0
2026-09-13 20:38:17,Trung,Viettel,vultr_seoul,233.0,67.32,20,6,0
2026-09-13 20:38:17,Trung,Viettel,linode_singapore,71.0,84.99,20,6,0
2026-09-13 20:49:10,Trung,Viettel,cloudflare,56.0,27.69,20,6,0
2026-09-13 20:49:10,Trung,Viettel,vultr_singapore,43.0,13.4,20,6,0
2026-09-13 20:49:10,Trung,Viettel,vultr_seoul,244.0,7.83,20,6,0
2026-09-13 20:49:10,Trung,Viettel,linode_singapore,63.0,82.1,20,6,0
2026-09-13 21:00:03,Trung,Viettel,cloudflare,56.0,31.59,21,6,0
2026-09-13 21:00:03,Trung,Viettel,vultr_singapore,44.0,14.27,21,6,0
2026-09-13 21:00:03,Trung,Viettel,vultr_seoul,258.0,121.26,21,6,0
2026-09-13 21:00:03,Trung,Viettel,linode_singapore,64.0,89.32,21,6,0
2026-09-13 21:10:50,Trung,Viettel,cloudflare,60.0,23.07,21,6,0
2026-09-13 21:10:50,Trung,Viettel,vultr_singapore,50.0,16.2,21,6,0
2026-09-13 21:10:50,Trung,Viettel,vultr_seoul,272.0,53.63,21,6,0
2026-09-13 21:10:50,Trung,Viettel,linode_singapore,64.0,103.31,21,6,0
2026-09-13 21:21:44,Trung,Viettel,cloudflare,55.0,37.19,21,6,0
2026-09-13 21:21:44,Trung,Viettel,vultr_singapore,44.0,13.32,21,6,0
2026-09-13 21:21:44,Trung,Viettel,vultr_seoul,266.0,50.81,21,6,0
2026-09-13 21:21:44,Trung,Viettel,linode_singapore,135.0,53.53,21,6,0
2026-09-13 21:30:28,Trung,Viettel,cloudflare,57.0,34.04,21,6,0
2026-09-13 21:30:28,Trung,Viettel,vultr_singapore,48.0,14.62,21,6,0
2026-09-13 21:30:28,Trung,Viettel,vultr_seoul,265.0,3.61,21,6,0
2026-09-13 21:30:28,Trung,Viettel,linode_singapore,53.0,84.57,21,6,0
2026-09-13 21:41:23,Trung,Viettel,cloudflare,46.0,30.22,21,6,0
2026-09-13 21:41:23,Trung,Viettel,vultr_singapore,43.0,76.57,21,6,0
2026-09-13 21:41:23,Trung,Viettel,vultr_seoul,245.0,93.5,21,6,0
2026-09-13 21:41:23,Trung,Viettel,linode_singapore,60.0,82.43,21,6,0
2026-09-13 21:52:07,Trung,Viettel,cloudflare,50.0,32.53,21,6,0
2026-09-13 21:52:07,Trung,Viettel,vultr_singapore,47.0,121.16,21,6,0
2026-09-13 21:52:07,Trung,Viettel,vultr_seoul,235.0,118.11,21,6,0
2026-09-13 21:52:07,Trung,Viettel,linode_singapore,66.0,83.84,21,6,0
2026-09-13 22:02:46,Trung,Viettel,cloudflare,56.0,30.43,22,6,0
2026-09-13 22:02:46,Trung,Viettel,vultr_singapore,47.0,18.12,22,6,0
2026-09-13 22:02:46,Trung,Viettel,vultr_seoul,244.0,26.64,22,6,0
2026-09-13 22:02:46,Trung,Viettel,linode_singapore,63.0,89.15,22,6,0
2026-09-13 22:14:49,Trung,Viettel,cloudflare,63.0,24.02,22,6,0
2026-09-13 22:14:49,Trung,Viettel,vultr_singapore,51.0,17.18,22,6,0
2026-09-13 22:14:49,Trung,Viettel,vultr_seoul,258.0,23.87,22,6,0
2026-09-13 22:14:49,Trung,Viettel,linode_singapore,91.0,48.0,22,6,0
2026-09-13 22:25:50,Trung,Viettel,cloudflare,57.0,20.53,22,6,0
2026-09-13 22:25:50,Trung,Viettel,vultr_singapore,47.0,18.56,22,6,0
2026-09-13 22:25:50,Trung,Viettel,vultr_seoul,240.0,92.12,22,6,0
2026-09-13 22:25:50,Trung,Viettel,linode_singapore,65.0,78.16,22,6,0
2026-09-13 22:29:18,Trung,Viettel,cloudflare,56.0,32.3,22,6,0
2026-09-13 22:29:18,Trung,Viettel,vultr_singapore,47.0,99.03,22,6,0
2026-09-13 22:29:18,Trung,Viettel,vultr_seoul,234.0,126.58,22,6,0
2026-09-13 22:29:18,Trung,Viettel,linode_singapore,66.0,70.71,22,6,0
2026-09-13 22:31:47,Trung,Viettel,cloudflare,63.0,23.73,22,6,0
2026-09-13 22:31:47,Trung,Viettel,vultr_singapore,46.0,12.97,22,6,0
2026-09-13 22:31:47,Trung,Viettel,vultr_seoul,248.0,118.08,22,6,0
2026-09-13 22:31:47,Trung,Viettel,linode_singapore,66.0,79.92,22,6,0
2026-09-13 22:42:33,Trung,Viettel,cloudflare,45.0,31.73,22,6,0
2026-09-13 22:42:33,Trung,Viettel,vultr_singapore,38.0,58.39,22,6,0
2026-09-13 22:42:33,Trung,Viettel,vultr_seoul,226.0,135.75,22,6,0
2026-09-13 22:42:33,Trung,Viettel,linode_singapore,55.0,87.13,22,6,0
2026-09-13 22:53:17,Trung,Viettel,cloudflare,55.0,14.39,22,6,0
2026-09-13 22:53:17,Trung,Viettel,vultr_singapore,48.0,15.54,22,6,0
2026-09-13 22:53:17,Trung,Viettel,vultr_seoul,233.0,121.3,22,6,0
2026-09-13 22:53:17,Trung,Viettel,linode_singapore,62.0,103.69,22,6,0
2026-09-14 13:35:00,Trung,Viettel,cloudflare,43.0,32.37,13,0,0
2026-09-14 13:35:00,Trung,Viettel,vultr_singapore,38.0,20.36,13,0,0
2026-09-14 13:35:00,Trung,Viettel,vultr_seoul,228.0,104.52,13,0,0
2026-09-14 13:35:00,Trung,Viettel,linode_singapore,53.0,80.63,13,0,0
2026-09-14 13:45:49,Trung,Viettel,cloudflare,43.0,18.76,13,0,0
2026-09-14 13:45:49,Trung,Viettel,vultr_singapore,38.0,13.96,13,0,0
2026-09-14 13:45:49,Trung,Viettel,vultr_seoul,231.0,77.88,13,0,0
2026-09-14 13:45:49,Trung,Viettel,linode_singapore,53.0,85.29,13,0,0
2026-09-14 13:56:41,Trung,Viettel,cloudflare,36.0,27.02,13,0,0
2026-09-14 13:56:41,Trung,Viettel,vultr_singapore,38.0,99.81,13,0,0
2026-09-14 13:56:41,Trung,Viettel,vultr_seoul,230.0,133.68,13,0,0
2026-09-14 13:56:41,Trung,Viettel,linode_singapore,52.0,74.3,13,0,0
2026-09-14 14:07:20,Trung,Viettel,cloudflare,44.0,33.29,14,0,0
2026-09-14 14:07:20,Trung,Viettel,vultr_singapore,37.0,23.22,14,0,0
2026-09-14 14:07:20,Trung,Viettel,vultr_seoul,231.0,129.78,14,0,0
2026-09-14 14:07:20,Trung,Viettel,linode_singapore,95.0,84.43,14,0,0
2026-09-14 14:18:05,Trung,Viettel,cloudflare,62.0,15.94,14,0,0
2026-09-14 14:18:05,Trung,Viettel,vultr_singapore,55.0,11.62,14,0,0
2026-09-14 14:18:05,Trung,Viettel,vultr_seoul,233.0,48.62,14,0,0
2026-09-14 14:18:05,Trung,Viettel,linode_singapore,126.0,36.09,14,0,0
2026-09-14 14:29:07,Trung,Viettel,cloudflare,36.0,18.27,14,0,0
2026-09-14 14:29:07,Trung,Viettel,vultr_singapore,37.0,13.84,14,0,0
2026-09-14 14:29:07,Trung,Viettel,vultr_seoul,228.0,120.0,14,0,0
2026-09-14 14:29:07,Trung,Viettel,linode_singapore,53.0,74.02,14,0,0
2026-09-14 14:39:55,Trung,Viettel,cloudflare,48.0,32.31,14,0,0
2026-09-14 14:39:55,Trung,Viettel,vultr_singapore,48.0,45.0,14,0,0
2026-09-14 14:39:55,Trung,Viettel,vultr_seoul,235.0,132.58,14,0,0
2026-09-14 14:39:55,Trung,Viettel,linode_singapore,52.0,80.72,14,0,0
2026-09-14 14:50:42,Trung,Viettel,cloudflare,46.0,34.29,14,0,0
2026-09-14 14:50:42,Trung,Viettel,vultr_singapore,43.0,18.09,14,0,0
2026-09-14 14:50:42,Trung,Viettel,vultr_seoul,223.0,126.53,14,0,0
2026-09-14 14:50:42,Trung,Viettel,linode_singapore,53.0,76.04,14,0,0
2026-09-14 15:01:29,Trung,Viettel,cloudflare,50.0,17.75,15,0,0
2026-09-14 15:01:29,Trung,Viettel,vultr_singapore,43.0,13.0,15,0,0
2026-09-14 15:01:29,Trung,Viettel,vultr_seoul,233.0,109.76,15,0,0
2026-09-14 15:01:29,Trung,Viettel,linode_singapore,53.0,102.15,15,0,0
2026-09-14 15:12:14,Trung,Viettel,cloudflare,104.0,20.71,15,0,0
2026-09-14 15:12:14,Trung,Viettel,vultr_singapore,56.0,13.43,15,0,0
2026-09-14 15:12:14,Trung,Viettel,vultr_seoul,235.0,66.79,15,0,0
2026-09-14 15:12:14,Trung,Viettel,linode_singapore,61.0,45.39,15,0,0
2026-09-14 15:23:12,Trung,Viettel,cloudflare,70.0,31.3,15,0,0
2026-09-14 15:23:12,Trung,Viettel,vultr_singapore,46.0,18.86,15,0,0
2026-09-14 15:23:12,Trung,Viettel,vultr_seoul,226.0,136.28,15,0,0
2026-09-14 15:23:12,Trung,Viettel,linode_singapore,63.0,71.37,15,0,0
2026-09-14 15:34:05,Trung,Viettel,cloudflare,45.0,29.89,15,0,0
2026-09-14 15:34:05,Trung,Viettel,vultr_singapore,43.0,94.02,15,0,0
2026-09-14 15:34:05,Trung,Viettel,vultr_seoul,230.0,140.04,15,0,0
2026-09-14 15:34:05,Trung,Viettel,linode_singapore,52.0,68.49,15,0,0
2026-09-14 15:44:47,Trung,Viettel,cloudflare,49.0,31.15,15,0,0
2026-09-14 15:44:47,Trung,Viettel,vultr_singapore,46.0,15.76,15,0,0
2026-09-14 15:44:47,Trung,Viettel,vultr_seoul,233.0,140.59,15,0,0
2026-09-14 15:44:47,Trung,Viettel,linode_singapore,63.0,83.05,15,0,0
2026-09-14 15:55:36,Trung,Viettel,cloudflare,47.0,28.37,15,0,0
2026-09-14 15:55:36,Trung,Viettel,vultr_singapore,46.0,18.72,15,0,0
2026-09-14 15:55:36,Trung,Viettel,vultr_seoul,226.0,125.99,15,0,0
2026-09-14 15:55:36,Trung,Viettel,linode_singapore,63.0,95.9,15,0,0
2026-09-14 16:06:22,Trung,Viettel,cloudflare,42.0,31.39,16,0,0
2026-09-14 16:06:22,Trung,Viettel,vultr_singapore,39.0,14.6,16,0,0
2026-09-14 16:06:22,Trung,Viettel,vultr_seoul,232.0,130.93,16,0,0
2026-09-14 16:06:22,Trung,Viettel,linode_singapore,63.0,107.74,16,0,0
2026-09-14 16:17:05,Trung,Viettel,cloudflare,52.0,25.35,16,0,0
2026-09-14 16:17:05,Trung,Viettel,vultr_singapore,49.0,14.85,16,0,0
2026-09-14 16:17:05,Trung,Viettel,vultr_seoul,231.0,64.24,16,0,0
2026-09-14 16:17:05,Trung,Viettel,linode_singapore,67.0,116.73,16,0,0
2026-09-14 16:27:57,Trung,Viettel,cloudflare,51.0,33.14,16,0,0
2026-09-14 16:27:57,Trung,Viettel,vultr_singapore,49.0,50.02,16,0,0
2026-09-14 16:27:57,Trung,Viettel,vultr_seoul,228.0,136.81,16,0,0
2026-09-14 16:27:57,Trung,Viettel,linode_singapore,54.0,92.61,16,0,0
2026-09-14 16:38:43,Trung,Viettel,cloudflare,38.0,34.52,16,0,0
2026-09-14 16:38:43,Trung,Viettel,vultr_singapore,39.0,18.1,16,0,0
2026-09-14 16:38:43,Trung,Viettel,vultr_seoul,231.0,122.13,16,0,0
2026-09-14 16:38:43,Trung,Viettel,linode_singapore,62.0,77.41,16,0,0
2026-09-14 16:49:32,Trung,Viettel,cloudflare,52.0,29.01,16,0,0
2026-09-14 16:49:32,Trung,Viettel,vultr_singapore,49.0,13.1,16,0,0
2026-09-14 16:49:32,Trung,Viettel,vultr_seoul,225.0,94.19,16,0,0
2026-09-14 16:49:32,Trung,Viettel,linode_singapore,63.0,75.1,16,0,0
2026-09-14 17:00:23,Trung,Viettel,cloudflare,53.0,27.74,17,0,0
2026-09-14 17:00:23,Trung,Viettel,vultr_singapore,48.0,14.52,17,0,0
2026-09-14 17:00:23,Trung,Viettel,vultr_seoul,226.0,124.98,17,0,0
2026-09-14 17:00:23,Trung,Viettel,linode_singapore,53.0,70.15,17,0,0
2026-09-14 17:11:11,Trung,Viettel,cloudflare,60.0,21.87,17,0,0
2026-09-14 17:11:11,Trung,Viettel,vultr_singapore,64.0,34.16,17,0,0
2026-09-14 17:11:11,Trung,Viettel,vultr_seoul,236.0,37.07,17,0,0
2026-09-14 17:11:11,Trung,Viettel,linode_singapore,116.0,46.35,17,0,0
2026-09-14 17:22:12,Trung,Viettel,cloudflare,56.0,22.53,17,0,0
2026-09-14 17:22:12,Trung,Viettel,vultr_singapore,49.0,14.62,17,0,0
2026-09-14 17:22:12,Trung,Viettel,vultr_seoul,240.0,60.81,17,0,0
2026-09-14 17:22:12,Trung,Viettel,linode_singapore,67.0,59.41,17,0,0
2026-09-14 17:33:14,Trung,Viettel,cloudflare,42.0,31.35,17,0,0
2026-09-14 17:33:14,Trung,Viettel,vultr_singapore,38.0,17.87,17,0,0
2026-09-14 17:33:14,Trung,Viettel,vultr_seoul,230.0,119.06,17,0,0
2026-09-14 17:33:14,Trung,Viettel,linode_singapore,65.0,82.79,17,0,0
2026-09-14 17:43:59,Trung,Viettel,cloudflare,47.0,27.48,17,0,0
2026-09-14 17:43:59,Trung,Viettel,vultr_singapore,43.0,60.55,17,0,0
2026-09-14 17:43:59,Trung,Viettel,vultr_seoul,224.0,129.33,17,0,0
2026-09-14 17:43:59,Trung,Viettel,linode_singapore,61.0,62.05,17,0,0
2026-09-14 17:54:49,Trung,Viettel,cloudflare,52.0,30.81,17,0,0
2026-09-14 17:54:49,Trung,Viettel,vultr_singapore,44.0,12.76,17,0,0
2026-09-14 17:54:49,Trung,Viettel,vultr_seoul,229.0,137.53,17,0,0
2026-09-14 17:54:49,Trung,Viettel,linode_singapore,64.0,88.31,17,0,0
2026-09-14 18:05:34,Trung,Viettel,cloudflare,45.0,32.5,18,0,0
2026-09-14 18:05:34,Trung,Viettel,vultr_singapore,37.0,14.74,18,0,0
2026-09-14 18:05:34,Trung,Viettel,vultr_seoul,233.0,132.79,18,0,0
2026-09-14 18:05:34,Trung,Viettel,linode_singapore,62.0,79.82,18,0,0
2026-09-14 18:16:20,Trung,Viettel,cloudflare,55.0,28.36,18,0,0
2026-09-14 18:16:20,Trung,Viettel,vultr_singapore,50.0,13.91,18,0,0
2026-09-14 18:16:20,Trung,Viettel,vultr_seoul,227.0,46.43,18,0,0
2026-09-14 18:16:20,Trung,Viettel,linode_singapore,63.0,92.55,18,0,0
2026-09-14 18:27:13,Trung,Viettel,cloudflare,57.0,30.19,18,0,0
2026-09-14 18:27:13,Trung,Viettel,vultr_singapore,49.0,18.25,18,0,0
2026-09-14 18:27:13,Trung,Viettel,vultr_seoul,224.0,108.36,18,0,0
2026-09-14 18:27:13,Trung,Viettel,linode_singapore,61.0,126.88,18,0,0
2026-09-14 18:37:58,Trung,Viettel,cloudflare,58.0,31.51,18,0,0
2026-09-14 18:37:58,Trung,Viettel,vultr_singapore,52.0,18.36,18,0,0
2026-09-14 18:37:58,Trung,Viettel,vultr_seoul,230.0,134.99,18,0,0
2026-09-14 18:37:58,Trung,Viettel,linode_singapore,52.0,100.48,18,0,0
2026-09-14 18:48:41,Trung,Viettel,cloudflare,44.0,28.95,18,0,0
2026-09-14 18:48:41,Trung,Viettel,vultr_singapore,47.0,15.59,18,0,0
2026-09-14 18:48:41,Trung,Viettel,vultr_seoul,234.0,111.96,18,0,0
2026-09-14 18:48:41,Trung,Viettel,linode_singapore,61.0,90.59,18,0,0
2026-09-14 18:59:27,Trung,Viettel,cloudflare,45.0,27.03,18,0,0
2026-09-14 18:59:27,Trung,Viettel,vultr_singapore,44.0,15.58,18,0,0
2026-09-14 18:59:27,Trung,Viettel,vultr_seoul,235.0,124.48,18,0,0
2026-09-14 18:59:27,Trung,Viettel,linode_singapore,68.0,80.53,18,0,0
2026-09-14 19:10:16,Trung,Viettel,cloudflare,46.0,31.51,19,0,0
2026-09-14 19:10:16,Trung,Viettel,vultr_singapore,50.0,18.06,19,0,0
2026-09-14 19:10:16,Trung,Viettel,vultr_seoul,226.0,100.0,19,0,0
2026-09-14 19:10:16,Trung,Viettel,linode_singapore,55.0,90.95,19,0,0
2026-09-14 19:21:06,Trung,Viettel,cloudflare,46.0,23.35,19,0,0
2026-09-14 19:21:06,Trung,Viettel,vultr_singapore,43.0,13.91,19,0,0
2026-09-14 19:21:06,Trung,Viettel,vultr_seoul,236.0,49.19,19,0,0
2026-09-14 19:21:06,Trung,Viettel,linode_singapore,88.0,56.18,19,0,0
2026-09-14 19:32:05,Trung,Viettel,cloudflare,36.0,31.03,19,0,0
2026-09-14 19:32:05,Trung,Viettel,vultr_singapore,44.0,19.07,19,0,0
2026-09-14 19:32:05,Trung,Viettel,vultr_seoul,232.0,131.45,19,0,0
2026-09-14 19:32:05,Trung,Viettel,linode_singapore,52.0,86.52,19,0,0
2026-09-14 19:42:50,Trung,Viettel,cloudflare,40.0,30.27,19,0,0
2026-09-14 19:42:50,Trung,Viettel,vultr_singapore,39.0,18.95,19,0,0
2026-09-14 19:42:50,Trung,Viettel,vultr_seoul,222.0,122.69,19,0,0
2026-09-14 19:42:50,Trung,Viettel,linode_singapore,63.0,101.63,19,0,0
2026-09-14 19:53:35,Trung,Viettel,cloudflare,45.0,32.97,19,0,0
2026-09-14 19:53:35,Trung,Viettel,vultr_singapore,38.0,19.52,19,0,0
2026-09-14 19:53:35,Trung,Viettel,vultr_seoul,232.0,115.34,19,0,0
2026-09-14 19:53:35,Trung,Viettel,linode_singapore,53.0,81.21,19,0,0
2026-09-14 20:04:23,Trung,Viettel,cloudflare,48.0,33.27,20,0,0
2026-09-14 20:04:23,Trung,Viettel,vultr_singapore,47.0,14.2,20,0,0
2026-09-14 20:04:23,Trung,Viettel,vultr_seoul,228.0,52.22,20,0,0
2026-09-14 20:04:23,Trung,Viettel,linode_singapore,61.0,71.44,20,0,0
2026-09-14 20:15:19,Trung,Viettel,cloudflare,54.0,25.96,20,0,0
2026-09-14 20:15:19,Trung,Viettel,vultr_singapore,47.0,15.4,20,0,0
2026-09-14 20:15:19,Trung,Viettel,vultr_seoul,227.0,116.89,20,0,0
2026-09-14 20:15:19,Trung,Viettel,linode_singapore,62.0,73.09,20,0,0
2026-09-14 20:26:07,Trung,Viettel,cloudflare,52.0,31.65,20,0,0
2026-09-14 20:26:07,Trung,Viettel,vultr_singapore,47.0,18.55,20,0,0
2026-09-14 20:26:07,Trung,Viettel,vultr_seoul,233.0,111.72,20,0,0
2026-09-14 20:26:07,Trung,Viettel,linode_singapore,62.0,70.99,20,0,0
2026-09-14 20:36:56,Trung,Viettel,cloudflare,52.0,19.72,20,0,0
2026-09-14 20:36:56,Trung,Viettel,vultr_singapore,47.0,15.1,20,0,0
2026-09-14 20:36:56,Trung,Viettel,vultr_seoul,245.0,107.23,20,0,0
2026-09-14 20:36:56,Trung,Viettel,linode_singapore,60.0,85.67,20,0,0
2026-09-14 20:47:45,Trung,Viettel,cloudflare,49.0,34.57,20,0,0
2026-09-14 20:47:45,Trung,Viettel,vultr_singapore,48.0,14.48,20,0,0
2026-09-14 20:47:45,Trung,Viettel,vultr_seoul,229.0,122.98,20,0,0
2026-09-14 20:47:45,Trung,Viettel,linode_singapore,63.0,62.44,20,0,0
2026-09-14 20:58:34,Trung,Viettel,cloudflare,52.0,35.08,20,0,0
2026-09-14 20:58:34,Trung,Viettel,vultr_singapore,48.0,14.25,20,0,0
2026-09-14 20:58:34,Trung,Viettel,vultr_seoul,231.0,119.24,20,0,0
2026-09-14 20:58:34,Trung,Viettel,linode_singapore,63.0,65.83,20,0,0
2026-09-14 21:09:24,Trung,Viettel,cloudflare,52.0,26.12,21,0,0
2026-09-14 21:09:24,Trung,Viettel,vultr_singapore,48.0,20.14,21,0,0
2026-09-14 21:09:24,Trung,Viettel,vultr_seoul,239.0,126.32,21,0,0
2026-09-14 21:09:24,Trung,Viettel,linode_singapore,61.0,85.02,21,0,0
2026-09-14 21:20:10,Trung,Viettel,cloudflare,89.0,19.33,21,0,0
2026-09-14 21:20:10,Trung,Viettel,vultr_singapore,56.0,16.3,21,0,0
2026-09-14 21:20:10,Trung,Viettel,vultr_seoul,233.0,46.32,21,0,0
2026-09-14 21:20:10,Trung,Viettel,linode_singapore,143.0,36.36,21,0,0
2026-09-14 21:31:08,Trung,Viettel,cloudflare,45.0,34.07,21,0,0
2026-09-14 21:31:08,Trung,Viettel,vultr_singapore,49.0,180.02,21,0,0
2026-09-14 21:31:08,Trung,Viettel,vultr_seoul,232.0,109.55,21,0,0
2026-09-14 21:31:08,Trung,Viettel,linode_singapore,59.0,93.27,21,0,0
2026-09-14 21:41:44,Trung,Viettel,cloudflare,54.0,27.55,21,0,0
2026-09-14 21:41:44,Trung,Viettel,vultr_singapore,49.0,22.13,21,0,0
2026-09-14 21:41:44,Trung,Viettel,vultr_seoul,230.0,100.74,21,0,0
2026-09-14 21:41:44,Trung,Viettel,linode_singapore,63.0,83.79,21,0,0
2026-09-14 21:52:33,Trung,Viettel,cloudflare,36.0,29.23,21,0,0
2026-09-14 21:52:33,Trung,Viettel,vultr_singapore,36.0,101.01,21,0,0
2026-09-14 21:52:33,Trung,Viettel,vultr_seoul,233.0,132.39,21,0,0
2026-09-14 21:52:33,Trung,Viettel,linode_singapore,53.0,84.56,21,0,0
2026-09-14 22:03:12,Trung,Viettel,cloudflare,46.0,34.66,22,0,0
2026-09-14 22:03:12,Trung,Viettel,vultr_singapore,50.0,19.65,22,0,0
2026-09-14 22:03:12,Trung,Viettel,vultr_seoul,229.0,122.63,22,0,0
2026-09-14 22:03:12,Trung,Viettel,linode_singapore,64.0,109.65,22,0,0
2026-09-14 22:13:54,Trung,Viettel,cloudflare,55.0,25.24,22,0,0
2026-09-14 22:13:54,Trung,Viettel,vultr_singapore,52.0,10.86,22,0,0
2026-09-14 22:13:54,Trung,Viettel,vultr_seoul,237.0,43.42,22,0,0
2026-09-14 22:13:54,Trung,Viettel,linode_singapore,59.0,43.9,22,0,0
2026-09-14 22:24:54,Trung,Viettel,cloudflare,52.0,28.48,22,0,0
2026-09-14 22:24:54,Trung,Viettel,vultr_singapore,46.0,17.78,22,0,0
2026-09-14 22:24:54,Trung,Viettel,vultr_seoul,231.0,123.19,22,0,0
2026-09-14 22:24:54,Trung,Viettel,linode_singapore,54.0,96.5,22,0,0
2026-09-14 22:35:39,Trung,Viettel,cloudflare,52.0,24.3,22,0,0
2026-09-14 22:35:39,Trung,Viettel,vultr_singapore,44.0,21.08,22,0,0
2026-09-14 22:35:39,Trung,Viettel,vultr_seoul,235.0,129.89,22,0,0
2026-09-14 22:35:39,Trung,Viettel,linode_singapore,63.0,81.93,22,0,0
2026-09-14 22:46:25,Trung,Viettel,cloudflare,58.0,25.8,22,0,0
2026-09-14 22:46:25,Trung,Viettel,vultr_singapore,44.0,15.73,22,0,0
2026-09-14 22:46:25,Trung,Viettel,vultr_seoul,231.0,124.6,22,0,0
2026-09-14 22:46:25,Trung,Viettel,linode_singapore,61.0,77.91,22,0,0
2026-09-14 22:57:12,Trung,Viettel,cloudflare,58.0,29.65,22,0,0
2026-09-14 22:57:12,Trung,Viettel,vultr_singapore,48.0,19.65,22,0,0
2026-09-14 22:57:12,Trung,Viettel,vultr_seoul,228.0,139.46,22,0,0
2026-09-14 22:57:12,Trung,Viettel,linode_singapore,60.0,80.67,22,0,0
2026-09-14 23:07:58,Trung,Viettel,cloudflare,51.0,33.94,23,0,0
2026-09-14 23:07:58,Trung,Viettel,vultr_singapore,46.0,14.34,23,0,0
2026-09-14 23:07:58,Trung,Viettel,vultr_seoul,229.0,124.11,23,0,0
2026-09-14 23:07:58,Trung,Viettel,linode_singapore,61.0,83.48,23,0,0
2026-09-14 23:18:44,Trung,Viettel,cloudflare,70.0,18.67,23,0,0
2026-09-14 23:18:44,Trung,Viettel,vultr_singapore,38.0,14.91,23,0,0
2026-09-14 23:18:44,Trung,Viettel,vultr_seoul,234.0,51.74,23,0,0
2026-09-14 23:18:44,Trung,Viettel,linode_singapore,64.0,48.87,23,0,0
2026-09-14 23:29:45,Trung,Viettel,cloudflare,52.0,26.09,23,0,0
2026-09-14 23:29:45,Trung,Viettel,vultr_singapore,47.0,14.42,23,0,0
2026-09-14 23:29:45,Trung,Viettel,vultr_seoul,234.0,120.89,23,0,0
2026-09-14 23:29:45,Trung,Viettel,linode_singapore,60.0,77.08,23,0,0
2026-09-14 23:40:34,Trung,Viettel,cloudflare,52.0,31.42,23,0,0
2026-09-14 23:40:34,Trung,Viettel,vultr_singapore,51.0,20.17,23,0,0
2026-09-14 23:40:34,Trung,Viettel,vultr_seoul,235.0,127.51,23,0,0
2026-09-14 23:40:34,Trung,Viettel,linode_singapore,53.0,76.52,23,0,0
2026-09-14 23:51:20,Trung,Viettel,cloudflare,38.0,31.54,23,0,0
2026-09-14 23:51:20,Trung,Viettel,vultr_singapore,39.0,13.62,23,0,0
2026-09-14 23:51:20,Trung,Viettel,vultr_seoul,231.0,122.14,23,0,0
2026-09-14 23:51:20,Trung,Viettel,linode_singapore,54.0,88.78,23,0,0
2026-09-15 00:02:06,Trung,Viettel,cloudflare,53.0,35.28,0,1,0
2026-09-15 00:02:06,Trung,Viettel,vultr_singapore,47.0,13.05,0,1,0
2026-09-15 00:02:06,Trung,Viettel,vultr_seoul,234.0,133.26,0,1,0
2026-09-15 00:02:06,Trung,Viettel,linode_singapore,53.0,84.51,0,1,0
2026-09-15 00:12:52,Trung,Viettel,cloudflare,67.0,25.01,0,1,0
2026-09-15 00:12:52,Trung,Viettel,vultr_singapore,51.0,15.42,0,1,0
2026-09-15 00:12:52,Trung,Viettel,vultr_seoul,235.0,69.11,0,1,0
2026-09-15 00:12:52,Trung,Viettel,linode_singapore,68.0,57.42,0,1,0
2026-09-15 00:23:47,Trung,Viettel,cloudflare,46.0,32.94,0,1,0
2026-09-15 00:23:47,Trung,Viettel,vultr_singapore,52.0,13.68,0,1,0
2026-09-15 00:23:47,Trung,Viettel,vultr_seoul,226.0,121.26,0,1,0
2026-09-15 00:23:47,Trung,Viettel,linode_singapore,54.0,76.92,0,1,0
2026-09-15 00:34:34,Trung,Viettel,cloudflare,55.0,33.55,0,1,0
2026-09-15 00:34:34,Trung,Viettel,vultr_singapore,48.0,14.76,0,1,0
2026-09-15 00:34:34,Trung,Viettel,vultr_seoul,228.0,124.79,0,1,0
2026-09-15 00:34:34,Trung,Viettel,linode_singapore,63.0,86.93,0,1,0
2026-09-15 00:45:21,Trung,Viettel,cloudflare,56.0,34.18,0,1,0
2026-09-15 00:45:21,Trung,Viettel,vultr_singapore,49.0,14.21,0,1,0
2026-09-15 00:45:21,Trung,Viettel,vultr_seoul,234.0,139.44,0,1,0
2026-09-15 00:45:21,Trung,Viettel,linode_singapore,52.0,70.15,0,1,0
2026-09-15 00:56:09,Trung,Viettel,cloudflare,43.0,31.29,0,1,0
2026-09-15 00:56:09,Trung,Viettel,vultr_singapore,37.0,54.57,0,1,0
2026-09-15 00:56:09,Trung,Viettel,vultr_seoul,233.0,117.27,0,1,0
2026-09-15 00:56:09,Trung,Viettel,linode_singapore,53.0,103.67,0,1,0
2026-09-15 01:06:53,Trung,Viettel,cloudflare,48.0,29.42,1,1,0
2026-09-15 01:06:53,Trung,Viettel,vultr_singapore,39.0,14.27,1,1,0
2026-09-15 01:06:53,Trung,Viettel,vultr_seoul,228.0,29.15,1,1,0
2026-09-15 01:06:53,Trung,Viettel,linode_singapore,69.0,47.56,1,1,0
2026-09-15 01:17:53,Trung,Viettel,cloudflare,52.0,22.75,1,1,0
2026-09-15 01:17:53,Trung,Viettel,vultr_singapore,43.0,14.22,1,1,0
2026-09-15 01:17:53,Trung,Viettel,vultr_seoul,240.0,48.25,1,1,0
2026-09-15 01:17:53,Trung,Viettel,linode_singapore,129.0,59.07,1,1,0
2026-09-15 01:28:52,Trung,Viettel,cloudflare,46.0,34.55,1,1,0
2026-09-15 01:28:52,Trung,Viettel,vultr_singapore,51.0,79.27,1,1,0
2026-09-15 01:28:52,Trung,Viettel,vultr_seoul,225.0,124.38,1,1,0
2026-09-15 01:28:52,Trung,Viettel,linode_singapore,62.0,72.3,1,1,0
2026-09-15 01:39:36,Trung,Viettel,cloudflare,52.0,32.75,1,1,0
2026-09-15 01:39:36,Trung,Viettel,vultr_singapore,48.0,68.05,1,1,0
2026-09-15 01:39:36,Trung,Viettel,vultr_seoul,227.0,125.06,1,1,0
2026-09-15 01:39:36,Trung,Viettel,linode_singapore,54.0,112.41,1,1,0
2026-09-15 01:50:17,Trung,Viettel,cloudflare,57.0,31.85,1,1,0
2026-09-15 01:50:17,Trung,Viettel,vultr_singapore,50.0,14.49,1,1,0
2026-09-15 01:50:17,Trung,Viettel,vultr_seoul,233.0,117.68,1,1,0
2026-09-15 01:50:17,Trung,Viettel,linode_singapore,54.0,80.12,1,1,0
2026-09-15 02:01:04,Trung,Viettel,cloudflare,48.0,16.22,2,1,0
2026-09-15 02:01:04,Trung,Viettel,vultr_singapore,38.0,22.62,2,1,0
2026-09-15 02:01:04,Trung,Viettel,vultr_seoul,227.0,118.39,2,1,0
2026-09-15 02:01:04,Trung,Viettel,linode_singapore,63.0,76.96,2,1,0
2026-09-15 02:11:52,Trung,Viettel,cloudflare,58.0,26.4,2,1,0
2026-09-15 02:11:52,Trung,Viettel,vultr_singapore,48.0,18.53,2,1,0
2026-09-15 02:11:52,Trung,Viettel,vultr_seoul,228.0,112.32,2,1,0
2026-09-15 02:11:52,Trung,Viettel,linode_singapore,54.0,73.98,2,1,0
2026-09-15 02:22:40,Trung,Viettel,cloudflare,49.0,33.39,2,1,0
2026-09-15 02:22:40,Trung,Viettel,vultr_singapore,39.0,14.25,2,1,0
2026-09-15 02:22:40,Trung,Viettel,vultr_seoul,235.0,130.93,2,1,0
2026-09-15 02:22:40,Trung,Viettel,linode_singapore,54.0,105.51,2,1,0
2026-09-15 02:33:25,Trung,Viettel,cloudflare,58.0,29.77,2,1,0
2026-09-15 02:33:25,Trung,Viettel,vultr_singapore,52.0,40.0,2,1,0
2026-09-15 02:33:25,Trung,Viettel,vultr_seoul,232.0,129.03,2,1,0
2026-09-15 02:33:25,Trung,Viettel,linode_singapore,52.0,90.93,2,1,0
2026-09-15 02:44:12,Trung,Viettel,cloudflare,59.0,27.28,2,1,0
2026-09-15 02:44:12,Trung,Viettel,vultr_singapore,49.0,14.84,2,1,0
2026-09-15 02:44:12,Trung,Viettel,vultr_seoul,229.0,122.96,2,1,0
2026-09-15 02:44:12,Trung,Viettel,linode_singapore,53.0,80.06,2,1,0
2026-09-15 02:54:59,Trung,Viettel,cloudflare,51.0,28.39,2,1,0
2026-09-15 02:54:59,Trung,Viettel,vultr_singapore,48.0,18.09,2,1,0
2026-09-15 02:54:59,Trung,Viettel,vultr_seoul,227.0,115.78,2,1,0
2026-09-15 02:54:59,Trung,Viettel,linode_singapore,53.0,87.15,2,1,0
2026-09-15 03:05:46,Trung,Viettel,cloudflare,53.0,25.57,3,1,0
2026-09-15 03:05:46,Trung,Viettel,vultr_singapore,50.0,14.76,3,1,0
2026-09-15 03:05:46,Trung,Viettel,vultr_seoul,235.0,70.59,3,1,0
2026-09-15 03:05:46,Trung,Viettel,linode_singapore,53.0,71.36,3,1,0
2026-09-15 10:11:47,Trung,Viettel,cloudflare,81.0,20.87,10,1,0
2026-09-15 10:11:47,Trung,Viettel,vultr_singapore,52.0,13.24,10,1,0
2026-09-15 10:11:47,Trung,Viettel,vultr_seoul,231.0,68.88,10,1,0
2026-09-15 10:11:47,Trung,Viettel,linode_singapore,55.0,54.31,10,1,0
2026-09-15 10:22:45,Trung,Viettel,cloudflare,52.0,32.0,10,1,0
2026-09-15 10:22:45,Trung,Viettel,vultr_singapore,48.0,15.69,10,1,0
2026-09-15 10:22:45,Trung,Viettel,vultr_seoul,226.0,104.47,10,1,0
2026-09-15 10:22:45,Trung,Viettel,linode_singapore,55.0,71.4,10,1,0
2026-09-15 10:33:34,Trung,Viettel,cloudflare,52.0,31.93,10,1,0
2026-09-15 10:33:34,Trung,Viettel,vultr_singapore,45.0,14.9,10,1,0
2026-09-15 10:33:34,Trung,Viettel,vultr_seoul,228.0,106.05,10,1,0
2026-09-15 10:33:34,Trung,Viettel,linode_singapore,64.0,83.89,10,1,0
2026-09-15 10:44:23,Trung,Viettel,cloudflare,54.0,24.57,10,1,0
2026-09-15 10:44:23,Trung,Viettel,vultr_singapore,49.0,19.85,10,1,0
2026-09-15 10:44:23,Trung,Viettel,vultr_seoul,231.0,136.51,10,1,0
2026-09-15 10:44:23,Trung,Viettel,linode_singapore,63.0,74.58,10,1,0
2026-09-15 10:55:09,Trung,Viettel,cloudflare,45.0,33.76,10,1,0
2026-09-15 10:55:09,Trung,Viettel,vultr_singapore,37.0,125.86,10,1,0
2026-09-15 10:55:09,Trung,Viettel,vultr_seoul,227.0,144.37,10,1,0
2026-09-15 10:55:09,Trung,Viettel,linode_singapore,64.0,92.32,10,1,0
2026-09-15 11:05:44,Trung,Viettel,cloudflare,53.0,0.01,11,1,0
2026-09-15 11:05:44,Trung,Viettel,vultr_singapore,47.0,17.28,11,1,0
2026-09-15 11:05:44,Trung,Viettel,vultr_seoul,228.0,110.54,11,1,0
2026-09-15 11:05:44,Trung,Viettel,linode_singapore,64.0,89.88,11,1,0
2026-09-15 11:16:45,Trung,Viettel,cloudflare,55.0,31.68,11,1,0
2026-09-15 11:16:45,Trung,Viettel,vultr_singapore,47.0,18.71,11,1,0
2026-09-15 11:16:45,Trung,Viettel,vultr_seoul,228.0,128.91,11,1,0
2026-09-15 11:16:45,Trung,Viettel,linode_singapore,64.0,90.58,11,1,0
2026-09-15 11:27:31,Trung,Viettel,cloudflare,48.0,36.78,11,1,0
2026-09-15 11:27:31,Trung,Viettel,vultr_singapore,37.0,52.55,11,1,0
2026-09-15 11:27:31,Trung,Viettel,vultr_seoul,227.0,125.53,11,1,0
2026-09-15 11:27:31,Trung,Viettel,linode_singapore,54.0,87.16,11,1,0
2026-09-15 11:38:17,Trung,Viettel,cloudflare,52.0,29.23,11,1,0
2026-09-15 11:38:17,Trung,Viettel,vultr_singapore,47.0,13.82,11,1,0
2026-09-15 11:38:17,Trung,Viettel,vultr_seoul,226.0,119.82,11,1,0
2026-09-15 11:38:17,Trung,Viettel,linode_singapore,65.0,113.4,11,1,0
2026-09-15 11:49:01,Trung,Viettel,cloudflare,46.0,30.73,11,1,0
2026-09-15 11:49:01,Trung,Viettel,vultr_singapore,48.0,15.41,11,1,0
2026-09-15 11:49:01,Trung,Viettel,vultr_seoul,226.0,130.89,11,1,0
2026-09-15 11:49:01,Trung,Viettel,linode_singapore,54.0,99.9,11,1,0
2026-09-15 11:59:47,Trung,Viettel,cloudflare,57.0,33.89,11,1,0
2026-09-15 11:59:47,Trung,Viettel,vultr_singapore,48.0,102.06,11,1,0
2026-09-15 11:59:47,Trung,Viettel,vultr_seoul,233.0,121.14,11,1,0
2026-09-15 11:59:47,Trung,Viettel,linode_singapore,56.0,81.82,11,1,0
2026-09-15 12:10:28,Trung,Viettel,cloudflare,56.0,23.49,12,1,0
2026-09-15 12:10:28,Trung,Viettel,vultr_singapore,50.0,13.53,12,1,0
2026-09-15 12:10:28,Trung,Viettel,vultr_seoul,229.0,132.17,12,1,0
2026-09-15 12:10:28,Trung,Viettel,linode_singapore,64.0,76.7,12,1,0
2026-09-15 12:21:18,Trung,Viettel,cloudflare,65.0,21.92,12,1,0
2026-09-15 12:21:18,Trung,Viettel,vultr_singapore,47.0,16.56,12,1,0
2026-09-15 12:21:18,Trung,Viettel,vultr_seoul,232.0,87.1,12,1,0
2026-09-15 12:21:18,Trung,Viettel,linode_singapore,57.0,46.84,12,1,0
2026-09-15 12:32:16,Trung,Viettel,cloudflare,46.0,34.59,12,1,0
2026-09-15 12:32:16,Trung,Viettel,vultr_singapore,37.0,190.65,12,1,0
2026-09-15 12:32:16,Trung,Viettel,vultr_seoul,222.0,133.8,12,1,0
2026-09-15 12:32:16,Trung,Viettel,linode_singapore,62.0,84.85,12,1,0
2026-09-15 12:42:51,Trung,Viettel,cloudflare,49.0,28.48,12,1,0
2026-09-15 12:42:51,Trung,Viettel,vultr_singapore,48.0,14.09,12,1,0
2026-09-15 12:42:51,Trung,Viettel,vultr_seoul,228.0,135.17,12,1,0
2026-09-15 12:42:51,Trung,Viettel,linode_singapore,54.0,76.41,12,1,0
2026-09-15 12:53:37,Trung,Viettel,cloudflare,57.0,32.58,12,1,0
2026-09-15 12:53:37,Trung,Viettel,vultr_singapore,49.0,18.98,12,1,0
2026-09-15 12:53:37,Trung,Viettel,vultr_seoul,228.0,133.29,12,1,0
2026-09-15 12:53:37,Trung,Viettel,linode_singapore,64.0,81.78,12,1,0
2026-09-15 13:04:23,Trung,Viettel,cloudflare,47.0,31.44,13,1,0
2026-09-15 13:04:23,Trung,Viettel,vultr_singapore,37.0,20.16,13,1,0
2026-09-15 13:04:23,Trung,Viettel,vultr_seoul,231.0,135.45,13,1,0
2026-09-15 13:04:23,Trung,Viettel,linode_singapore,63.0,104.02,13,1,0
2026-09-15 13:15:06,Trung,Viettel,cloudflare,44.0,32.09,13,1,0
2026-09-15 13:15:06,Trung,Viettel,vultr_singapore,38.0,75.64,13,1,0
2026-09-15 13:15:06,Trung,Viettel,vultr_seoul,229.0,135.83,13,1,0
2026-09-15 13:15:06,Trung,Viettel,linode_singapore,53.0,68.45,13,1,0
2026-09-15 13:25:50,Trung,Viettel,cloudflare,48.0,26.94,13,1,0
2026-09-15 13:25:50,Trung,Viettel,vultr_singapore,39.0,18.4,13,1,0
2026-09-15 13:25:50,Trung,Viettel,vultr_seoul,231.0,115.04,13,1,0
2026-09-15 13:25:50,Trung,Viettel,linode_singapore,60.0,83.84,13,1,0
2026-09-15 13:36:38,Trung,Viettel,cloudflare,56.0,31.49,13,1,0
2026-09-15 13:36:38,Trung,Viettel,vultr_singapore,47.0,26.35,13,1,0
2026-09-15 13:36:38,Trung,Viettel,vultr_seoul,224.0,114.6,13,1,0
2026-09-15 13:36:38,Trung,Viettel,linode_singapore,56.0,87.57,13,1,0
2026-09-15 13:47:24,Trung,Viettel,cloudflare,57.0,24.34,13,1,0
2026-09-15 13:47:24,Trung,Viettel,vultr_singapore,49.0,14.9,13,1,0
2026-09-15 13:47:24,Trung,Viettel,vultr_seoul,233.0,104.91,13,1,0
2026-09-15 13:47:24,Trung,Viettel,linode_singapore,55.0,96.82,13,1,0
2026-09-15 13:58:10,Trung,Viettel,cloudflare,56.0,6.18,13,1,0
2026-09-15 13:58:10,Trung,Viettel,vultr_singapore,44.0,14.05,13,1,0
2026-09-15 13:58:10,Trung,Viettel,vultr_seoul,225.0,124.43,13,1,0
2026-09-15 13:58:10,Trung,Viettel,linode_singapore,54.0,81.68,13,1,0
2026-09-15 14:09:01,Trung,Viettel,cloudflare,56.0,30.64,14,1,0
2026-09-15 14:09:01,Trung,Viettel,vultr_singapore,44.0,149.25,14,1,0
2026-09-15 14:09:01,Trung,Viettel,vultr_seoul,225.0,129.22,14,1,0
2026-09-15 14:09:01,Trung,Viettel,linode_singapore,53.0,76.65,14,1,0
2026-09-15 14:19:37,Trung,Viettel,cloudflare,51.0,24.43,14,1,0
2026-09-15 14:19:37,Trung,Viettel,vultr_singapore,56.0,14.11,14,1,0
2026-09-15 14:19:37,Trung,Viettel,vultr_seoul,234.0,63.72,14,1,0
2026-09-15 14:19:37,Trung,Viettel,linode_singapore,65.0,65.41,14,1,0
2026-09-15 14:30:33,Trung,Viettel,cloudflare,49.0,39.16,14,1,0
2026-09-15 14:30:33,Trung,Viettel,vultr_singapore,38.0,59.69,14,1,0
2026-09-15 14:30:33,Trung,Viettel,vultr_seoul,226.0,113.67,14,1,0
2026-09-15 14:30:33,Trung,Viettel,linode_singapore,55.0,81.3,14,1,0
2026-09-15 14:41:21,Trung,Viettel,cloudflare,48.0,28.29,14,1,0
2026-09-15 14:41:21,Trung,Viettel,vultr_singapore,37.0,51.94,14,1,0
2026-09-15 14:41:21,Trung,Viettel,vultr_seoul,229.0,122.07,14,1,0
2026-09-15 14:41:21,Trung,Viettel,linode_singapore,63.0,80.33,14,1,0
2026-09-15 14:52:07,Trung,Viettel,cloudflare,45.0,29.99,14,1,0
2026-09-15 14:52:07,Trung,Viettel,vultr_singapore,47.0,70.32,14,1,0
2026-09-15 14:52:07,Trung,Viettel,vultr_seoul,226.0,123.64,14,1,0
2026-09-15 14:52:07,Trung,Viettel,linode_singapore,64.0,78.57,14,1,0
2026-09-15 15:02:51,Trung,Viettel,cloudflare,48.0,28.27,15,1,0
2026-09-15 15:02:51,Trung,Viettel,vultr_singapore,49.0,20.36,15,1,0
2026-09-15 15:02:51,Trung,Viettel,vultr_seoul,229.0,126.25,15,1,0
2026-09-15 15:02:51,Trung,Viettel,linode_singapore,54.0,74.13,15,1,0
2026-09-15 15:13:39,Trung,Viettel,cloudflare,48.0,34.91,15,1,0
2026-09-15 15:13:39,Trung,Viettel,vultr_singapore,46.0,14.67,15,1,0
2026-09-15 15:13:39,Trung,Viettel,vultr_seoul,227.0,124.97,15,1,0
2026-09-15 15:13:39,Trung,Viettel,linode_singapore,57.0,75.52,15,1,0
2026-09-15 15:24:28,Trung,Viettel,cloudflare,46.0,35.04,15,1,0
2026-09-15 15:24:28,Trung,Viettel,vultr_singapore,36.0,56.87,15,1,0
2026-09-15 15:24:28,Trung,Viettel,vultr_seoul,226.0,134.12,15,1,0
2026-09-15 15:24:28,Trung,Viettel,linode_singapore,54.0,104.09,15,1,0
2026-09-15 15:35:11,Trung,Viettel,cloudflare,47.0,32.49,15,1,0
2026-09-15 15:35:11,Trung,Viettel,vultr_singapore,50.0,76.01,15,1,0
2026-09-15 15:35:11,Trung,Viettel,vultr_seoul,229.0,123.95,15,1,0
2026-09-15 15:35:11,Trung,Viettel,linode_singapore,64.0,123.9,15,1,0
2026-09-15 15:45:51,Trung,Viettel,cloudflare,47.0,26.21,15,1,0
2026-09-15 15:45:51,Trung,Viettel,vultr_singapore,36.0,14.66,15,1,0
2026-09-15 15:45:51,Trung,Viettel,vultr_seoul,227.0,137.11,15,1,0
2026-09-15 15:45:51,Trung,Viettel,linode_singapore,63.0,76.17,15,1,0
2026-09-15 15:56:37,Trung,Viettel,cloudflare,56.0,27.65,15,1,0
2026-09-15 15:56:37,Trung,Viettel,vultr_singapore,46.0,68.8,15,1,0
2026-09-15 15:56:37,Trung,Viettel,vultr_seoul,228.0,128.97,15,1,0
2026-09-15 15:56:37,Trung,Viettel,linode_singapore,65.0,89.63,15,1,0
2026-09-15 16:07:21,Trung,Viettel,cloudflare,54.0,33.49,16,1,0
2026-09-15 16:07:21,Trung,Viettel,vultr_singapore,45.0,13.36,16,1,0
2026-09-15 16:07:21,Trung,Viettel,vultr_seoul,228.0,111.17,16,1,0
2026-09-15 16:07:21,Trung,Viettel,linode_singapore,54.0,118.18,16,1,0
2026-09-15 16:18:08,Trung,Viettel,cloudflare,46.0,15.81,16,1,0
2026-09-15 16:18:08,Trung,Viettel,vultr_singapore,62.0,18.56,16,1,0
2026-09-15 16:18:08,Trung,Viettel,vultr_seoul,223.0,68.98,16,1,0
2026-09-15 16:18:08,Trung,Viettel,linode_singapore,56.0,48.98,16,1,0
2026-09-15 16:29:05,Trung,Viettel,cloudflare,57.0,30.96,16,1,0
2026-09-15 16:29:05,Trung,Viettel,vultr_singapore,46.0,14.99,16,1,0
2026-09-15 16:29:05,Trung,Viettel,vultr_seoul,230.0,125.49,16,1,0
2026-09-15 16:29:05,Trung,Viettel,linode_singapore,56.0,110.94,16,1,0
2026-09-15 16:39:50,Trung,Viettel,cloudflare,57.0,33.79,16,1,0
2026-09-15 16:39:50,Trung,Viettel,vultr_singapore,46.0,13.31,16,1,0
2026-09-15 16:39:50,Trung,Viettel,vultr_seoul,230.0,76.43,16,1,0
2026-09-15 16:39:50,Trung,Viettel,linode_singapore,53.0,75.19,16,1,0
2026-09-15 16:50:45,Trung,Viettel,cloudflare,54.0,26.73,16,1,0
2026-09-15 16:50:45,Trung,Viettel,vultr_singapore,46.0,57.27,16,1,0
2026-09-15 16:50:45,Trung,Viettel,vultr_seoul,230.0,121.07,16,1,0
2026-09-15 16:50:45,Trung,Viettel,linode_singapore,53.0,76.85,16,1,0
2026-09-15 17:01:32,Trung,Viettel,cloudflare,52.0,29.75,17,1,0
2026-09-15 17:01:32,Trung,Viettel,vultr_singapore,47.0,17.87,17,1,0
2026-09-15 17:01:32,Trung,Viettel,vultr_seoul,232.0,120.61,17,1,0
2026-09-15 17:01:32,Trung,Viettel,linode_singapore,54.0,95.46,17,1,0
2026-09-15 17:12:18,Trung,Viettel,cloudflare,55.0,33.33,17,1,0
2026-09-15 17:12:18,Trung,Viettel,vultr_singapore,44.0,13.45,17,1,0
2026-09-15 17:12:18,Trung,Viettel,vultr_seoul,225.0,80.16,17,1,0
2026-09-15 17:12:18,Trung,Viettel,linode_singapore,53.0,83.81,17,1,0
2026-09-15 17:23:10,Trung,Viettel,cloudflare,55.0,23.68,17,1,0
2026-09-15 17:23:10,Trung,Viettel,vultr_singapore,43.0,25.88,17,1,0
2026-09-15 17:23:10,Trung,Viettel,vultr_seoul,226.0,75.32,17,1,0
2026-09-15 17:23:10,Trung,Viettel,linode_singapore,52.0,118.54,17,1,0
2026-09-15 17:33:57,Trung,Viettel,cloudflare,37.0,30.05,17,1,0
2026-09-15 17:33:57,Trung,Viettel,vultr_singapore,40.0,29.24,17,1,0
2026-09-15 17:33:57,Trung,Viettel,vultr_seoul,236.0,131.7,17,1,0
2026-09-15 17:33:57,Trung,Viettel,linode_singapore,61.0,65.29,17,1,0
2026-09-15 17:44:46,Trung,Viettel,cloudflare,48.0,31.2,17,1,0
2026-09-15 17:44:46,Trung,Viettel,vultr_singapore,46.0,15.45,17,1,0
2026-09-15 17:44:46,Trung,Viettel,vultr_seoul,228.0,132.58,17,1,0
2026-09-15 17:44:46,Trung,Viettel,linode_singapore,62.0,103.72,17,1,0
2026-09-15 17:55:30,Trung,Viettel,cloudflare,60.0,23.95,17,1,0
2026-09-15 17:55:30,Trung,Viettel,vultr_singapore,47.0,18.53,17,1,0
2026-09-15 17:55:30,Trung,Viettel,vultr_seoul,233.0,126.55,17,1,0
2026-09-15 17:55:30,Trung,Viettel,linode_singapore,54.0,103.77,17,1,0
2026-09-15 18:06:16,Trung,Viettel,cloudflare,56.0,27.99,18,1,0
2026-09-15 18:06:16,Trung,Viettel,vultr_singapore,49.0,13.54,18,1,0
2026-09-15 18:06:16,Trung,Viettel,vultr_seoul,234.0,111.17,18,1,0
2026-09-15 18:06:16,Trung,Viettel,linode_singapore,63.0,73.34,18,1,0
2026-09-15 18:17:06,Trung,Viettel,cloudflare,55.0,8.44,18,1,0
2026-09-15 18:17:06,Trung,Viettel,vultr_singapore,47.0,10.47,18,1,0
2026-09-15 18:17:06,Trung,Viettel,vultr_seoul,229.0,18.9,18,1,0
2026-09-15 18:17:06,Trung,Viettel,linode_singapore,128.0,24.79,18,1,0
2026-09-15 18:28:09,Trung,Viettel,cloudflare,44.0,26.96,18,1,0
2026-09-15 18:28:09,Trung,Viettel,vultr_singapore,36.0,15.6,18,1,0
2026-09-15 18:28:09,Trung,Viettel,vultr_seoul,231.0,77.91,18,1,0
2026-09-15 18:28:09,Trung,Viettel,linode_singapore,62.0,64.91,18,1,0
2026-09-15 18:39:01,Trung,Viettel,cloudflare,48.0,31.6,18,1,0
2026-09-15 18:39:01,Trung,Viettel,vultr_singapore,37.0,101.47,18,1,0
2026-09-15 18:39:01,Trung,Viettel,vultr_seoul,227.0,136.74,18,1,0
2026-09-15 18:39:01,Trung,Viettel,linode_singapore,64.0,104.26,18,1,0
2026-09-15 18:49:40,Trung,Viettel,cloudflare,61.0,29.35,18,1,0
2026-09-15 18:49:40,Trung,Viettel,vultr_singapore,47.0,18.86,18,1,0
2026-09-15 18:49:40,Trung,Viettel,vultr_seoul,230.0,116.94,18,1,0
2026-09-15 18:49:40,Trung,Viettel,linode_singapore,60.0,100.68,18,1,0
2026-09-15 19:00:26,Trung,Viettel,cloudflare,47.0,13.03,19,1,0
2026-09-15 19:00:26,Trung,Viettel,vultr_singapore,37.0,17.88,19,1,0
2026-09-15 19:00:26,Trung,Viettel,vultr_seoul,228.0,123.72,19,1,0
2026-09-15 19:00:26,Trung,Viettel,linode_singapore,54.0,84.12,19,1,0
2026-09-15 19:11:14,Trung,Viettel,cloudflare,52.0,22.69,19,1,0
2026-09-15 19:11:14,Trung,Viettel,vultr_singapore,55.0,13.61,19,1,0
2026-09-15 19:11:14,Trung,Viettel,vultr_seoul,239.0,46.43,19,1,0
2026-09-15 19:11:14,Trung,Viettel,linode_singapore,79.0,11.67,19,1,0
2026-09-15 19:22:13,Trung,Viettel,cloudflare,59.0,32.39,19,1,0
2026-09-15 19:22:13,Trung,Viettel,vultr_singapore,47.0,18.8,19,1,0
2026-09-15 19:22:13,Trung,Viettel,vultr_seoul,224.0,129.04,19,1,0
2026-09-15 19:22:13,Trung,Viettel,linode_singapore,53.0,104.5,19,1,0
2026-09-15 19:33:00,Trung,Viettel,cloudflare,53.0,23.87,19,1,0
2026-09-15 19:33:00,Trung,Viettel,vultr_singapore,44.0,19.21,19,1,0
2026-09-15 19:33:00,Trung,Viettel,vultr_seoul,223.0,142.06,19,1,0
2026-09-15 19:33:00,Trung,Viettel,linode_singapore,60.0,102.7,19,1,0
2026-09-15 19:43:45,Trung,Viettel,cloudflare,56.0,35.72,19,1,0
2026-09-15 19:43:45,Trung,Viettel,vultr_singapore,49.0,14.37,19,1,0
2026-09-15 19:43:45,Trung,Viettel,vultr_seoul,225.0,136.07,19,1,0
2026-09-15 19:43:45,Trung,Viettel,linode_singapore,76.0,66.2,19,1,0
2026-09-15 19:54:33,Trung,Viettel,cloudflare,60.0,29.37,19,1,0
2026-09-15 19:54:33,Trung,Viettel,vultr_singapore,49.0,14.78,19,1,0
2026-09-15 19:54:33,Trung,Viettel,vultr_seoul,240.0,111.04,19,1,0
2026-09-15 19:54:33,Trung,Viettel,linode_singapore,61.0,66.52,19,1,0
2026-09-15 20:05:24,Trung,Viettel,cloudflare,57.0,25.74,20,1,0
2026-09-15 20:05:24,Trung,Viettel,vultr_singapore,48.0,18.18,20,1,0
2026-09-15 20:05:24,Trung,Viettel,vultr_seoul,232.0,116.07,20,1,0
2026-09-15 20:05:24,Trung,Viettel,linode_singapore,62.0,80.27,20,1,0
2026-09-15 20:16:13,Trung,Viettel,cloudflare,45.0,31.68,20,1,0
2026-09-15 20:16:13,Trung,Viettel,vultr_singapore,37.0,14.1,20,1,0
2026-09-15 20:16:13,Trung,Viettel,vultr_seoul,231.0,118.24,20,1,0
2026-09-15 20:16:13,Trung,Viettel,linode_singapore,60.0,43.3,20,1,0
2026-09-15 20:27:07,Trung,Viettel,cloudflare,46.0,27.97,20,1,0
2026-09-15 20:27:07,Trung,Viettel,vultr_singapore,36.0,18.44,20,1,0
2026-09-15 20:27:07,Trung,Viettel,vultr_seoul,226.0,98.63,20,1,0
2026-09-15 20:27:07,Trung,Viettel,linode_singapore,52.0,77.16,20,1,0
2026-09-15 20:37:57,Trung,Viettel,cloudflare,45.0,31.22,20,1,0
2026-09-15 20:37:57,Trung,Viettel,vultr_singapore,36.0,14.2,20,1,0
2026-09-15 20:37:57,Trung,Viettel,vultr_seoul,224.0,92.29,20,1,0
2026-09-15 20:37:57,Trung,Viettel,linode_singapore,53.0,85.37,20,1,0
2026-09-15 20:48:45,Trung,Viettel,cloudflare,40.0,31.25,20,1,0
2026-09-15 20:48:45,Trung,Viettel,vultr_singapore,38.0,20.94,20,1,0
2026-09-15 20:48:45,Trung,Viettel,vultr_seoul,226.0,131.82,20,1,0
2026-09-15 20:48:45,Trung,Viettel,linode_singapore,53.0,94.52,20,1,0
2026-09-15 20:59:31,Trung,Viettel,cloudflare,45.0,24.89,20,1,0
2026-09-15 20:59:31,Trung,Viettel,vultr_singapore,38.0,17.64,20,1,0
2026-09-15 20:59:31,Trung,Viettel,vultr_seoul,231.0,94.52,20,1,0
2026-09-15 20:59:31,Trung,Viettel,linode_singapore,62.0,69.04,20,1,0
2026-09-15 22:23:00,Trung,Viettel,cloudflare,36.0,28.82,22,1,0
2026-09-15 22:23:00,Trung,Viettel,vultr_singapore,35.0,15.63,22,1,0
2026-09-15 22:23:00,Trung,Viettel,vultr_seoul,232.0,136.26,22,1,0
2026-09-15 22:23:00,Trung,Viettel,linode_singapore,63.0,93.2,22,1,0
2026-09-15 22:33:46,Trung,Viettel,cloudflare,46.0,35.32,22,1,0
2026-09-15 22:33:46,Trung,Viettel,vultr_singapore,48.0,19.29,22,1,0
2026-09-15 22:33:46,Trung,Viettel,vultr_seoul,223.0,115.07,22,1,0
2026-09-15 22:33:46,Trung,Viettel,linode_singapore,52.0,77.88,22,1,0
2026-09-15 22:44:34,Trung,Viettel,cloudflare,54.0,21.99,22,1,0
2026-09-15 22:44:34,Trung,Viettel,vultr_singapore,49.0,14.98,22,1,0
2026-09-15 22:44:34,Trung,Viettel,vultr_seoul,231.0,65.32,22,1,0
2026-09-15 22:44:34,Trung,Viettel,linode_singapore,57.0,104.95,22,1,0
2026-09-15 22:55:26,Trung,Viettel,cloudflare,56.0,25.24,22,1,0
2026-09-15 22:55:26,Trung,Viettel,vultr_singapore,43.0,15.34,22,1,0
2026-09-15 22:55:26,Trung,Viettel,vultr_seoul,231.0,135.12,22,1,0
2026-09-15 22:55:26,Trung,Viettel,linode_singapore,65.0,112.3,22,1,0
2026-09-15 23:06:08,Trung,Viettel,cloudflare,56.0,32.0,23,1,0
2026-09-15 23:06:08,Trung,Viettel,vultr_singapore,45.0,14.13,23,1,0
2026-09-15 23:06:08,Trung,Viettel,vultr_seoul,227.0,99.85,23,1,0
2026-09-15 23:06:08,Trung,Viettel,linode_singapore,64.0,99.87,23,1,0
2026-09-15 23:16:54,Trung,Viettel,cloudflare,61.0,22.28,23,1,0
2026-09-15 23:16:54,Trung,Viettel,vultr_singapore,54.0,15.24,23,1,0
2026-09-15 23:16:54,Trung,Viettel,vultr_seoul,237.0,80.7,23,1,0
2026-09-15 23:16:54,Trung,Viettel,linode_singapore,62.0,55.6,23,1,0
2026-09-15 23:27:49,Trung,Viettel,cloudflare,50.0,31.92,23,1,0
2026-09-15 23:27:49,Trung,Viettel,vultr_singapore,54.0,14.64,23,1,0
2026-09-15 23:27:49,Trung,Viettel,vultr_seoul,229.0,134.13,23,1,0
2026-09-15 23:27:49,Trung,Viettel,linode_singapore,66.0,91.52,23,1,0
2026-09-15 23:38:34,Trung,Viettel,cloudflare,55.0,32.39,23,1,0
2026-09-15 23:38:34,Trung,Viettel,vultr_singapore,48.0,20.18,23,1,0
2026-09-15 23:38:34,Trung,Viettel,vultr_seoul,231.0,113.32,23,1,0
2026-09-15 23:38:34,Trung,Viettel,linode_singapore,64.0,107.39,23,1,0
2026-09-15 23:49:19,Trung,Viettel,cloudflare,46.0,30.6,23,1,0
2026-09-15 23:49:19,Trung,Viettel,vultr_singapore,40.0,12.83,23,1,0
2026-09-15 23:49:19,Trung,Viettel,vultr_seoul,231.0,135.33,23,1,0
2026-09-15 23:49:19,Trung,Viettel,linode_singapore,66.0,89.78,23,1,0
2026-09-16 00:00:05,Trung,Viettel,cloudflare,47.0,28.52,0,2,0
2026-09-16 00:00:05,Trung,Viettel,vultr_singapore,37.0,19.16,0,2,0
2026-09-16 00:00:05,Trung,Viettel,vultr_seoul,230.0,82.98,0,2,0
2026-09-16 00:00:05,Trung,Viettel,linode_singapore,65.0,96.21,0,2,0
2026-09-16 00:10:55,Trung,Viettel,cloudflare,51.0,24.88,0,2,0
2026-09-16 00:10:55,Trung,Viettel,vultr_singapore,45.0,14.71,0,2,0
2026-09-16 00:10:55,Trung,Viettel,vultr_seoul,242.0,75.85,0,2,0
2026-09-16 00:10:55,Trung,Viettel,linode_singapore,55.0,64.6,0,2,0
2026-09-16 00:21:48,Trung,Viettel,cloudflare,46.0,31.93,0,2,0
2026-09-16 00:21:48,Trung,Viettel,vultr_singapore,38.0,18.51,0,2,0
2026-09-16 00:21:48,Trung,Viettel,vultr_seoul,230.0,122.03,0,2,0
2026-09-16 00:21:48,Trung,Viettel,linode_singapore,56.0,97.4,0,2,0
2026-09-16 00:32:32,Trung,Viettel,cloudflare,59.0,31.05,0,2,0
2026-09-16 00:32:32,Trung,Viettel,vultr_singapore,50.0,15.15,0,2,0
2026-09-16 00:32:32,Trung,Viettel,vultr_seoul,234.0,135.42,0,2,0
2026-09-16 00:32:32,Trung,Viettel,linode_singapore,64.0,112.18,0,2,0
2026-09-16 00:43:16,Trung,Viettel,cloudflare,45.0,29.36,0,2,0
2026-09-16 00:43:16,Trung,Viettel,vultr_singapore,38.0,13.3,0,2,0
2026-09-16 00:43:16,Trung,Viettel,vultr_seoul,231.0,116.68,0,2,0
2026-09-16 00:43:16,Trung,Viettel,linode_singapore,64.0,115.95,0,2,0
2026-09-16 00:54:00,Trung,Viettel,cloudflare,59.0,33.16,0,2,0
2026-09-16 00:54:00,Trung,Viettel,vultr_singapore,53.0,14.24,0,2,0
2026-09-16 00:54:00,Trung,Viettel,vultr_seoul,225.0,94.32,0,2,0
2026-09-16 00:54:00,Trung,Viettel,linode_singapore,55.0,86.35,0,2,0
2026-09-16 01:04:48,Trung,Viettel,cloudflare,53.0,25.61,1,2,0
2026-09-16 01:04:48,Trung,Viettel,vultr_singapore,46.0,14.98,1,2,0
2026-09-16 01:04:48,Trung,Viettel,vultr_seoul,234.0,118.66,1,2,0
2026-09-16 01:04:48,Trung,Viettel,linode_singapore,64.0,100.83,1,2,0
2026-09-16 01:15:33,Trung,Viettel,cloudflare,47.0,6.17,1,2,0
2026-09-16 01:15:33,Trung,Viettel,vultr_singapore,92.0,15.35,1,2,0
2026-09-16 01:15:33,Trung,Viettel,vultr_seoul,256.0,76.25,1,2,0
2026-09-16 01:15:33,Trung,Viettel,linode_singapore,66.0,54.92,1,2,0
2026-09-16 01:26:34,Trung,Viettel,cloudflare,59.0,26.42,1,2,0
2026-09-16 01:26:34,Trung,Viettel,vultr_singapore,52.0,13.9,1,2,0
2026-09-16 01:26:34,Trung,Viettel,vultr_seoul,230.0,126.84,1,2,0
2026-09-16 01:26:34,Trung,Viettel,linode_singapore,53.0,106.53,1,2,0
2026-09-16 01:37:18,Trung,Viettel,cloudflare,57.0,26.75,1,2,0
2026-09-16 01:37:18,Trung,Viettel,vultr_singapore,49.0,13.79,1,2,0
2026-09-16 01:37:18,Trung,Viettel,vultr_seoul,229.0,83.42,1,2,0
2026-09-16 01:37:18,Trung,Viettel,linode_singapore,65.0,111.0,1,2,0
2026-09-16 01:48:07,Trung,Viettel,cloudflare,56.0,27.77,1,2,0
2026-09-16 01:48:07,Trung,Viettel,vultr_singapore,49.0,37.78,1,2,0
2026-09-16 01:48:07,Trung,Viettel,vultr_seoul,234.0,142.25,1,2,0
2026-09-16 01:48:07,Trung,Viettel,linode_singapore,66.0,84.18,1,2,0
2026-09-16 01:58:51,Trung,Viettel,cloudflare,53.0,29.27,1,2,0
2026-09-16 01:58:51,Trung,Viettel,vultr_singapore,51.0,14.49,1,2,0
2026-09-16 01:58:51,Trung,Viettel,vultr_seoul,227.0,112.43,1,2,0
2026-09-16 01:58:51,Trung,Viettel,linode_singapore,64.0,75.78,1,2,0
2026-09-16 02:09:41,Trung,Viettel,cloudflare,35.0,26.83,2,2,0
2026-09-16 02:09:41,Trung,Viettel,vultr_singapore,38.0,13.34,2,2,0
2026-09-16 02:09:41,Trung,Viettel,vultr_seoul,228.0,74.33,2,2,0
2026-09-16 02:09:41,Trung,Viettel,linode_singapore,65.0,98.33,2,2,0
2026-09-16 02:20:34,Trung,Viettel,cloudflare,45.0,35.28,2,2,0
2026-09-16 02:20:34,Trung,Viettel,vultr_singapore,39.0,14.52,2,2,0
2026-09-16 02:20:34,Trung,Viettel,vultr_seoul,227.0,118.64,2,2,0
2026-09-16 02:20:34,Trung,Viettel,linode_singapore,64.0,77.12,2,2,0
2026-09-16 02:31:20,Trung,Viettel,cloudflare,55.0,24.9,2,2,0
2026-09-16 02:31:20,Trung,Viettel,vultr_singapore,204.0,13.63,2,2,0
2026-09-16 02:31:20,Trung,Viettel,vultr_seoul,231.0,125.13,2,2,0
2026-09-16 02:31:20,Trung,Viettel,linode_singapore,67.0,62.44,2,2,0
2026-09-16 02:42:08,Trung,Viettel,cloudflare,55.0,31.43,2,2,0
2026-09-16 02:42:08,Trung,Viettel,vultr_singapore,48.0,20.16,2,2,0
2026-09-16 02:42:08,Trung,Viettel,vultr_seoul,227.0,114.97,2,2,0
2026-09-16 02:42:08,Trung,Viettel,linode_singapore,68.0,76.14,2,2,0
2026-09-16 02:52:56,Trung,Viettel,cloudflare,48.0,34.57,2,2,0
2026-09-16 02:52:56,Trung,Viettel,vultr_singapore,51.0,13.97,2,2,0
2026-09-16 02:52:56,Trung,Viettel,vultr_seoul,226.0,135.98,2,2,0
2026-09-16 02:52:56,Trung,Viettel,linode_singapore,61.0,70.36,2,2,0
2026-09-16 03:03:45,Trung,Viettel,cloudflare,57.0,33.76,3,2,0
2026-09-16 03:03:45,Trung,Viettel,vultr_singapore,49.0,19.15,3,2,0
2026-09-16 03:03:45,Trung,Viettel,vultr_seoul,229.0,97.11,3,2,0
2026-09-16 03:03:45,Trung,Viettel,linode_singapore,62.0,69.1,3,2,0
2026-09-16 03:14:37,Trung,Viettel,cloudflare,47.0,32.97,3,2,0
2026-09-16 03:14:37,Trung,Viettel,vultr_singapore,36.0,15.51,3,2,0
2026-09-16 03:14:37,Trung,Viettel,vultr_seoul,269.0,74.25,3,2,0
2026-09-16 03:14:37,Trung,Viettel,linode_singapore,59.0,47.23,3,2,0
2026-09-16 03:25:34,Trung,Viettel,cloudflare,53.0,29.66,3,2,0
2026-09-16 03:25:34,Trung,Viettel,vultr_singapore,49.0,64.9,3,2,0
2026-09-16 03:25:34,Trung,Viettel,vultr_seoul,240.0,77.07,3,2,0
2026-09-16 03:25:34,Trung,Viettel,linode_singapore,61.0,76.04,3,2,0
2026-09-16 03:36:24,Trung,Viettel,cloudflare,56.0,32.08,3,2,0
2026-09-16 03:36:24,Trung,Viettel,vultr_singapore,48.0,19.34,3,2,0
2026-09-16 03:36:24,Trung,Viettel,vultr_seoul,227.0,106.88,3,2,0
2026-09-16 03:36:24,Trung,Viettel,linode_singapore,58.0,81.33,3,2,0
2026-09-16 03:47:15,Trung,Viettel,cloudflare,56.0,32.28,3,2,0
2026-09-16 03:47:15,Trung,Viettel,vultr_singapore,49.0,13.65,3,2,0
2026-09-16 03:47:15,Trung,Viettel,vultr_seoul,230.0,143.01,3,2,0
2026-09-16 03:47:15,Trung,Viettel,linode_singapore,60.0,111.97,3,2,0
2026-09-16 03:57:58,Trung,Viettel,cloudflare,59.0,34.41,3,2,0
2026-09-16 03:57:58,Trung,Viettel,vultr_singapore,49.0,14.27,3,2,0
2026-09-16 03:57:58,Trung,Viettel,vultr_seoul,228.0,119.11,3,2,0
2026-09-16 03:57:58,Trung,Viettel,linode_singapore,57.0,100.13,3,2,0
2026-09-16 04:08:44,Trung,Viettel,cloudflare,55.0,27.64,4,2,0
2026-09-16 04:08:44,Trung,Viettel,vultr_singapore,49.0,72.17,4,2,0
2026-09-16 04:08:44,Trung,Viettel,vultr_seoul,235.0,74.88,4,2,0
2026-09-16 04:08:44,Trung,Viettel,linode_singapore,69.0,80.97,4,2,0
2026-09-16 04:19:36,Trung,Viettel,cloudflare,59.0,26.97,4,2,0
2026-09-16 04:19:36,Trung,Viettel,vultr_singapore,54.0,31.53,4,2,0
2026-09-16 04:19:36,Trung,Viettel,vultr_seoul,248.0,90.6,4,2,0
2026-09-16 04:19:36,Trung,Viettel,linode_singapore,59.0,85.45,4,2,0
2026-09-16 04:30:25,Trung,Viettel,cloudflare,52.0,29.58,4,2,0
2026-09-16 04:30:25,Trung,Viettel,vultr_singapore,47.0,45.92,4,2,0
2026-09-16 04:30:25,Trung,Viettel,vultr_seoul,230.0,116.67,4,2,0
2026-09-16 04:30:25,Trung,Viettel,linode_singapore,59.0,105.11,4,2,0
2026-09-16 04:41:08,Trung,Viettel,cloudflare,53.0,34.12,4,2,0
2026-09-16 04:41:08,Trung,Viettel,vultr_singapore,46.0,14.65,4,2,0
2026-09-16 04:41:08,Trung,Viettel,vultr_seoul,234.0,123.77,4,2,0
2026-09-16 04:41:08,Trung,Viettel,linode_singapore,57.0,92.33,4,2,0
2026-09-16 04:51:53,Trung,Viettel,cloudflare,59.0,29.14,4,2,0
2026-09-16 04:51:53,Trung,Viettel,vultr_singapore,48.0,19.31,4,2,0
2026-09-16 04:51:53,Trung,Viettel,vultr_seoul,229.0,76.29,4,2,0
2026-09-16 04:51:53,Trung,Viettel,linode_singapore,60.0,111.07,4,2,0
2026-09-16 05:02:43,Trung,Viettel,cloudflare,54.0,31.74,5,2,0
2026-09-16 05:02:43,Trung,Viettel,vultr_singapore,49.0,69.73,5,2,0
2026-09-16 05:02:43,Trung,Viettel,vultr_seoul,223.0,93.78,5,2,0
2026-09-16 05:02:43,Trung,Viettel,linode_singapore,59.0,85.94,5,2,0
2026-09-16 05:13:29,Trung,Viettel,cloudflare,82.0,25.36,5,2,0
2026-09-16 05:13:29,Trung,Viettel,vultr_singapore,50.0,14.3,5,2,0
2026-09-16 05:13:29,Trung,Viettel,vultr_seoul,234.0,85.67,5,2,0
2026-09-16 05:13:29,Trung,Viettel,linode_singapore,59.0,100.15,5,2,0
2026-09-16 05:24:17,Trung,Viettel,cloudflare,53.0,33.71,5,2,0
2026-09-16 05:24:17,Trung,Viettel,vultr_singapore,48.0,14.8,5,2,0
2026-09-16 05:24:17,Trung,Viettel,vultr_seoul,233.0,102.74,5,2,0
2026-09-16 05:24:17,Trung,Viettel,linode_singapore,58.0,95.42,5,2,0
2026-09-16 05:35:04,Trung,Viettel,cloudflare,59.0,31.58,5,2,0
2026-09-16 05:35:04,Trung,Viettel,vultr_singapore,50.0,41.48,5,2,0
2026-09-16 05:35:04,Trung,Viettel,vultr_seoul,228.0,114.7,5,2,0
2026-09-16 05:35:04,Trung,Viettel,linode_singapore,58.0,88.02,5,2,0
2026-09-16 05:45:51,Trung,Viettel,cloudflare,57.0,34.64,5,2,0
2026-09-16 05:45:51,Trung,Viettel,vultr_singapore,48.0,15.3,5,2,0
2026-09-16 05:45:51,Trung,Viettel,vultr_seoul,224.0,114.79,5,2,0
2026-09-16 05:45:51,Trung,Viettel,linode_singapore,64.0,81.29,5,2,0
2026-09-16 05:56:38,Trung,Viettel,cloudflare,46.0,32.03,5,2,0
2026-09-16 05:56:38,Trung,Viettel,vultr_singapore,38.0,12.89,5,2,0
2026-09-16 05:56:38,Trung,Viettel,vultr_seoul,229.0,75.55,5,2,0
2026-09-16 05:56:38,Trung,Viettel,linode_singapore,57.0,69.45,5,2,0
2026-09-16 06:07:31,Trung,Viettel,cloudflare,56.0,20.02,6,2,0
2026-09-16 06:07:31,Trung,Viettel,vultr_singapore,55.0,15.65,6,2,0
2026-09-16 06:07:31,Trung,Viettel,vultr_seoul,231.0,110.21,6,2,0
2026-09-16 06:07:31,Trung,Viettel,linode_singapore,66.0,93.84,6,2,0
2026-09-16 06:18:17,Trung,Viettel,cloudflare,60.0,21.16,6,2,0
2026-09-16 06:18:17,Trung,Viettel,vultr_singapore,53.0,14.8,6,2,0
2026-09-16 06:18:17,Trung,Viettel,vultr_seoul,231.0,55.78,6,2,0
2026-09-16 06:18:17,Trung,Viettel,linode_singapore,71.0,60.59,6,2,0
2026-09-16 06:29:15,Trung,Viettel,cloudflare,58.0,34.32,6,2,0
2026-09-16 06:29:15,Trung,Viettel,vultr_singapore,50.0,12.9,6,2,0
2026-09-16 06:29:15,Trung,Viettel,vultr_seoul,231.0,98.04,6,2,0
2026-09-16 06:29:15,Trung,Viettel,linode_singapore,67.0,82.1,6,2,0
2026-09-16 06:40:04,Trung,Viettel,cloudflare,47.0,17.48,6,2,0
2026-09-16 06:40:04,Trung,Viettel,vultr_singapore,49.0,13.95,6,2,0
2026-09-16 06:40:04,Trung,Viettel,vultr_seoul,228.0,119.87,6,2,0
2026-09-16 06:40:04,Trung,Viettel,linode_singapore,58.0,89.16,6,2,0
2026-09-16 06:50:51,Trung,Viettel,cloudflare,47.0,29.01,6,2,0
2026-09-16 06:50:51,Trung,Viettel,vultr_singapore,40.0,15.48,6,2,0
2026-09-16 06:50:51,Trung,Viettel,vultr_seoul,226.0,129.85,6,2,0
2026-09-16 06:50:51,Trung,Viettel,linode_singapore,60.0,92.97,6,2,0
2026-09-16 07:01:36,Trung,Viettel,cloudflare,49.0,28.33,7,2,0
2026-09-16 07:01:36,Trung,Viettel,vultr_singapore,49.0,22.6,7,2,0
2026-09-16 07:01:36,Trung,Viettel,vultr_seoul,227.0,54.36,7,2,0
2026-09-16 07:01:36,Trung,Viettel,linode_singapore,60.0,67.26,7,2,0
2026-09-16 07:12:35,Trung,Viettel,cloudflare,54.0,33.95,7,2,0
2026-09-16 07:12:35,Trung,Viettel,vultr_singapore,47.0,28.11,7,2,0
2026-09-16 07:12:35,Trung,Viettel,vultr_seoul,232.0,113.85,7,2,0
2026-09-16 07:12:35,Trung,Viettel,linode_singapore,58.0,116.62,7,2,0
2026-09-16 07:23:21,Trung,Viettel,cloudflare,49.0,37.86,7,2,0
2026-09-16 07:23:21,Trung,Viettel,vultr_singapore,49.0,14.14,7,2,0
2026-09-16 07:23:21,Trung,Viettel,vultr_seoul,237.0,107.07,7,2,0
2026-09-16 07:23:21,Trung,Viettel,linode_singapore,58.0,106.38,7,2,0
2026-09-16 07:34:06,Trung,Viettel,cloudflare,54.0,29.85,7,2,0
2026-09-16 07:34:06,Trung,Viettel,vultr_singapore,49.0,14.93,7,2,0
2026-09-16 07:34:06,Trung,Viettel,vultr_seoul,234.0,122.54,7,2,0
2026-09-16 07:34:06,Trung,Viettel,linode_singapore,70.0,93.12,7,2,0
2026-09-16 07:44:50,Trung,Viettel,cloudflare,45.0,27.35,7,2,0
2026-09-16 07:44:50,Trung,Viettel,vultr_singapore,36.0,19.78,7,2,0
2026-09-16 07:44:50,Trung,Viettel,vultr_seoul,229.0,23.24,7,2,0
2026-09-16 07:44:50,Trung,Viettel,linode_singapore,58.0,106.69,7,2,0
2026-09-16 07:55:43,Trung,Viettel,cloudflare,58.0,30.25,7,2,0
2026-09-16 07:55:43,Trung,Viettel,vultr_singapore,46.0,14.47,7,2,0
2026-09-16 07:55:43,Trung,Viettel,vultr_seoul,236.0,101.7,7,2,0
2026-09-16 07:55:43,Trung,Viettel,linode_singapore,66.0,85.53,7,2,0
2026-09-16 08:06:30,Trung,Viettel,cloudflare,54.0,27.05,8,2,0
2026-09-16 08:06:30,Trung,Viettel,vultr_singapore,48.0,13.42,8,2,0
2026-09-16 08:06:30,Trung,Viettel,vultr_seoul,226.0,36.48,8,2,0
2026-09-16 08:06:30,Trung,Viettel,linode_singapore,60.0,62.72,8,2,0
2026-09-16 08:17:28,Trung,Viettel,cloudflare,54.0,22.07,8,2,0
2026-09-16 08:17:28,Trung,Viettel,vultr_singapore,52.0,14.67,8,2,0
2026-09-16 08:17:28,Trung,Viettel,vultr_seoul,235.0,51.74,8,2,0
2026-09-16 08:17:28,Trung,Viettel,linode_singapore,94.0,54.74,8,2,0
2026-09-16 08:28:27,Trung,Viettel,cloudflare,54.0,27.11,8,2,0
2026-09-16 08:28:27,Trung,Viettel,vultr_singapore,47.0,19.78,8,2,0
2026-09-16 08:28:27,Trung,Viettel,vultr_seoul,236.0,90.45,8,2,0
2026-09-16 08:28:27,Trung,Viettel,linode_singapore,65.0,81.11,8,2,0
2026-09-16 08:39:15,Trung,Viettel,cloudflare,45.0,30.08,8,2,0
2026-09-16 08:39:15,Trung,Viettel,vultr_singapore,39.0,16.2,8,2,0
2026-09-16 08:39:15,Trung,Viettel,vultr_seoul,237.0,132.2,8,2,0
2026-09-16 08:39:15,Trung,Viettel,linode_singapore,64.0,93.37,8,2,0
2026-09-16 08:50:00,Trung,Viettel,cloudflare,53.0,28.16,8,2,0
2026-09-16 08:50:00,Trung,Viettel,vultr_singapore,48.0,12.78,8,2,0
2026-09-16 08:50:00,Trung,Viettel,vultr_seoul,226.0,75.29,8,2,0
2026-09-16 08:50:00,Trung,Viettel,linode_singapore,68.0,84.08,8,2,0
2026-09-16 09:00:50,Trung,Viettel,cloudflare,57.0,33.68,9,2,0
2026-09-16 09:00:50,Trung,Viettel,vultr_singapore,48.0,20.55,9,2,0
2026-09-16 09:00:50,Trung,Viettel,vultr_seoul,232.0,105.2,9,2,0
2026-09-16 09:00:50,Trung,Viettel,linode_singapore,66.0,102.15,9,2,0
2026-09-16 09:11:36,Trung,Viettel,cloudflare,48.0,18.78,9,2,0
2026-09-16 09:11:36,Trung,Viettel,vultr_singapore,41.0,13.96,9,2,0
2026-09-16 09:11:36,Trung,Viettel,vultr_seoul,234.0,125.87,9,2,0
2026-09-16 09:11:36,Trung,Viettel,linode_singapore,59.0,84.53,9,2,0
2026-09-16 09:22:22,Trung,Viettel,cloudflare,47.0,31.02,9,2,0
2026-09-16 09:22:22,Trung,Viettel,vultr_singapore,36.0,16.98,9,2,0
2026-09-16 09:22:22,Trung,Viettel,vultr_seoul,230.0,97.45,9,2,0
2026-09-16 09:22:22,Trung,Viettel,linode_singapore,67.0,76.66,9,2,0
2026-09-16 09:33:11,Trung,Viettel,cloudflare,55.0,31.58,9,2,0
2026-09-16 09:33:11,Trung,Viettel,vultr_singapore,48.0,14.68,9,2,0
2026-09-16 09:33:11,Trung,Viettel,vultr_seoul,226.0,130.72,9,2,0
2026-09-16 09:33:11,Trung,Viettel,linode_singapore,58.0,75.81,9,2,0
2026-09-16 09:43:58,Trung,Viettel,cloudflare,57.0,30.58,9,2,0
2026-09-16 09:43:58,Trung,Viettel,vultr_singapore,52.0,56.87,9,2,0
2026-09-16 09:43:58,Trung,Viettel,vultr_seoul,231.0,122.71,9,2,0
2026-09-16 09:43:58,Trung,Viettel,linode_singapore,62.0,104.43,9,2,0
2026-09-16 09:54:42,Trung,Viettel,cloudflare,51.0,29.12,9,2,0
2026-09-16 09:54:42,Trung,Viettel,vultr_singapore,38.0,45.19,9,2,0
2026-09-16 09:54:42,Trung,Viettel,vultr_seoul,225.0,71.72,9,2,0
2026-09-16 09:54:42,Trung,Viettel,linode_singapore,46.0,92.94,9,2,0
2026-09-16 10:05:32,Trung,Viettel,cloudflare,57.0,29.07,10,2,0
2026-09-16 10:05:32,Trung,Viettel,vultr_singapore,47.0,19.43,10,2,0
2026-09-16 10:05:32,Trung,Viettel,vultr_seoul,232.0,100.01,10,2,0
2026-09-16 10:05:32,Trung,Viettel,linode_singapore,54.0,81.05,10,2,0
2026-09-16 10:16:19,Trung,Viettel,cloudflare,62.0,21.23,10,2,0
2026-09-16 10:16:19,Trung,Viettel,vultr_singapore,55.0,16.85,10,2,0
2026-09-16 10:16:19,Trung,Viettel,vultr_seoul,245.0,62.09,10,2,0
2026-09-16 10:16:19,Trung,Viettel,linode_singapore,55.0,51.44,10,2,0
2026-09-16 10:27:19,Trung,Viettel,cloudflare,55.0,23.6,10,2,0
2026-09-16 10:27:19,Trung,Viettel,vultr_singapore,47.0,26.76,10,2,0
2026-09-16 10:27:19,Trung,Viettel,vultr_seoul,219.0,125.52,10,2,0
2026-09-16 10:27:19,Trung,Viettel,linode_singapore,52.0,98.56,10,2,0
2026-09-16 10:38:05,Trung,Viettel,cloudflare,57.0,24.41,10,2,0
2026-09-16 10:38:05,Trung,Viettel,vultr_singapore,44.0,13.02,10,2,0
2026-09-16 10:38:05,Trung,Viettel,vultr_seoul,230.0,104.34,10,2,0
2026-09-16 10:38:05,Trung,Viettel,linode_singapore,53.0,69.7,10,2,0
2026-09-16 10:48:57,Trung,Viettel,cloudflare,60.0,30.82,10,2,0
2026-09-16 10:48:57,Trung,Viettel,vultr_singapore,47.0,18.42,10,2,0
2026-09-16 10:48:57,Trung,Viettel,vultr_seoul,228.0,128.33,10,2,0
2026-09-16 10:48:57,Trung,Viettel,linode_singapore,35.0,107.29,10,2,0
2026-09-16 10:59:41,Trung,Viettel,cloudflare,56.0,21.69,10,2,0
2026-09-16 10:59:41,Trung,Viettel,vultr_singapore,49.0,19.54,10,2,0
2026-09-16 10:59:41,Trung,Viettel,vultr_seoul,231.0,75.54,10,2,0
2026-09-16 10:59:41,Trung,Viettel,linode_singapore,55.0,82.33,10,2,0
2026-09-16 11:10:31,Trung,Viettel,cloudflare,53.0,31.03,11,2,0
2026-09-16 11:10:31,Trung,Viettel,vultr_singapore,49.0,19.04,11,2,0
2026-09-16 11:10:31,Trung,Viettel,vultr_seoul,227.0,108.32,11,2,0
2026-09-16 11:10:31,Trung,Viettel,linode_singapore,55.0,91.82,11,2,0
2026-09-16 11:21:20,Trung,Viettel,cloudflare,45.0,34.05,11,2,0
2026-09-16 11:21:20,Trung,Viettel,vultr_singapore,46.0,20.39,11,2,0
2026-09-16 11:21:20,Trung,Viettel,vultr_seoul,227.0,101.26,11,2,0
2026-09-16 11:21:20,Trung,Viettel,linode_singapore,57.0,104.58,11,2,0
2026-09-16 11:32:05,Trung,Viettel,cloudflare,46.0,26.44,11,2,0
2026-09-16 11:32:05,Trung,Viettel,vultr_singapore,37.0,65.47,11,2,0
2026-09-16 11:32:05,Trung,Viettel,vultr_seoul,231.0,125.69,11,2,0
2026-09-16 11:32:05,Trung,Viettel,linode_singapore,58.0,73.43,11,2,0
2026-09-16 11:42:50,Trung,Viettel,cloudflare,59.0,32.0,11,2,0
2026-09-16 11:42:50,Trung,Viettel,vultr_singapore,49.0,13.64,11,2,0
2026-09-16 11:42:50,Trung,Viettel,vultr_seoul,235.0,96.86,11,2,0
2026-09-16 11:42:50,Trung,Viettel,linode_singapore,52.0,65.11,11,2,0
2026-09-16 11:53:40,Trung,Viettel,cloudflare,48.0,33.74,11,2,0
2026-09-16 11:53:40,Trung,Viettel,vultr_singapore,48.0,17.65,11,2,0
2026-09-16 11:53:40,Trung,Viettel,vultr_seoul,236.0,94.9,11,2,0
2026-09-16 11:53:40,Trung,Viettel,linode_singapore,54.0,101.42,11,2,0
2026-09-16 12:04:26,Trung,Viettel,cloudflare,59.0,35.45,12,2,0
2026-09-16 12:04:26,Trung,Viettel,vultr_singapore,49.0,14.38,12,2,0
2026-09-16 12:04:26,Trung,Viettel,vultr_seoul,232.0,130.34,12,2,0
2026-09-16 12:04:26,Trung,Viettel,linode_singapore,52.0,76.07,12,2,0
2026-09-16 12:15:14,Trung,Viettel,cloudflare,57.0,33.85,12,2,0
2026-09-16 12:15:14,Trung,Viettel,vultr_singapore,49.0,14.14,12,2,0
2026-09-16 12:15:14,Trung,Viettel,vultr_seoul,223.0,116.14,12,2,0
2026-09-16 12:15:14,Trung,Viettel,linode_singapore,55.0,95.83,12,2,0
2026-09-16 12:26:01,Trung,Viettel,cloudflare,49.0,33.72,12,2,0
2026-09-16 12:26:01,Trung,Viettel,vultr_singapore,44.0,13.49,12,2,0
2026-09-16 12:26:01,Trung,Viettel,vultr_seoul,226.0,124.62,12,2,0
2026-09-16 12:26:01,Trung,Viettel,linode_singapore,45.0,78.96,12,2,0
2026-09-16 22:32:23,Trung,Viettel,cloudflare,48.0,37.32,22,2,0
2026-09-16 22:32:23,Trung,Viettel,vultr_singapore,46.0,13.39,22,2,0
2026-09-16 22:32:23,Trung,Viettel,vultr_seoul,227.0,105.53,22,2,0
2026-09-16 22:32:23,Trung,Viettel,linode_singapore,44.0,105.1,22,2,0
2026-09-16 22:43:09,Trung,Viettel,cloudflare,36.0,34.37,22,2,0
2026-09-16 22:43:09,Trung,Viettel,vultr_singapore,36.0,13.99,22,2,0
2026-09-16 22:43:09,Trung,Viettel,vultr_seoul,231.0,98.77,22,2,0
2026-09-16 22:43:09,Trung,Viettel,linode_singapore,55.0,113.47,22,2,0
2026-09-16 22:53:54,Trung,Viettel,cloudflare,38.0,33.12,22,2,0
2026-09-16 22:53:54,Trung,Viettel,vultr_singapore,36.0,15.35,22,2,0
2026-09-16 22:53:54,Trung,Viettel,vultr_seoul,226.0,123.31,22,2,0
2026-09-16 22:53:54,Trung,Viettel,linode_singapore,45.0,93.05,22,2,0
2026-09-16 23:04:40,Trung,Viettel,cloudflare,68.0,25.96,23,2,0
2026-09-16 23:04:40,Trung,Viettel,vultr_singapore,64.0,12.7,23,2,0
2026-09-16 23:04:40,Trung,Viettel,vultr_seoul,247.0,73.2,23,2,0
2026-09-16 23:04:40,Trung,Viettel,linode_singapore,47.0,25.41,23,2,0
2026-09-16 23:15:39,Trung,Viettel,cloudflare,55.0,33.78,23,2,0
2026-09-16 23:15:39,Trung,Viettel,vultr_singapore,55.0,14.84,23,2,0
2026-09-16 23:15:39,Trung,Viettel,vultr_seoul,225.0,2.39,23,2,0
2026-09-16 23:15:39,Trung,Viettel,linode_singapore,46.0,77.81,23,2,0
2026-09-16 23:26:36,Trung,Viettel,cloudflare,56.0,23.23,23,2,0
2026-09-16 23:26:36,Trung,Viettel,vultr_singapore,47.0,13.59,23,2,0
2026-09-16 23:26:36,Trung,Viettel,vultr_seoul,227.0,126.14,23,2,0
2026-09-16 23:26:36,Trung,Viettel,linode_singapore,48.0,76.46,23,2,0
2026-09-16 23:37:23,Trung,Viettel,cloudflare,46.0,15.63,23,2,0
2026-09-16 23:37:23,Trung,Viettel,vultr_singapore,37.0,17.97,23,2,0
2026-09-16 23:37:23,Trung,Viettel,vultr_seoul,226.0,112.53,23,2,0
2026-09-16 23:37:23,Trung,Viettel,linode_singapore,42.0,87.1,23,2,0
2026-09-16 23:48:09,Trung,Viettel,cloudflare,54.0,26.64,23,2,0
2026-09-16 23:48:09,Trung,Viettel,vultr_singapore,47.0,29.38,23,2,0
2026-09-16 23:48:09,Trung,Viettel,vultr_seoul,230.0,121.02,23,2,0
2026-09-16 23:48:09,Trung,Viettel,linode_singapore,46.0,86.66,23,2,0
2026-09-16 23:58:59,Trung,Viettel,cloudflare,46.0,36.44,23,2,0
2026-09-16 23:58:59,Trung,Viettel,vultr_singapore,37.0,23.45,23,2,0
2026-09-16 23:58:59,Trung,Viettel,vultr_seoul,224.0,51.0,23,2,0
2026-09-16 23:58:59,Trung,Viettel,linode_singapore,80.0,81.29,23,2,0
2026-09-17 00:09:55,Trung,Viettel,cloudflare,46.0,26.87,0,3,0
2026-09-17 00:09:55,Trung,Viettel,vultr_singapore,35.0,13.69,0,3,0
2026-09-17 00:09:55,Trung,Viettel,vultr_seoul,225.0,108.22,0,3,0
2026-09-17 00:09:55,Trung,Viettel,linode_singapore,43.0,84.94,0,3,0
2026-09-17 00:20:45,Trung,Viettel,cloudflare,46.0,26.31,0,3,0
2026-09-17 00:20:45,Trung,Viettel,vultr_singapore,37.0,18.2,0,3,0
2026-09-17 00:20:45,Trung,Viettel,vultr_seoul,226.0,2.34,0,3,0
2026-09-17 00:20:45,Trung,Viettel,linode_singapore,42.0,82.03,0,3,0
2026-09-17 00:31:40,Trung,Viettel,cloudflare,57.0,32.52,0,3,0
2026-09-17 00:31:40,Trung,Viettel,vultr_singapore,47.0,12.95,0,3,0
2026-09-17 00:31:40,Trung,Viettel,vultr_seoul,226.0,118.51,0,3,0
2026-09-17 00:31:40,Trung,Viettel,linode_singapore,52.0,90.83,0,3,0
2026-09-17 00:42:26,Trung,Viettel,cloudflare,56.0,36.97,0,3,0
2026-09-17 00:42:26,Trung,Viettel,vultr_singapore,47.0,43.91,0,3,0
2026-09-17 00:42:26,Trung,Viettel,vultr_seoul,232.0,96.44,0,3,0
2026-09-17 00:42:26,Trung,Viettel,linode_singapore,53.0,61.47,0,3,0
2026-09-17 00:53:18,Trung,Viettel,cloudflare,46.0,26.39,0,3,0
2026-09-17 00:53:18,Trung,Viettel,vultr_singapore,47.0,14.14,0,3,0
2026-09-17 00:53:18,Trung,Viettel,vultr_seoul,229.0,127.43,0,3,0
2026-09-17 00:53:18,Trung,Viettel,linode_singapore,43.0,100.41,0,3,0
2026-09-17 01:04:02,Trung,Viettel,cloudflare,58.0,27.89,1,3,0
2026-09-17 01:04:02,Trung,Viettel,vultr_singapore,46.0,14.71,1,3,0
2026-09-17 01:04:02,Trung,Viettel,vultr_seoul,226.0,127.62,1,3,0
2026-09-17 01:04:02,Trung,Viettel,linode_singapore,53.0,73.23,1,3,0
2026-09-17 01:14:50,Trung,Viettel,cloudflare,48.0,32.28,1,3,0
2026-09-17 01:14:50,Trung,Viettel,vultr_singapore,36.0,41.25,1,3,0
2026-09-17 01:14:50,Trung,Viettel,vultr_seoul,227.0,2.64,1,3,0
2026-09-17 01:14:50,Trung,Viettel,linode_singapore,55.0,82.3,1,3,0
2026-09-17 01:25:44,Trung,Viettel,cloudflare,46.0,34.84,1,3,0
2026-09-17 01:25:44,Trung,Viettel,vultr_singapore,36.0,36.97,1,3,0
2026-09-17 01:25:44,Trung,Viettel,vultr_seoul,232.0,120.0,1,3,0
2026-09-17 01:25:44,Trung,Viettel,linode_singapore,50.0,80.14,1,3,0
2026-09-17 01:36:32,Trung,Viettel,cloudflare,55.0,28.65,1,3,0
2026-09-17 01:36:32,Trung,Viettel,vultr_singapore,47.0,15.65,1,3,0
2026-09-17 01:36:32,Trung,Viettel,vultr_seoul,229.0,120.98,1,3,0
2026-09-17 01:36:32,Trung,Viettel,linode_singapore,44.0,69.41,1,3,0
2026-09-17 01:47:19,Trung,Viettel,cloudflare,56.0,28.41,1,3,0
2026-09-17 01:47:19,Trung,Viettel,vultr_singapore,48.0,14.97,1,3,0
2026-09-17 01:47:19,Trung,Viettel,vultr_seoul,222.0,124.75,1,3,0
2026-09-17 01:47:19,Trung,Viettel,linode_singapore,50.0,75.4,1,3,0
2026-09-17 01:58:08,Trung,Viettel,cloudflare,55.0,24.75,1,3,0
2026-09-17 01:58:08,Trung,Viettel,vultr_singapore,48.0,13.2,1,3,0
2026-09-17 01:58:08,Trung,Viettel,vultr_seoul,232.0,58.66,1,3,0
2026-09-17 01:58:08,Trung,Viettel,linode_singapore,45.0,105.9,1,3,0
2026-09-17 02:09:00,Trung,Viettel,cloudflare,60.0,31.96,2,3,0
2026-09-17 02:09:00,Trung,Viettel,vultr_singapore,52.0,12.71,2,3,0
2026-09-17 02:09:00,Trung,Viettel,vultr_seoul,240.0,102.68,2,3,0
2026-09-17 02:09:00,Trung,Viettel,linode_singapore,44.0,85.44,2,3,0
2026-09-17 02:19:49,Trung,Viettel,cloudflare,56.0,27.61,2,3,0
2026-09-17 02:19:49,Trung,Viettel,vultr_singapore,48.0,18.61,2,3,0
2026-09-17 02:19:49,Trung,Viettel,vultr_seoul,227.0,96.27,2,3,0
2026-09-17 02:19:49,Trung,Viettel,linode_singapore,47.0,82.53,2,3,0
2026-09-17 02:30:38,Trung,Viettel,cloudflare,51.0,25.98,2,3,0
2026-09-17 02:30:38,Trung,Viettel,vultr_singapore,48.0,12.91,2,3,0
2026-09-17 02:30:38,Trung,Viettel,vultr_seoul,230.0,101.96,2,3,0
2026-09-17 02:30:38,Trung,Viettel,linode_singapore,51.0,94.87,2,3,0
2026-09-17 02:41:26,Trung,Viettel,cloudflare,46.0,27.32,2,3,0
2026-09-17 02:41:26,Trung,Viettel,vultr_singapore,37.0,14.72,2,3,0
2026-09-17 02:41:26,Trung,Viettel,vultr_seoul,231.0,127.32,2,3,0
2026-09-17 02:41:26,Trung,Viettel,linode_singapore,51.0,72.8,2,3,0
2026-09-17 02:52:13,Trung,Viettel,cloudflare,83.0,27.15,2,3,0
2026-09-17 02:52:13,Trung,Viettel,vultr_singapore,47.0,15.55,2,3,0
2026-09-17 02:52:13,Trung,Viettel,vultr_seoul,227.0,114.31,2,3,0
2026-09-17 02:52:13,Trung,Viettel,linode_singapore,43.0,102.67,2,3,0
2026-09-17 03:02:59,Trung,Viettel,cloudflare,55.0,36.49,3,3,0
2026-09-17 03:02:59,Trung,Viettel,vultr_singapore,47.0,15.91,3,3,0
2026-09-17 03:02:59,Trung,Viettel,vultr_seoul,230.0,85.9,3,3,0
2026-09-17 03:02:59,Trung,Viettel,linode_singapore,49.0,86.79,3,3,0
2026-09-17 03:13:47,Trung,Viettel,cloudflare,55.0,29.59,3,3,0
2026-09-17 03:13:47,Trung,Viettel,vultr_singapore,49.0,39.38,3,3,0
2026-09-17 03:13:47,Trung,Viettel,vultr_seoul,224.0,102.05,3,3,0
2026-09-17 03:13:47,Trung,Viettel,linode_singapore,48.0,72.93,3,3,0
2026-09-17 03:24:35,Trung,Viettel,cloudflare,55.0,36.18,3,3,0
2026-09-17 03:24:35,Trung,Viettel,vultr_singapore,48.0,28.69,3,3,0
2026-09-17 03:24:35,Trung,Viettel,vultr_seoul,224.0,125.28,3,3,0
2026-09-17 03:24:35,Trung,Viettel,linode_singapore,52.0,77.42,3,3,0
2026-09-17 03:35:23,Trung,Viettel,cloudflare,55.0,27.67,3,3,0
2026-09-17 03:35:23,Trung,Viettel,vultr_singapore,48.0,13.94,3,3,0
2026-09-17 03:35:23,Trung,Viettel,vultr_seoul,226.0,116.82,3,3,0
2026-09-17 03:35:23,Trung,Viettel,linode_singapore,55.0,79.22,3,3,0
2026-09-17 03:46:09,Trung,Viettel,cloudflare,57.0,30.18,3,3,0
2026-09-17 03:46:09,Trung,Viettel,vultr_singapore,47.0,72.67,3,3,0
2026-09-17 03:46:09,Trung,Viettel,vultr_seoul,226.0,110.0,3,3,0
2026-09-17 03:46:09,Trung,Viettel,linode_singapore,53.0,84.19,3,3,0
2026-09-17 03:56:52,Trung,Viettel,cloudflare,48.0,31.41,3,3,0
2026-09-17 03:56:52,Trung,Viettel,vultr_singapore,38.0,48.6,3,3,0
2026-09-17 03:56:52,Trung,Viettel,vultr_seoul,289.0,80.35,3,3,0
2026-09-17 03:56:52,Trung,Viettel,linode_singapore,46.0,81.23,3,3,0
2026-09-17 04:07:42,Trung,Viettel,cloudflare,57.0,28.25,4,3,0
2026-09-17 04:07:42,Trung,Viettel,vultr_singapore,57.0,19.4,4,3,0
2026-09-17 04:07:42,Trung,Viettel,vultr_seoul,230.0,69.4,4,3,0
2026-09-17 04:07:42,Trung,Viettel,linode_singapore,46.0,45.58,4,3,0
2026-09-17 04:18:41,Trung,Viettel,cloudflare,57.0,27.65,4,3,0
2026-09-17 04:18:41,Trung,Viettel,vultr_singapore,47.0,18.83,4,3,0
2026-09-17 04:18:41,Trung,Viettel,vultr_seoul,224.0,42.75,4,3,0
2026-09-17 04:18:41,Trung,Viettel,linode_singapore,57.0,103.39,4,3,0
2026-09-17 04:29:37,Trung,Viettel,cloudflare,57.0,31.58,4,3,0
2026-09-17 04:29:37,Trung,Viettel,vultr_singapore,47.0,13.07,4,3,0
2026-09-17 04:29:37,Trung,Viettel,vultr_seoul,232.0,18.01,4,3,0
2026-09-17 04:29:37,Trung,Viettel,linode_singapore,45.0,72.0,4,3,0
2026-09-17 04:40:34,Trung,Viettel,cloudflare,55.0,33.1,4,3,0
2026-09-17 04:40:34,Trung,Viettel,vultr_singapore,48.0,13.94,4,3,0
2026-09-17 04:40:34,Trung,Viettel,vultr_seoul,236.0,127.52,4,3,0
2026-09-17 04:40:34,Trung,Viettel,linode_singapore,53.0,106.52,4,3,0
2026-09-17 04:51:18,Trung,Viettel,cloudflare,54.0,34.74,4,3,0
2026-09-17 04:51:18,Trung,Viettel,vultr_singapore,47.0,36.86,4,3,0
2026-09-17 04:51:18,Trung,Viettel,vultr_seoul,232.0,59.2,4,3,0
2026-09-17 04:51:18,Trung,Viettel,linode_singapore,52.0,80.65,4,3,0
2026-09-17 05:02:12,Trung,Viettel,cloudflare,55.0,33.29,5,3,0
2026-09-17 05:02:12,Trung,Viettel,vultr_singapore,48.0,13.43,5,3,0
2026-09-17 05:02:12,Trung,Viettel,vultr_seoul,227.0,107.47,5,3,0
2026-09-17 05:02:12,Trung,Viettel,linode_singapore,45.0,79.45,5,3,0
2026-09-17 05:13:00,Trung,Viettel,cloudflare,56.0,28.3,5,3,0
2026-09-17 05:13:00,Trung,Viettel,vultr_singapore,47.0,18.38,5,3,0
2026-09-17 05:13:00,Trung,Viettel,vultr_seoul,230.0,129.53,5,3,0
2026-09-17 05:13:00,Trung,Viettel,linode_singapore,55.0,94.9,5,3,0
2026-09-17 05:23:46,Trung,Viettel,cloudflare,48.0,34.34,5,3,0
2026-09-17 05:23:46,Trung,Viettel,vultr_singapore,37.0,17.51,5,3,0
2026-09-17 05:23:46,Trung,Viettel,vultr_seoul,230.0,135.58,5,3,0
2026-09-17 05:23:46,Trung,Viettel,linode_singapore,42.0,98.31,5,3,0
2026-09-17 05:34:32,Trung,Viettel,cloudflare,55.0,26.87,5,3,0
2026-09-17 05:34:32,Trung,Viettel,vultr_singapore,47.0,60.06,5,3,0
2026-09-17 05:34:32,Trung,Viettel,vultr_seoul,237.0,111.75,5,3,0
2026-09-17 05:34:32,Trung,Viettel,linode_singapore,57.0,75.07,5,3,0
2026-09-17 05:45:20,Trung,Viettel,cloudflare,55.0,26.02,5,3,0
2026-09-17 05:45:20,Trung,Viettel,vultr_singapore,47.0,14.81,5,3,0
2026-09-17 05:45:20,Trung,Viettel,vultr_seoul,235.0,133.68,5,3,0
2026-09-17 05:45:20,Trung,Viettel,linode_singapore,54.0,108.1,5,3,0
2026-09-17 05:56:05,Trung,Viettel,cloudflare,56.0,31.46,5,3,0
2026-09-17 05:56:05,Trung,Viettel,vultr_singapore,47.0,15.49,5,3,0
2026-09-17 05:56:05,Trung,Viettel,vultr_seoul,227.0,20.5,5,3,0
2026-09-17 05:56:05,Trung,Viettel,linode_singapore,49.0,72.63,5,3,0
2026-09-17 06:07:05,Trung,Viettel,cloudflare,55.0,36.67,6,3,0
2026-09-17 06:07:05,Trung,Viettel,vultr_singapore,47.0,12.79,6,3,0
2026-09-17 06:07:05,Trung,Viettel,vultr_seoul,245.0,116.87,6,3,0
2026-09-17 06:07:05,Trung,Viettel,linode_singapore,54.0,86.7,6,3,0
2026-09-17 06:17:51,Trung,Viettel,cloudflare,57.0,33.71,6,3,0
2026-09-17 06:17:51,Trung,Viettel,vultr_singapore,47.0,46.93,6,3,0
2026-09-17 06:17:51,Trung,Viettel,vultr_seoul,225.0,86.69,6,3,0
2026-09-17 06:17:51,Trung,Viettel,linode_singapore,58.0,92.81,6,3,0
2026-09-17 06:28:39,Trung,Viettel,cloudflare,56.0,29.19,6,3,0
2026-09-17 06:28:39,Trung,Viettel,vultr_singapore,48.0,92.45,6,3,0
2026-09-17 06:28:39,Trung,Viettel,vultr_seoul,232.0,128.87,6,3,0
2026-09-17 06:28:39,Trung,Viettel,linode_singapore,51.0,66.63,6,3,0
2026-09-17 06:39:22,Trung,Viettel,cloudflare,46.0,27.45,6,3,0
2026-09-17 06:39:22,Trung,Viettel,vultr_singapore,38.0,13.28,6,3,0
2026-09-17 06:39:22,Trung,Viettel,vultr_seoul,225.0,42.44,6,3,0
2026-09-17 06:39:22,Trung,Viettel,linode_singapore,50.0,93.05,6,3,0
2026-09-17 06:50:16,Trung,Viettel,cloudflare,54.0,36.38,6,3,0
2026-09-17 06:50:16,Trung,Viettel,vultr_singapore,47.0,32.46,6,3,0
2026-09-17 06:50:16,Trung,Viettel,vultr_seoul,224.0,129.61,6,3,0
2026-09-17 06:50:16,Trung,Viettel,linode_singapore,50.0,72.88,6,3,0
2026-09-17 07:01:02,Trung,Viettel,cloudflare,55.0,27.3,7,3,0
2026-09-17 07:01:02,Trung,Viettel,vultr_singapore,47.0,18.45,7,3,0
2026-09-17 07:01:02,Trung,Viettel,vultr_seoul,222.0,95.87,7,3,0
2026-09-17 07:01:02,Trung,Viettel,linode_singapore,44.0,84.69,7,3,0
2026-09-17 07:11:50,Trung,Viettel,cloudflare,40.0,31.52,7,3,0
2026-09-17 07:11:50,Trung,Viettel,vultr_singapore,36.0,13.86,7,3,0
2026-09-17 07:11:50,Trung,Viettel,vultr_seoul,230.0,69.14,7,3,0
2026-09-17 07:11:50,Trung,Viettel,linode_singapore,37.0,111.15,7,3,0
2026-09-17 07:22:41,Trung,Viettel,cloudflare,45.0,29.2,7,3,0
2026-09-17 07:22:41,Trung,Viettel,vultr_singapore,36.0,89.58,7,3,0
2026-09-17 07:22:41,Trung,Viettel,vultr_seoul,236.0,113.09,7,3,0
2026-09-17 07:22:41,Trung,Viettel,linode_singapore,44.0,103.93,7,3,0
2026-09-17 07:33:22,Trung,Viettel,cloudflare,50.0,27.43,7,3,0
2026-09-17 07:33:22,Trung,Viettel,vultr_singapore,47.0,17.3,7,3,0
2026-09-17 07:33:22,Trung,Viettel,vultr_seoul,231.0,101.82,7,3,0
2026-09-17 07:33:22,Trung,Viettel,linode_singapore,52.0,113.03,7,3,0
2026-09-17 07:44:08,Trung,Viettel,cloudflare,54.0,33.13,7,3,0
2026-09-17 07:44:08,Trung,Viettel,vultr_singapore,48.0,20.86,7,3,0
2026-09-17 07:44:08,Trung,Viettel,vultr_seoul,227.0,108.21,7,3,0
2026-09-17 07:44:08,Trung,Viettel,linode_singapore,43.0,81.33,7,3,0
2026-09-17 07:54:54,Trung,Viettel,cloudflare,55.0,30.53,7,3,0
2026-09-17 07:54:54,Trung,Viettel,vultr_singapore,47.0,18.36,7,3,0
2026-09-17 07:54:54,Trung,Viettel,vultr_seoul,253.0,59.19,7,3,0
2026-09-17 07:54:54,Trung,Viettel,linode_singapore,48.0,77.63,7,3,0
2026-09-17 08:05:49,Trung,Viettel,cloudflare,57.0,22.2,8,3,0
2026-09-17 08:05:49,Trung,Viettel,vultr_singapore,51.0,17.6,8,3,0
2026-09-17 08:05:49,Trung,Viettel,vultr_seoul,239.0,69.47,8,3,0
2026-09-17 08:05:49,Trung,Viettel,linode_singapore,54.0,69.28,8,3,0
2026-09-17 08:16:42,Trung,Viettel,cloudflare,47.0,30.64,8,3,0
2026-09-17 08:16:42,Trung,Viettel,vultr_singapore,38.0,43.75,8,3,0
2026-09-17 08:16:42,Trung,Viettel,vultr_seoul,231.0,109.28,8,3,0
2026-09-17 08:16:42,Trung,Viettel,linode_singapore,55.0,71.96,8,3,0
2026-09-17 08:27:30,Trung,Viettel,cloudflare,45.0,14.97,8,3,0
2026-09-17 08:27:30,Trung,Viettel,vultr_singapore,36.0,20.24,8,3,0
2026-09-17 08:27:30,Trung,Viettel,vultr_seoul,226.0,127.92,8,3,0
2026-09-17 08:27:30,Trung,Viettel,linode_singapore,47.0,69.45,8,3,0
2026-09-17 08:38:19,Trung,Viettel,cloudflare,53.0,23.44,8,3,0
2026-09-17 08:38:19,Trung,Viettel,vultr_singapore,48.0,14.83,8,3,0
2026-09-17 08:38:19,Trung,Viettel,vultr_seoul,238.0,113.65,8,3,0
2026-09-17 08:38:19,Trung,Viettel,linode_singapore,51.0,88.82,8,3,0
2026-09-17 08:49:04,Trung,Viettel,cloudflare,55.0,33.2,8,3,0
2026-09-17 08:49:04,Trung,Viettel,vultr_singapore,47.0,14.4,8,3,0
2026-09-17 08:49:04,Trung,Viettel,vultr_seoul,234.0,124.15,8,3,0
2026-09-17 08:49:04,Trung,Viettel,linode_singapore,48.0,82.86,8,3,0
2026-09-17 08:59:51,Trung,Viettel,cloudflare,49.0,32.6,8,3,0
2026-09-17 08:59:51,Trung,Viettel,vultr_singapore,45.0,14.23,8,3,0
2026-09-17 08:59:51,Trung,Viettel,vultr_seoul,226.0,6.29,8,3,0
2026-09-17 08:59:51,Trung,Viettel,linode_singapore,36.0,74.5,8,3,0
2026-09-17 09:10:51,Trung,Viettel,cloudflare,45.0,33.62,9,3,0
2026-09-17 09:10:51,Trung,Viettel,vultr_singapore,38.0,29.55,9,3,0
2026-09-17 09:10:51,Trung,Viettel,vultr_seoul,233.0,96.96,9,3,0
2026-09-17 09:10:51,Trung,Viettel,linode_singapore,50.0,116.66,9,3,0
2026-09-17 09:21:35,Trung,Viettel,cloudflare,55.0,33.51,9,3,0
2026-09-17 09:21:35,Trung,Viettel,vultr_singapore,48.0,14.58,9,3,0
2026-09-17 09:21:35,Trung,Viettel,vultr_seoul,230.0,2.44,9,3,0
2026-09-17 09:21:35,Trung,Viettel,linode_singapore,52.0,80.05,9,3,0
2026-09-17 09:32:30,Trung,Viettel,cloudflare,55.0,26.83,9,3,0
2026-09-17 09:32:30,Trung,Viettel,vultr_singapore,47.0,51.58,9,3,0
2026-09-17 09:32:30,Trung,Viettel,vultr_seoul,230.0,66.33,9,3,0
2026-09-17 09:32:30,Trung,Viettel,linode_singapore,55.0,91.14,9,3,0
2026-09-17 09:43:22,Trung,Viettel,cloudflare,55.0,22.15,9,3,0
2026-09-17 09:43:22,Trung,Viettel,vultr_singapore,48.0,19.23,9,3,0
2026-09-17 09:43:22,Trung,Viettel,vultr_seoul,234.0,125.01,9,3,0
2026-09-17 09:43:22,Trung,Viettel,linode_singapore,57.0,67.7,9,3,0
2026-09-17 09:54:11,Trung,Viettel,cloudflare,57.0,19.83,9,3,0
2026-09-17 09:54:11,Trung,Viettel,vultr_singapore,47.0,65.01,9,3,0
2026-09-17 09:54:11,Trung,Viettel,vultr_seoul,232.0,19.51,9,3,0
2026-09-17 09:54:11,Trung,Viettel,linode_singapore,55.0,79.0,9,3,0
2026-09-17 10:05:04,Trung,Viettel,cloudflare,56.0,32.55,10,3,0
2026-09-17 10:05:04,Trung,Viettel,vultr_singapore,47.0,15.67,10,3,0
2026-09-17 10:05:04,Trung,Viettel,vultr_seoul,231.0,59.82,10,3,0
2026-09-17 10:05:04,Trung,Viettel,linode_singapore,51.0,76.14,10,3,0
2026-09-17 10:16:00,Trung,Viettel,cloudflare,48.0,29.36,10,3,0
2026-09-17 10:16:00,Trung,Viettel,vultr_singapore,52.0,12.91,10,3,0
2026-09-17 10:16:00,Trung,Viettel,vultr_seoul,232.0,97.99,10,3,0
2026-09-17 10:16:00,Trung,Viettel,linode_singapore,47.0,83.75,10,3,0
2026-09-17 10:26:48,Trung,Viettel,cloudflare,49.0,34.8,10,3,0
2026-09-17 10:26:48,Trung,Viettel,vultr_singapore,38.0,15.53,10,3,0
2026-09-17 10:26:48,Trung,Viettel,vultr_seoul,231.0,70.26,10,3,0
2026-09-17 10:26:48,Trung,Viettel,linode_singapore,52.0,66.63,10,3,0
2026-09-17 10:37:41,Trung,Viettel,cloudflare,51.0,31.71,10,3,0
2026-09-17 10:37:41,Trung,Viettel,vultr_singapore,44.0,18.7,10,3,0
2026-09-17 10:37:41,Trung,Viettel,vultr_seoul,269.0,138.44,10,3,0
2026-09-17 10:37:41,Trung,Viettel,linode_singapore,43.0,97.88,10,3,0
2026-09-17 10:48:24,Trung,Viettel,cloudflare,53.0,30.76,10,3,0
2026-09-17 10:48:24,Trung,Viettel,vultr_singapore,48.0,60.51,10,3,0
2026-09-17 10:48:24,Trung,Viettel,vultr_seoul,229.0,108.87,10,3,0
2026-09-17 10:48:24,Trung,Viettel,linode_singapore,45.0,78.63,10,3,0
2026-09-17 10:59:11,Trung,Viettel,cloudflare,56.0,30.57,10,3,0
2026-09-17 10:59:11,Trung,Viettel,vultr_singapore,44.0,14.53,10,3,0
2026-09-17 10:59:11,Trung,Viettel,vultr_seoul,231.0,90.12,10,3,0
2026-09-17 10:59:11,Trung,Viettel,linode_singapore,53.0,89.46,10,3,0
2026-09-17 22:37:17,Trung,Viettel,cloudflare,53.0,30.78,22,3,0
2026-09-17 22:37:17,Trung,Viettel,vultr_singapore,45.0,19.97,22,3,0
2026-09-17 22:37:17,Trung,Viettel,vultr_seoul,270.0,107.49,22,3,0
2026-09-17 22:37:17,Trung,Viettel,linode_singapore,62.0,66.69,22,3,0
2026-09-17 22:48:06,Trung,Viettel,cloudflare,57.0,24.68,22,3,0
2026-09-17 22:48:06,Trung,Viettel,vultr_singapore,48.0,18.52,22,3,0
2026-09-17 22:48:06,Trung,Viettel,vultr_seoul,240.0,80.95,22,3,0
2026-09-17 22:48:06,Trung,Viettel,linode_singapore,60.0,49.75,22,3,0
2026-09-17 22:59:01,Trung,Viettel,cloudflare,56.0,34.3,22,3,0
2026-09-17 22:59:01,Trung,Viettel,vultr_singapore,47.0,12.59,22,3,0
2026-09-17 22:59:01,Trung,Viettel,vultr_seoul,227.0,1.95,22,3,0
2026-09-17 22:59:01,Trung,Viettel,linode_singapore,65.0,107.6,22,3,0
2026-09-17 23:09:54,Trung,Viettel,cloudflare,46.0,32.71,23,3,0
2026-09-17 23:09:54,Trung,Viettel,vultr_singapore,38.0,71.42,23,3,0
2026-09-17 23:09:54,Trung,Viettel,vultr_seoul,226.0,133.39,23,3,0
2026-09-17 23:09:54,Trung,Viettel,linode_singapore,64.0,73.06,23,3,0
2026-09-17 23:20:39,Trung,Viettel,cloudflare,36.0,32.48,23,3,0
2026-09-17 23:20:39,Trung,Viettel,vultr_singapore,37.0,15.2,23,3,0
2026-09-17 23:20:39,Trung,Viettel,vultr_seoul,271.0,93.75,23,3,0
2026-09-17 23:20:39,Trung,Viettel,linode_singapore,56.0,79.48,23,3,0
2026-09-17 23:31:29,Trung,Viettel,cloudflare,45.0,29.24,23,3,0
2026-09-17 23:31:29,Trung,Viettel,vultr_singapore,38.0,17.07,23,3,0
2026-09-17 23:31:29,Trung,Viettel,vultr_seoul,230.0,117.55,23,3,0
2026-09-17 23:31:29,Trung,Viettel,linode_singapore,56.0,70.86,23,3,0
2026-09-17 23:42:17,Trung,Viettel,cloudflare,45.0,26.44,23,3,0
2026-09-17 23:42:17,Trung,Viettel,vultr_singapore,37.0,13.72,23,3,0
2026-09-17 23:42:17,Trung,Viettel,vultr_seoul,232.0,123.28,23,3,0
2026-09-17 23:42:17,Trung,Viettel,linode_singapore,65.0,88.77,23,3,0
2026-09-17 23:53:03,Trung,Viettel,cloudflare,46.0,28.92,23,3,0
2026-09-17 23:53:03,Trung,Viettel,vultr_singapore,37.0,13.99,23,3,0
2026-09-17 23:53:03,Trung,Viettel,vultr_seoul,240.0,60.89,23,3,0
2026-09-17 23:53:03,Trung,Viettel,linode_singapore,78.0,41.39,23,3,0
2026-09-18 00:04:01,Trung,Viettel,cloudflare,55.0,34.73,0,4,0
2026-09-18 00:04:01,Trung,Viettel,vultr_singapore,47.0,18.2,0,4,0
2026-09-18 00:04:01,Trung,Viettel,vultr_seoul,230.0,92.56,0,4,0
2026-09-18 00:04:01,Trung,Viettel,linode_singapore,62.0,74.22,0,4,0
2026-09-18 00:14:50,Trung,Viettel,cloudflare,57.0,26.59,0,4,0
2026-09-18 00:14:50,Trung,Viettel,vultr_singapore,46.0,13.57,0,4,0
2026-09-18 00:14:50,Trung,Viettel,vultr_seoul,234.0,100.36,0,4,0
2026-09-18 00:14:50,Trung,Viettel,linode_singapore,64.0,85.86,0,4,0
2026-09-18 00:25:40,Trung,Viettel,cloudflare,39.0,34.1,0,4,0
2026-09-18 00:25:40,Trung,Viettel,vultr_singapore,38.0,18.65,0,4,0
2026-09-18 00:25:40,Trung,Viettel,vultr_seoul,230.0,129.3,0,4,0
2026-09-18 00:25:40,Trung,Viettel,linode_singapore,66.0,82.13,0,4,0
2026-09-18 00:36:26,Trung,Viettel,cloudflare,57.0,33.41,0,4,0
2026-09-18 00:36:26,Trung,Viettel,vultr_singapore,47.0,18.39,0,4,0
2026-09-18 00:36:26,Trung,Viettel,vultr_seoul,227.0,135.09,0,4,0
2026-09-18 00:36:26,Trung,Viettel,linode_singapore,64.0,92.92,0,4,0
2026-09-18 00:47:12,Trung,Viettel,cloudflare,56.0,23.93,0,4,0
2026-09-18 00:47:12,Trung,Viettel,vultr_singapore,50.0,14.11,0,4,0
2026-09-18 00:47:12,Trung,Viettel,vultr_seoul,227.0,85.92,0,4,0
2026-09-18 00:47:12,Trung,Viettel,linode_singapore,67.0,39.18,0,4,0
2026-09-18 00:58:07,Trung,Viettel,cloudflare,54.0,34.5,0,4,0
2026-09-18 00:58:07,Trung,Viettel,vultr_singapore,46.0,13.21,0,4,0
2026-09-18 00:58:07,Trung,Viettel,vultr_seoul,229.0,76.41,0,4,0
2026-09-18 00:58:07,Trung,Viettel,linode_singapore,56.0,74.93,0,4,0
2026-09-18 01:08:59,Trung,Viettel,cloudflare,48.0,31.69,1,4,0
2026-09-18 01:08:59,Trung,Viettel,vultr_singapore,47.0,63.86,1,4,0
2026-09-18 01:08:59,Trung,Viettel,vultr_seoul,234.0,101.95,1,4,0
2026-09-18 01:08:59,Trung,Viettel,linode_singapore,64.0,105.16,1,4,0
2026-09-18 01:19:41,Trung,Viettel,cloudflare,57.0,34.43,1,4,0
2026-09-18 01:19:41,Trung,Viettel,vultr_singapore,52.0,18.3,1,4,0
2026-09-18 01:19:41,Trung,Viettel,vultr_seoul,231.0,70.02,1,4,0
2026-09-18 01:19:41,Trung,Viettel,linode_singapore,66.0,79.3,1,4,0
2026-09-18 01:30:35,Trung,Viettel,cloudflare,44.0,34.53,1,4,0
2026-09-18 01:30:35,Trung,Viettel,vultr_singapore,37.0,18.58,1,4,0
2026-09-18 01:30:35,Trung,Viettel,vultr_seoul,223.0,141.76,1,4,0
2026-09-18 01:30:35,Trung,Viettel,linode_singapore,66.0,107.32,1,4,0
2026-09-18 01:41:17,Trung,Viettel,cloudflare,36.0,33.96,1,4,0
2026-09-18 01:41:17,Trung,Viettel,vultr_singapore,37.0,15.83,1,4,0
2026-09-18 01:41:17,Trung,Viettel,vultr_seoul,228.0,115.91,1,4,0
2026-09-18 01:41:17,Trung,Viettel,linode_singapore,65.0,71.8,1,4,0
