timestamp,vung_dia_ly,isp,pop_id,latency_ms,throughput_mbps
2026-09-05T08:52:24,Nam,VNPT,cloudflare,52.0,10.14
2026-09-05T08:52:24,Nam,VNPT,vultr_singapore,48.0,0.76
2026-09-05T08:52:24,Nam,VNPT,vultr_seoul,100.0,149.17
2026-09-05T08:52:24,Nam,VNPT,linode_singapore,42.0,206.71
2026-09-05T09:01:17,Nam,VNPT,cloudflare,45.0,19.86
2026-09-05T09:01:17,Nam,VNPT,vultr_singapore,67.0,0.37
2026-09-05T09:01:17,Nam,VNPT,vultr_seoul,136.0,0.24
2026-09-05T09:01:17,Nam,VNPT,linode_singapore,43.0,100.04
2026-09-05T09:02:25,Nam,VNPT,cloudflare,48.0,2.01
2026-09-05T09:02:25,Nam,VNPT,vultr_singapore,47.0,0.37
2026-09-05T09:02:25,Nam,VNPT,vultr_seoul,80.0,7.68
2026-09-05T09:02:25,Nam,VNPT,linode_singapore,40.0,10.77
2026-09-05T09:03:55,Nam,VNPT,cloudflare,54.0,31.59
2026-09-05T09:03:55,Nam,VNPT,vultr_singapore,61.0,42.54
2026-09-05T09:03:55,Nam,VNPT,vultr_seoul,82.0,22.47
2026-09-05T09:03:55,Nam,VNPT,linode_singapore,55.0,9.17
2026-09-11T18:46:53,Nam,VNPT,cloudflare,54.0,0.92
2026-09-11T18:46:53,Nam,VNPT,vultr_singapore,206.0,2.69
2026-09-11T18:46:53,Nam,VNPT,vultr_seoul,83.0,62.35
2026-09-11T18:46:53,Nam,VNPT,linode_singapore,48.0,151.38
2026-09-12T22:01:59,Nam,VNPT,cloudflare,54.0,1.16
2026-09-12T22:01:59,Nam,VNPT,vultr_singapore,204.0,2.64
2026-09-12T22:01:59,Nam,VNPT,vultr_seoul,81.0,9.35
2026-09-12T22:01:59,Nam,VNPT,linode_singapore,50.0,164.68
2026-09-12T22:20:57,Nam,VNPT,cloudflare,52.0,2.07
2026-09-12T22:20:57,Nam,VNPT,vultr_singapore,213.0,2.57
2026-09-12T22:20:57,Nam,VNPT,vultr_seoul,80.0,25.3
2026-09-12T22:20:57,Nam,VNPT,linode_singapore,49.0,130.8
2026-09-12T22:31:58,Nam,VNPT,cloudflare,57.0,3.12
2026-09-12T22:31:58,Nam,VNPT,vultr_singapore,207.0,2.29
2026-09-12T22:31:58,Nam,VNPT,vultr_seoul,82.0,25.14
2026-09-12T22:31:58,Nam,VNPT,linode_singapore,53.0,149.96
2026-09-12T22:43:02,Nam,VNPT,cloudflare,55.0,2.13
2026-09-12T22:43:02,Nam,VNPT,vultr_singapore,203.0,2.72
2026-09-12T22:43:02,Nam,VNPT,vultr_seoul,82.0,121.0
2026-09-12T22:43:02,Nam,VNPT,linode_singapore,52.0,298.76
2026-09-12T22:54:08,Nam,VNPT,cloudflare,52.0,3.66
2026-09-12T22:54:08,Nam,VNPT,vultr_singapore,205.0,2.62
2026-09-12T22:54:08,Nam,VNPT,vultr_seoul,81.0,136.09
2026-09-12T22:54:08,Nam,VNPT,linode_singapore,49.0,113.04
2026-09-12T23:04:58,Nam,VNPT,cloudflare,58.0,3.53
2026-09-12T23:04:58,Nam,VNPT,vultr_singapore,205.0,2.67
2026-09-12T23:04:58,Nam,VNPT,vultr_seoul,82.0,155.85
2026-09-12T23:04:58,Nam,VNPT,linode_singapore,48.0,133.11
2026-09-12T23:15:43,Nam,VNPT,cloudflare,54.0,2.72
2026-09-12T23:15:43,Nam,VNPT,vultr_singapore,206.0,2.67
2026-09-12T23:15:43,Nam,VNPT,vultr_seoul,81.0,134.72
2026-09-12T23:15:43,Nam,VNPT,linode_singapore,50.0,243.57
2026-09-12T23:26:28,Nam,VNPT,cloudflare,52.0,8.28
2026-09-12T23:26:28,Nam,VNPT,vultr_singapore,205.0,2.66
2026-09-12T23:26:28,Nam,VNPT,vultr_seoul,81.0,260.6
2026-09-12T23:26:28,Nam,VNPT,linode_singapore,50.0,210.12
2026-09-12T23:37:06,Nam,VNPT,cloudflare,52.0,8.73
2026-09-12T23:37:06,Nam,VNPT,vultr_singapore,204.0,2.75
2026-09-12T23:37:06,Nam,VNPT,vultr_seoul,80.0,79.41
2026-09-12T23:37:06,Nam,VNPT,linode_singapore,50.0,154.68
2026-09-12T23:47:53,Nam,VNPT,cloudflare,54.0,27.36
2026-09-12T23:47:53,Nam,VNPT,vultr_singapore,205.0,9.75
2026-09-12T23:47:53,Nam,VNPT,vultr_seoul,80.0,32.7
2026-09-12T23:47:53,Nam,VNPT,linode_singapore,87.0,224.62
2026-09-12T23:58:42,Nam,VNPT,cloudflare,53.0,28.92
2026-09-12T23:58:42,Nam,VNPT,vultr_singapore,205.0,6.06
2026-09-12T23:58:42,Nam,VNPT,vultr_seoul,80.0,247.88
2026-09-12T23:58:42,Nam,VNPT,linode_singapore,51.0,123.68
2026-09-13T00:09:21,Nam,VNPT,cloudflare,53.0,32.02
2026-09-13T00:09:21,Nam,VNPT,vultr_singapore,205.0,12.0
2026-09-13T00:09:21,Nam,VNPT,vultr_seoul,81.0,36.53
2026-09-13T00:09:21,Nam,VNPT,linode_singapore,50.0,274.44
2026-09-13T00:20:09,Nam,VNPT,cloudflare,53.0,31.15
2026-09-13T00:20:09,Nam,VNPT,vultr_singapore,205.0,2.69
2026-09-13T00:20:09,Nam,VNPT,vultr_seoul,82.0,65.4
2026-09-13T00:20:09,Nam,VNPT,linode_singapore,49.0,257.69
2026-09-13T00:30:54,Nam,VNPT,cloudflare,52.0,29.99
2026-09-13T00:30:54,Nam,VNPT,vultr_singapore,203.0,2.81
2026-09-13T00:30:54,Nam,VNPT,vultr_seoul,81.0,197.91
2026-09-13T00:30:54,Nam,VNPT,linode_singapore,51.0,105.61
2026-09-13T00:41:36,Nam,VNPT,cloudflare,52.0,24.75
2026-09-13T00:41:36,Nam,VNPT,vultr_singapore,204.0,2.7
2026-09-13T00:41:36,Nam,VNPT,vultr_seoul,79.0,238.9
2026-09-13T00:41:36,Nam,VNPT,linode_singapore,50.0,138.14
2026-09-13T00:52:15,Nam,VNPT,cloudflare,52.0,34.12
2026-09-13T00:52:15,Nam,VNPT,vultr_singapore,205.0,7.63
2026-09-13T00:52:15,Nam,VNPT,vultr_seoul,80.0,46.25
2026-09-13T00:52:15,Nam,VNPT,linode_singapore,50.0,222.75
2026-09-13T01:03:06,Nam,VNPT,cloudflare,52.0,33.69
2026-09-13T01:03:06,Nam,VNPT,vultr_singapore,207.0,2.68
2026-09-13T01:03:06,Nam,VNPT,vultr_seoul,81.0,222.7
2026-09-13T01:03:06,Nam,VNPT,linode_singapore,49.0,164.4
2026-09-13T01:13:45,Nam,VNPT,cloudflare,76.0,34.83
2026-09-13T01:13:45,Nam,VNPT,vultr_singapore,204.0,17.29
2026-09-13T01:13:45,Nam,VNPT,vultr_seoul,80.0,229.64
2026-09-13T01:13:45,Nam,VNPT,linode_singapore,49.0,139.79
2026-09-13T01:24:23,Nam,VNPT,cloudflare,52.0,30.44
2026-09-13T01:24:23,Nam,VNPT,vultr_singapore,204.0,2.69
2026-09-13T01:24:23,Nam,VNPT,vultr_seoul,80.0,47.28
2026-09-13T01:24:23,Nam,VNPT,linode_singapore,49.0,304.68
2026-09-13T01:35:10,Nam,VNPT,cloudflare,52.0,30.66
2026-09-13T01:35:10,Nam,VNPT,vultr_singapore,206.0,10.14
2026-09-13T01:35:10,Nam,VNPT,vultr_seoul,81.0,173.17
2026-09-13T01:35:10,Nam,VNPT,linode_singapore,49.0,132.4
2026-09-13T01:45:51,Nam,VNPT,cloudflare,53.0,28.09
2026-09-13T01:45:51,Nam,VNPT,vultr_singapore,204.0,2.7
2026-09-13T01:45:51,Nam,VNPT,vultr_seoul,80.0,207.63
2026-09-13T01:45:51,Nam,VNPT,linode_singapore,50.0,138.0
2026-09-13T01:56:30,Nam,VNPT,cloudflare,52.0,32.17
2026-09-13T01:56:30,Nam,VNPT,vultr_singapore,205.0,2.61
2026-09-13T01:56:30,Nam,VNPT,vultr_seoul,81.0,198.31
2026-09-13T01:56:30,Nam,VNPT,linode_singapore,50.0,239.73
2026-09-13T02:07:07,Nam,VNPT,cloudflare,53.0,30.51
2026-09-13T02:07:07,Nam,VNPT,vultr_singapore,205.0,2.54
2026-09-13T02:07:07,Nam,VNPT,vultr_seoul,80.0,44.49
2026-09-13T02:07:07,Nam,VNPT,linode_singapore,49.0,107.73
2026-09-13T06:55:05,Nam,VNPT,cloudflare,51.0,25.63
2026-09-13T06:55:05,Nam,VNPT,vultr_singapore,207.0,2.64
2026-09-13T06:55:05,Nam,VNPT,vultr_seoul,81.0,234.76
2026-09-13T06:55:05,Nam,VNPT,linode_singapore,49.0,126.17
2026-09-13T07:05:52,Nam,VNPT,cloudflare,58.0,29.66
2026-09-13T07:05:52,Nam,VNPT,vultr_singapore,205.0,2.49
2026-09-13T07:05:52,Nam,VNPT,vultr_seoul,80.0,116.45
2026-09-13T07:05:52,Nam,VNPT,linode_singapore,50.0,294.71
2026-09-13T07:16:32,Nam,VNPT,cloudflare,56.0,26.85
2026-09-13T07:16:32,Nam,VNPT,vultr_singapore,203.0,2.62
2026-09-13T07:16:32,Nam,VNPT,vultr_seoul,80.0,38.61
2026-09-13T07:16:32,Nam,VNPT,linode_singapore,49.0,94.63
2026-09-13T07:27:26,Nam,VNPT,cloudflare,58.0,29.09
2026-09-13T07:27:26,Nam,VNPT,vultr_singapore,208.0,8.23
2026-09-13T07:27:26,Nam,VNPT,vultr_seoul,80.0,56.24
2026-09-13T07:27:26,Nam,VNPT,linode_singapore,50.0,208.44
2026-09-13T07:38:14,Nam,VNPT,cloudflare,52.0,30.83
2026-09-13T07:38:14,Nam,VNPT,vultr_singapore,207.0,2.51
2026-09-13T07:38:14,Nam,VNPT,vultr_seoul,83.0,236.23
2026-09-13T07:38:14,Nam,VNPT,linode_singapore,50.0,120.85
2026-09-13T07:48:54,Nam,VNPT,cloudflare,52.0,30.1
2026-09-13T07:48:54,Nam,VNPT,vultr_singapore,205.0,2.72
2026-09-13T07:48:54,Nam,VNPT,vultr_seoul,79.0,246.09
2026-09-13T07:48:54,Nam,VNPT,linode_singapore,49.0,276.65
2026-09-13T07:59:30,Nam,VNPT,cloudflare,52.0,29.64
2026-09-13T07:59:30,Nam,VNPT,vultr_singapore,206.0,2.67
2026-09-13T07:59:30,Nam,VNPT,vultr_seoul,80.0,228.72
2026-09-13T07:59:30,Nam,VNPT,linode_singapore,49.0,236.61
2026-09-13T08:10:06,Nam,VNPT,cloudflare,53.0,28.81
2026-09-13T08:10:06,Nam,VNPT,vultr_singapore,204.0,2.75
2026-09-13T08:10:06,Nam,VNPT,vultr_seoul,81.0,251.96
2026-09-13T08:10:06,Nam,VNPT,linode_singapore,52.0,206.54
2026-09-13T08:20:43,Nam,VNPT,cloudflare,51.0,27.04
2026-09-13T08:20:43,Nam,VNPT,vultr_singapore,204.0,5.93
2026-09-13T08:20:43,Nam,VNPT,vultr_seoul,80.0,254.52
2026-09-13T08:20:43,Nam,VNPT,linode_singapore,49.0,186.99
2026-09-13T08:31:20,Nam,VNPT,cloudflare,52.0,29.24
2026-09-13T08:31:20,Nam,VNPT,vultr_singapore,206.0,10.88
2026-09-13T08:31:20,Nam,VNPT,vultr_seoul,82.0,245.72
2026-09-13T08:31:20,Nam,VNPT,linode_singapore,50.0,120.57
2026-09-13T08:42:01,Nam,VNPT,cloudflare,52.0,27.37
2026-09-13T08:42:01,Nam,VNPT,vultr_singapore,204.0,2.85
2026-09-13T08:42:01,Nam,VNPT,vultr_seoul,80.0,117.92
2026-09-13T08:42:01,Nam,VNPT,linode_singapore,49.0,154.09
2026-09-13T08:52:43,Nam,VNPT,cloudflare,52.0,29.47
2026-09-13T08:52:43,Nam,VNPT,vultr_singapore,205.0,2.5
2026-09-13T08:52:43,Nam,VNPT,vultr_seoul,80.0,154.78
2026-09-13T08:52:43,Nam,VNPT,linode_singapore,49.0,129.21
2026-09-13T09:03:24,Nam,VNPT,cloudflare,51.0,28.13
2026-09-13T09:03:24,Nam,VNPT,vultr_singapore,206.0,2.55
2026-09-13T09:03:24,Nam,VNPT,vultr_seoul,80.0,231.96
2026-09-13T09:03:24,Nam,VNPT,linode_singapore,50.0,239.83
2026-09-13T09:14:01,Nam,VNPT,cloudflare,52.0,26.8
2026-09-13T09:14:01,Nam,VNPT,vultr_singapore,205.0,2.69
2026-09-13T09:14:01,Nam,VNPT,vultr_seoul,83.0,226.42
2026-09-13T09:14:01,Nam,VNPT,linode_singapore,50.0,177.46
2026-09-13T09:24:39,Nam,VNPT,cloudflare,52.0,11.59
2026-09-13T09:24:39,Nam,VNPT,vultr_singapore,204.0,11.85
2026-09-13T09:24:39,Nam,VNPT,vultr_seoul,82.0,232.11
2026-09-13T09:24:39,Nam,VNPT,linode_singapore,49.0,170.24
2026-09-13T09:35:18,Nam,VNPT,cloudflare,53.0,24.76
2026-09-13T09:35:18,Nam,VNPT,vultr_singapore,205.0,7.34
2026-09-13T09:35:18,Nam,VNPT,vultr_seoul,80.0,243.05
2026-09-13T09:35:18,Nam,VNPT,linode_singapore,48.0,234.53
2026-09-13T09:45:55,Nam,VNPT,cloudflare,91.0,9.18
2026-09-13T09:45:55,Nam,VNPT,vultr_singapore,205.0,2.69
2026-09-13T09:45:55,Nam,VNPT,vultr_seoul,221.0,56.47
2026-09-13T09:45:55,Nam,VNPT,linode_singapore,50.0,132.34
2026-09-13T09:56:48,Nam,VNPT,cloudflare,51.0,6.45
2026-09-13T09:56:48,Nam,VNPT,vultr_singapore,206.0,2.46
2026-09-13T09:56:48,Nam,VNPT,vultr_seoul,93.0,231.58
2026-09-13T09:56:48,Nam,VNPT,linode_singapore,67.0,188.53
2026-09-13T10:07:28,Nam,VNPT,cloudflare,51.0,1.58
2026-09-13T10:07:28,Nam,VNPT,vultr_singapore,204.0,2.55
2026-09-13T10:07:28,Nam,VNPT,vultr_seoul,80.0,216.66
2026-09-13T10:07:28,Nam,VNPT,linode_singapore,50.0,51.7
2026-09-13T10:18:27,Nam,VNPT,cloudflare,86.0,0.86
2026-09-13T10:18:27,Nam,VNPT,vultr_singapore,253.0,2.31
2026-09-13T10:18:27,Nam,VNPT,vultr_seoul,130.0,59.24
2026-09-13T10:18:27,Nam,VNPT,linode_singapore,56.0,10.89
2026-09-13T10:29:41,Nam,VNPT,cloudflare,98.0,4.49
2026-09-13T10:29:41,Nam,VNPT,vultr_singapore,274.0,2.4
2026-09-13T10:29:41,Nam,VNPT,vultr_seoul,179.0,37.38
2026-09-13T10:29:41,Nam,VNPT,linode_singapore,99.0,9.46
2026-09-13T10:40:44,Nam,VNPT,cloudflare,54.0,2.5
2026-09-13T10:40:44,Nam,VNPT,vultr_singapore,206.0,2.49
2026-09-13T10:40:44,Nam,VNPT,vultr_seoul,84.0,262.05
2026-09-13T10:40:44,Nam,VNPT,linode_singapore,61.0,13.44
2026-09-13T10:51:38,Nam,VNPT,cloudflare,215.0,10.88
2026-09-13T10:51:38,Nam,VNPT,vultr_singapore,206.0,2.34
2026-09-13T10:51:38,Nam,VNPT,vultr_seoul,84.0,108.71
2026-09-13T10:51:38,Nam,VNPT,linode_singapore,50.0,101.05
2026-09-13T11:02:25,Nam,VNPT,cloudflare,52.0,3.47
2026-09-13T11:02:25,Nam,VNPT,vultr_singapore,207.0,2.63
2026-09-13T11:02:25,Nam,VNPT,vultr_seoul,117.0,66.67
2026-09-13T11:02:25,Nam,VNPT,linode_singapore,50.0,89.86
2026-09-13T11:13:21,Nam,VNPT,cloudflare,52.0,3.68
2026-09-13T11:13:21,Nam,VNPT,vultr_singapore,206.0,2.67
2026-09-13T11:13:21,Nam,VNPT,vultr_seoul,106.0,154.7
2026-09-13T11:13:21,Nam,VNPT,linode_singapore,49.0,162.33
2026-09-13T11:24:06,Nam,VNPT,cloudflare,53.0,7.95
2026-09-13T11:24:06,Nam,VNPT,vultr_singapore,205.0,2.66
2026-09-13T11:24:06,Nam,VNPT,vultr_seoul,85.0,210.67
2026-09-13T11:24:06,Nam,VNPT,linode_singapore,49.0,253.81
2026-09-13T11:34:45,Nam,VNPT,cloudflare,52.0,7.13
2026-09-13T11:34:45,Nam,VNPT,vultr_singapore,205.0,2.72
2026-09-13T11:34:45,Nam,VNPT,vultr_seoul,85.0,227.7
2026-09-13T11:34:45,Nam,VNPT,linode_singapore,49.0,230.55
2026-09-13T11:45:24,Nam,VNPT,cloudflare,52.0,2.12
2026-09-13T11:45:24,Nam,VNPT,vultr_singapore,241.0,2.62
2026-09-13T11:45:24,Nam,VNPT,vultr_seoul,84.0,132.15
2026-09-13T11:45:24,Nam,VNPT,linode_singapore,49.0,78.1
2026-09-13T11:56:18,Nam,VNPT,cloudflare,53.0,4.15
2026-09-13T11:56:18,Nam,VNPT,vultr_singapore,207.0,17.16
2026-09-13T11:56:18,Nam,VNPT,vultr_seoul,83.0,179.2
2026-09-13T11:56:18,Nam,VNPT,linode_singapore,60.0,145.56
2026-09-13T12:07:02,Nam,VNPT,cloudflare,52.0,4.38
2026-09-13T12:07:02,Nam,VNPT,vultr_singapore,208.0,2.56
2026-09-13T12:07:02,Nam,VNPT,vultr_seoul,99.0,230.0
2026-09-13T12:07:02,Nam,VNPT,linode_singapore,58.0,38.83
2026-09-13T12:17:53,Nam,VNPT,cloudflare,55.0,1.94
2026-09-13T12:17:53,Nam,VNPT,vultr_singapore,210.0,2.73
2026-09-13T12:17:53,Nam,VNPT,vultr_seoul,95.0,169.4
2026-09-13T12:17:53,Nam,VNPT,linode_singapore,58.0,170.62
2026-09-13T12:28:41,Nam,VNPT,cloudflare,141.0,2.37
2026-09-13T12:28:41,Nam,VNPT,vultr_singapore,206.0,2.75
2026-09-13T12:28:41,Nam,VNPT,vultr_seoul,85.0,77.29
2026-09-13T12:28:41,Nam,VNPT,linode_singapore,72.0,152.35
2026-09-13T13:41:55,Nam,VNPT,cloudflare,60.0,2.11
2026-09-13T13:41:55,Nam,VNPT,vultr_singapore,210.0,10.67
2026-09-13T13:41:55,Nam,VNPT,vultr_seoul,86.0,7.75
2026-09-13T13:41:55,Nam,VNPT,linode_singapore,50.0,111.99
2026-09-13T13:52:54,Nam,VNPT,cloudflare,57.0,6.31
2026-09-13T13:52:54,Nam,VNPT,vultr_singapore,268.0,2.95
2026-09-13T13:52:54,Nam,VNPT,vultr_seoul,87.0,136.43
2026-09-13T13:52:54,Nam,VNPT,linode_singapore,53.0,267.34
2026-09-13T14:03:36,Nam,VNPT,cloudflare,55.0,4.85
2026-09-13T14:03:36,Nam,VNPT,vultr_singapore,246.0,2.94
2026-09-13T14:03:36,Nam,VNPT,vultr_seoul,85.0,19.88
2026-09-13T14:03:36,Nam,VNPT,linode_singapore,50.0,152.25
2026-09-13T14:14:29,Nam,VNPT,cloudflare,58.0,2.34
2026-09-13T14:14:29,Nam,VNPT,vultr_singapore,306.0,2.9
2026-09-13T14:14:29,Nam,VNPT,vultr_seoul,84.0,200.28
2026-09-13T14:14:29,Nam,VNPT,linode_singapore,51.0,288.36
2026-09-13T14:25:13,Nam,VNPT,cloudflare,58.0,3.64
2026-09-13T14:25:13,Nam,VNPT,vultr_singapore,262.0,2.32
2026-09-13T14:25:13,Nam,VNPT,vultr_seoul,85.0,245.27
2026-09-13T14:25:13,Nam,VNPT,linode_singapore,54.0,132.54
2026-09-13T14:35:56,Nam,VNPT,cloudflare,56.0,1.55
2026-09-13T14:35:56,Nam,VNPT,vultr_singapore,259.0,3.02
2026-09-13T14:35:56,Nam,VNPT,vultr_seoul,84.0,155.44
2026-09-13T14:35:56,Nam,VNPT,linode_singapore,51.0,140.7
2026-09-13T14:46:48,Nam,VNPT,cloudflare,55.0,2.79
2026-09-13T14:46:48,Nam,VNPT,vultr_singapore,293.0,4.0
2026-09-13T14:46:48,Nam,VNPT,vultr_seoul,86.0,215.97
2026-09-13T14:46:48,Nam,VNPT,linode_singapore,51.0,211.65
2026-09-13T14:57:31,Nam,VNPT,cloudflare,55.0,1.82
2026-09-13T14:57:31,Nam,VNPT,vultr_singapore,251.0,2.21
2026-09-13T14:57:31,Nam,VNPT,vultr_seoul,86.0,239.67
2026-09-13T14:57:31,Nam,VNPT,linode_singapore,54.0,257.49
2026-09-13T17:11:22,Nam,VNPT,cloudflare,55.0,9.71
2026-09-13T17:11:22,Nam,VNPT,vultr_singapore,207.0,2.69
2026-09-13T17:11:22,Nam,VNPT,vultr_seoul,83.0,123.5
2026-09-13T17:11:22,Nam,VNPT,linode_singapore,50.0,4.2
2026-09-13T17:22:15,Nam,VNPT,cloudflare,53.0,2.61
2026-09-13T17:22:15,Nam,VNPT,vultr_singapore,207.0,6.9
2026-09-13T17:22:15,Nam,VNPT,vultr_seoul,84.0,262.32
2026-09-13T17:22:15,Nam,VNPT,linode_singapore,50.0,187.69
2026-09-13T17:32:58,Nam,VNPT,cloudflare,54.0,1.52
2026-09-13T17:32:58,Nam,VNPT,vultr_singapore,207.0,2.78
2026-09-13T17:32:58,Nam,VNPT,vultr_seoul,84.0,106.53
2026-09-13T17:32:58,Nam,VNPT,linode_singapore,49.0,171.84
2026-09-13T17:43:52,Nam,VNPT,cloudflare,54.0,1.74
2026-09-13T17:43:52,Nam,VNPT,vultr_singapore,208.0,2.63
2026-09-13T17:43:52,Nam,VNPT,vultr_seoul,83.0,177.02
2026-09-13T17:43:52,Nam,VNPT,linode_singapore,50.0,260.19
2026-09-13T17:54:39,Nam,VNPT,cloudflare,53.0,5.82
2026-09-13T17:54:39,Nam,VNPT,vultr_singapore,207.0,2.6
2026-09-13T17:54:39,Nam,VNPT,vultr_seoul,83.0,222.37
2026-09-13T17:54:39,Nam,VNPT,linode_singapore,49.0,141.96
2026-09-13T18:05:21,Nam,VNPT,cloudflare,53.0,1.18
2026-09-13T18:05:21,Nam,VNPT,vultr_singapore,207.0,2.6
2026-09-13T18:05:21,Nam,VNPT,vultr_seoul,84.0,148.6
2026-09-13T18:05:21,Nam,VNPT,linode_singapore,49.0,104.45
2026-09-13T18:16:19,Nam,VNPT,cloudflare,100.0,3.64
2026-09-13T18:16:19,Nam,VNPT,vultr_singapore,208.0,2.64
2026-09-13T18:16:19,Nam,VNPT,vultr_seoul,84.0,212.11
2026-09-13T18:16:19,Nam,VNPT,linode_singapore,51.0,144.02
2026-09-13T18:27:03,Nam,VNPT,cloudflare,55.0,3.99
2026-09-13T18:27:03,Nam,VNPT,vultr_singapore,208.0,2.45
2026-09-13T18:27:03,Nam,VNPT,vultr_seoul,101.0,38.94
2026-09-13T18:27:03,Nam,VNPT,linode_singapore,62.0,8.75
2026-09-13T18:38:08,Nam,VNPT,cloudflare,98.0,3.75
2026-09-13T18:38:08,Nam,VNPT,vultr_singapore,248.0,20.62
2026-09-13T18:38:08,Nam,VNPT,vultr_seoul,85.0,22.68
2026-09-13T18:38:08,Nam,VNPT,linode_singapore,62.0,192.25
2026-09-13T18:49:02,Nam,VNPT,cloudflare,54.0,1.66
2026-09-13T18:49:02,Nam,VNPT,vultr_singapore,246.0,2.51
2026-09-13T18:49:02,Nam,VNPT,vultr_seoul,87.0,238.03
2026-09-13T18:49:02,Nam,VNPT,linode_singapore,59.0,267.36
2026-09-13T18:59:48,Nam,VNPT,cloudflare,53.0,3.36
2026-09-13T18:59:48,Nam,VNPT,vultr_singapore,209.0,2.61
2026-09-13T18:59:48,Nam,VNPT,vultr_seoul,85.0,8.92
2026-09-13T18:59:48,Nam,VNPT,linode_singapore,50.0,244.98
2026-09-13T19:10:41,Nam,VNPT,cloudflare,118.0,1.24
2026-09-13T19:10:41,Nam,VNPT,vultr_singapore,208.0,2.65
2026-09-13T19:10:41,Nam,VNPT,vultr_seoul,90.0,111.16
2026-09-13T19:10:41,Nam,VNPT,linode_singapore,50.0,96.78
2026-09-13T19:21:40,Nam,VNPT,cloudflare,53.0,1.49
2026-09-13T19:21:40,Nam,VNPT,vultr_singapore,209.0,2.63
2026-09-13T19:21:40,Nam,VNPT,vultr_seoul,84.0,30.29
2026-09-13T19:21:40,Nam,VNPT,linode_singapore,50.0,107.52
2026-09-13T19:32:44,Nam,VNPT,cloudflare,54.0,1.76
2026-09-13T19:32:44,Nam,VNPT,vultr_singapore,209.0,2.6
2026-09-13T19:32:44,Nam,VNPT,vultr_seoul,89.0,12.46
2026-09-13T19:32:44,Nam,VNPT,linode_singapore,50.0,101.91
2026-09-13T19:43:46,Nam,VNPT,cloudflare,86.0,1.04
2026-09-13T19:43:46,Nam,VNPT,vultr_singapore,208.0,2.82
2026-09-13T19:43:46,Nam,VNPT,vultr_seoul,85.0,2.73
2026-09-13T19:43:46,Nam,VNPT,linode_singapore,82.0,30.58
2026-09-13T19:55:01,Nam,VNPT,cloudflare,55.0,0.56
2026-09-13T19:55:01,Nam,VNPT,vultr_singapore,210.0,2.63
2026-09-13T19:55:01,Nam,VNPT,vultr_seoul,84.0,9.84
2026-09-13T19:55:01,Nam,VNPT,linode_singapore,50.0,199.57
2026-09-13T20:06:05,Nam,VNPT,cloudflare,54.0,1.17
2026-09-13T20:06:05,Nam,VNPT,vultr_singapore,207.0,2.46
2026-09-13T20:06:05,Nam,VNPT,vultr_seoul,84.0,1.87
2026-09-13T20:06:05,Nam,VNPT,linode_singapore,49.0,124.5
2026-09-13T20:17:10,Nam,VNPT,cloudflare,69.0,1.77
2026-09-13T20:17:10,Nam,VNPT,vultr_singapore,208.0,2.71
2026-09-13T20:17:10,Nam,VNPT,vultr_seoul,85.0,3.23
2026-09-13T20:17:10,Nam,VNPT,linode_singapore,49.0,80.44
2026-09-13T20:28:14,Nam,VNPT,cloudflare,54.0,0.92
2026-09-13T20:28:14,Nam,VNPT,vultr_singapore,208.0,2.52
2026-09-13T20:28:14,Nam,VNPT,vultr_seoul,83.0,0.63
2026-09-13T20:28:14,Nam,VNPT,linode_singapore,52.0,159.87
2026-09-13T20:39:18,Nam,VNPT,cloudflare,53.0,1.08
2026-09-13T20:39:18,Nam,VNPT,vultr_singapore,208.0,2.62
2026-09-13T20:39:18,Nam,VNPT,vultr_seoul,83.0,2.26
2026-09-13T20:39:18,Nam,VNPT,linode_singapore,49.0,208.6
2026-09-13T20:50:22,Nam,VNPT,cloudflare,54.0,1.17
2026-09-13T20:50:22,Nam,VNPT,vultr_singapore,208.0,2.6
2026-09-13T20:50:22,Nam,VNPT,vultr_seoul,84.0,1.54
2026-09-13T20:50:22,Nam,VNPT,linode_singapore,78.0,35.96
2026-09-13T21:01:35,Nam,VNPT,cloudflare,54.0,0.57
2026-09-13T21:01:35,Nam,VNPT,vultr_singapore,207.0,2.74
2026-09-13T21:01:35,Nam,VNPT,vultr_seoul,85.0,2.51
2026-09-13T21:01:35,Nam,VNPT,linode_singapore,54.0,138.52
2026-09-13T21:12:40,Nam,VNPT,cloudflare,52.0,0.51
2026-09-13T21:12:40,Nam,VNPT,vultr_singapore,209.0,2.46
2026-09-13T21:12:40,Nam,VNPT,vultr_seoul,86.0,9.38
2026-09-13T21:12:40,Nam,VNPT,linode_singapore,58.0,118.33
2026-09-13T21:23:47,Nam,VNPT,cloudflare,54.0,2.85
2026-09-13T21:23:47,Nam,VNPT,vultr_singapore,209.0,2.59
2026-09-13T21:23:47,Nam,VNPT,vultr_seoul,87.0,21.36
2026-09-13T21:23:47,Nam,VNPT,linode_singapore,50.0,239.63
2026-09-13T21:34:40,Nam,VNPT,cloudflare,53.0,0.96
2026-09-13T21:34:40,Nam,VNPT,vultr_singapore,209.0,2.48
2026-09-13T21:34:40,Nam,VNPT,vultr_seoul,84.0,10.36
2026-09-13T21:34:40,Nam,VNPT,linode_singapore,50.0,179.42
2026-09-13T21:45:44,Nam,VNPT,cloudflare,53.0,0.72
2026-09-13T21:45:44,Nam,VNPT,vultr_singapore,210.0,2.51
2026-09-13T21:45:44,Nam,VNPT,vultr_seoul,91.0,4.86
2026-09-13T21:45:44,Nam,VNPT,linode_singapore,50.0,277.39
2026-09-13T23:52:11,Nam,VNPT,cloudflare,55.0,20.16
2026-09-13T23:52:11,Nam,VNPT,vultr_singapore,206.0,2.75
2026-09-13T23:52:11,Nam,VNPT,vultr_seoul,113.0,222.17
2026-09-13T23:52:11,Nam,VNPT,linode_singapore,50.0,9.8
2026-09-14T00:02:59,Nam,VNPT,cloudflare,53.0,26.78
2026-09-14T00:02:59,Nam,VNPT,vultr_singapore,206.0,2.65
2026-09-14T00:02:59,Nam,VNPT,vultr_seoul,83.0,236.56
2026-09-14T00:02:59,Nam,VNPT,linode_singapore,50.0,155.62
2026-09-14T00:13:38,Nam,VNPT,cloudflare,51.0,23.56
2026-09-14T00:13:38,Nam,VNPT,vultr_singapore,208.0,2.75
2026-09-14T00:13:38,Nam,VNPT,vultr_seoul,84.0,45.1
2026-09-14T00:13:38,Nam,VNPT,linode_singapore,50.0,148.99
2026-09-14T00:24:28,Nam,VNPT,cloudflare,51.0,29.55
2026-09-14T00:24:28,Nam,VNPT,vultr_singapore,206.0,4.13
2026-09-14T00:24:28,Nam,VNPT,vultr_seoul,83.0,246.93
2026-09-14T00:24:28,Nam,VNPT,linode_singapore,48.0,185.41
2026-09-14T00:35:06,Nam,VNPT,cloudflare,52.0,21.98
2026-09-14T00:35:06,Nam,VNPT,vultr_singapore,218.0,2.51
2026-09-14T00:35:06,Nam,VNPT,vultr_seoul,102.0,82.99
2026-09-14T00:35:06,Nam,VNPT,linode_singapore,50.0,159.95
2026-09-14T00:45:52,Nam,VNPT,cloudflare,51.0,24.18
2026-09-14T00:45:52,Nam,VNPT,vultr_singapore,206.0,2.78
2026-09-14T00:45:52,Nam,VNPT,vultr_seoul,85.0,219.65
2026-09-14T00:45:52,Nam,VNPT,linode_singapore,50.0,151.53
2026-09-14T00:56:31,Nam,VNPT,cloudflare,52.0,31.53
2026-09-14T00:56:31,Nam,VNPT,vultr_singapore,253.0,2.7
2026-09-14T00:56:31,Nam,VNPT,vultr_seoul,83.0,197.48
2026-09-14T00:56:31,Nam,VNPT,linode_singapore,50.0,178.19
2026-09-14T01:07:10,Nam,VNPT,cloudflare,52.0,28.57
2026-09-14T01:07:10,Nam,VNPT,vultr_singapore,207.0,2.64
2026-09-14T01:07:10,Nam,VNPT,vultr_seoul,83.0,239.34
2026-09-14T01:07:10,Nam,VNPT,linode_singapore,50.0,190.58
2026-09-14T01:17:48,Nam,VNPT,cloudflare,51.0,30.91
2026-09-14T01:17:48,Nam,VNPT,vultr_singapore,208.0,2.71
2026-09-14T01:17:48,Nam,VNPT,vultr_seoul,85.0,251.92
2026-09-14T01:17:48,Nam,VNPT,linode_singapore,50.0,152.04
2026-09-14T01:28:26,Nam,VNPT,cloudflare,51.0,28.01
2026-09-14T01:28:26,Nam,VNPT,vultr_singapore,209.0,6.38
2026-09-14T01:28:26,Nam,VNPT,vultr_seoul,84.0,224.98
2026-09-14T01:28:26,Nam,VNPT,linode_singapore,52.0,221.34
2026-09-14T01:39:04,Nam,VNPT,cloudflare,52.0,25.74
2026-09-14T01:39:04,Nam,VNPT,vultr_singapore,207.0,2.73
2026-09-14T01:39:04,Nam,VNPT,vultr_seoul,84.0,235.41
2026-09-14T01:39:04,Nam,VNPT,linode_singapore,49.0,187.63
2026-09-14T01:49:42,Nam,VNPT,cloudflare,52.0,29.72
2026-09-14T01:49:42,Nam,VNPT,vultr_singapore,207.0,2.68
2026-09-14T01:49:42,Nam,VNPT,vultr_seoul,84.0,254.39
2026-09-14T01:49:42,Nam,VNPT,linode_singapore,50.0,119.38
2026-09-14T02:00:22,Nam,VNPT,cloudflare,52.0,24.99
2026-09-14T02:00:22,Nam,VNPT,vultr_singapore,206.0,2.7
2026-09-14T02:00:22,Nam,VNPT,vultr_seoul,85.0,217.76
2026-09-14T02:00:22,Nam,VNPT,linode_singapore,49.0,154.28
2026-09-14T02:11:02,Nam,VNPT,cloudflare,53.0,26.87
2026-09-14T02:11:02,Nam,VNPT,vultr_singapore,206.0,2.59
2026-09-14T02:11:02,Nam,VNPT,vultr_seoul,83.0,250.3
2026-09-14T02:11:02,Nam,VNPT,linode_singapore,50.0,200.48
2026-09-14T02:21:39,Nam,VNPT,cloudflare,52.0,24.38
2026-09-14T02:21:39,Nam,VNPT,vultr_singapore,206.0,2.64
2026-09-14T02:21:39,Nam,VNPT,vultr_seoul,83.0,215.61
2026-09-14T02:21:39,Nam,VNPT,linode_singapore,49.0,143.58
2026-09-14T02:32:19,Nam,VNPT,cloudflare,52.0,27.63
2026-09-14T02:32:19,Nam,VNPT,vultr_singapore,206.0,2.7
2026-09-14T02:32:19,Nam,VNPT,vultr_seoul,84.0,178.06
2026-09-14T02:32:19,Nam,VNPT,linode_singapore,50.0,13.09
2026-09-14T02:43:08,Nam,VNPT,cloudflare,51.0,25.52
2026-09-14T02:43:08,Nam,VNPT,vultr_singapore,206.0,2.54
2026-09-14T02:43:08,Nam,VNPT,vultr_seoul,83.0,47.37
2026-09-14T02:43:08,Nam,VNPT,linode_singapore,49.0,13.71
2026-09-14T02:54:08,Nam,VNPT,cloudflare,52.0,19.9
2026-09-14T02:54:08,Nam,VNPT,vultr_singapore,206.0,6.27
2026-09-14T02:54:08,Nam,VNPT,vultr_seoul,84.0,255.58
2026-09-14T02:54:08,Nam,VNPT,linode_singapore,49.0,174.56
2026-09-14T03:04:47,Nam,VNPT,cloudflare,52.0,26.13
2026-09-14T03:04:47,Nam,VNPT,vultr_singapore,206.0,2.63
2026-09-14T03:04:47,Nam,VNPT,vultr_seoul,85.0,30.06
2026-09-14T03:04:47,Nam,VNPT,linode_singapore,50.0,102.77
2026-09-14T03:15:40,Nam,VNPT,cloudflare,53.0,29.0
2026-09-14T03:15:40,Nam,VNPT,vultr_singapore,206.0,6.12
2026-09-14T03:15:40,Nam,VNPT,vultr_seoul,83.0,179.51
2026-09-14T03:15:40,Nam,VNPT,linode_singapore,49.0,142.79
2026-09-14T03:26:21,Nam,VNPT,cloudflare,52.0,26.36
2026-09-14T03:26:21,Nam,VNPT,vultr_singapore,207.0,2.78
2026-09-14T03:26:21,Nam,VNPT,vultr_seoul,82.0,235.79
2026-09-14T03:26:21,Nam,VNPT,linode_singapore,50.0,91.74
2026-09-14T03:37:03,Nam,VNPT,cloudflare,52.0,19.56
2026-09-14T03:37:03,Nam,VNPT,vultr_singapore,206.0,2.53
2026-09-14T03:37:03,Nam,VNPT,vultr_seoul,84.0,175.17
2026-09-14T03:37:03,Nam,VNPT,linode_singapore,51.0,248.43
2026-09-14T03:47:42,Nam,VNPT,cloudflare,52.0,34.0
2026-09-14T03:47:42,Nam,VNPT,vultr_singapore,207.0,2.74
2026-09-14T03:47:42,Nam,VNPT,vultr_seoul,83.0,214.98
2026-09-14T03:47:42,Nam,VNPT,linode_singapore,50.0,133.78
2026-09-14T03:58:22,Nam,VNPT,cloudflare,54.0,27.99
2026-09-14T03:58:22,Nam,VNPT,vultr_singapore,206.0,2.87
2026-09-14T03:58:22,Nam,VNPT,vultr_seoul,84.0,156.06
2026-09-14T03:58:22,Nam,VNPT,linode_singapore,51.0,220.75
2026-09-14T04:09:01,Nam,VNPT,cloudflare,52.0,25.25
2026-09-14T04:09:01,Nam,VNPT,vultr_singapore,208.0,2.71
2026-09-14T04:09:01,Nam,VNPT,vultr_seoul,83.0,75.48
2026-09-14T04:09:01,Nam,VNPT,linode_singapore,50.0,189.56
2026-09-14T04:19:46,Nam,VNPT,cloudflare,52.0,24.55
2026-09-14T04:19:46,Nam,VNPT,vultr_singapore,207.0,2.87
2026-09-14T04:19:46,Nam,VNPT,vultr_seoul,84.0,223.71
2026-09-14T04:19:46,Nam,VNPT,linode_singapore,49.0,183.5
2026-09-14T04:30:25,Nam,VNPT,cloudflare,52.0,30.92
2026-09-14T04:30:25,Nam,VNPT,vultr_singapore,207.0,2.78
2026-09-14T04:30:25,Nam,VNPT,vultr_seoul,85.0,36.29
2026-09-14T04:30:25,Nam,VNPT,linode_singapore,50.0,182.86
2026-09-14T04:41:15,Nam,VNPT,cloudflare,51.0,25.12
2026-09-14T04:41:15,Nam,VNPT,vultr_singapore,213.0,2.58
2026-09-14T04:41:15,Nam,VNPT,vultr_seoul,80.0,202.23
2026-09-14T04:41:15,Nam,VNPT,linode_singapore,49.0,150.55
2026-09-14T04:51:54,Nam,VNPT,cloudflare,51.0,29.09
2026-09-14T04:51:54,Nam,VNPT,vultr_singapore,213.0,2.89
2026-09-14T04:51:54,Nam,VNPT,vultr_seoul,82.0,222.22
2026-09-14T04:51:54,Nam,VNPT,linode_singapore,50.0,126.72
2026-09-14T05:02:34,Nam,VNPT,cloudflare,51.0,28.48
2026-09-14T05:02:34,Nam,VNPT,vultr_singapore,213.0,2.49
2026-09-14T05:02:34,Nam,VNPT,vultr_seoul,80.0,224.33
2026-09-14T05:02:34,Nam,VNPT,linode_singapore,50.0,265.82
2026-09-14T05:13:11,Nam,VNPT,cloudflare,51.0,25.4
2026-09-14T05:13:11,Nam,VNPT,vultr_singapore,214.0,2.69
2026-09-14T05:13:11,Nam,VNPT,vultr_seoul,81.0,238.73
2026-09-14T05:13:11,Nam,VNPT,linode_singapore,51.0,145.38
2026-09-14T05:23:51,Nam,VNPT,cloudflare,50.0,19.46
2026-09-14T05:23:51,Nam,VNPT,vultr_singapore,212.0,2.51
2026-09-14T05:23:51,Nam,VNPT,vultr_seoul,81.0,208.94
2026-09-14T05:23:51,Nam,VNPT,linode_singapore,49.0,5.65
2026-09-14T05:34:47,Nam,VNPT,cloudflare,51.0,19.58
2026-09-14T05:34:47,Nam,VNPT,vultr_singapore,212.0,12.89
2026-09-14T05:34:47,Nam,VNPT,vultr_seoul,83.0,267.16
2026-09-14T05:34:47,Nam,VNPT,linode_singapore,49.0,121.86
2026-09-14T05:45:27,Nam,VNPT,cloudflare,51.0,16.08
2026-09-14T05:45:27,Nam,VNPT,vultr_singapore,213.0,2.6
2026-09-14T05:45:27,Nam,VNPT,vultr_seoul,81.0,32.5
2026-09-14T05:45:27,Nam,VNPT,linode_singapore,50.0,116.95
2026-09-14T05:56:20,Nam,VNPT,cloudflare,52.0,26.28
2026-09-14T05:56:20,Nam,VNPT,vultr_singapore,213.0,13.56
2026-09-14T05:56:20,Nam,VNPT,vultr_seoul,81.0,221.23
2026-09-14T05:56:20,Nam,VNPT,linode_singapore,50.0,163.55
2026-09-14T06:06:59,Nam,VNPT,cloudflare,50.0,33.99
2026-09-14T06:06:59,Nam,VNPT,vultr_singapore,206.0,2.56
2026-09-14T06:06:59,Nam,VNPT,vultr_seoul,82.0,35.65
2026-09-14T06:06:59,Nam,VNPT,linode_singapore,50.0,17.02
2026-09-14T06:17:59,Nam,VNPT,cloudflare,50.0,30.12
2026-09-14T06:17:59,Nam,VNPT,vultr_singapore,209.0,2.71
2026-09-14T06:17:59,Nam,VNPT,vultr_seoul,82.0,232.4
2026-09-14T06:17:59,Nam,VNPT,linode_singapore,50.0,83.38
2026-09-14T06:28:42,Nam,VNPT,cloudflare,51.0,25.07
2026-09-14T06:28:42,Nam,VNPT,vultr_singapore,207.0,2.7
2026-09-14T06:28:42,Nam,VNPT,vultr_seoul,81.0,237.16
2026-09-14T06:28:42,Nam,VNPT,linode_singapore,51.0,197.81
2026-09-14T06:39:20,Nam,VNPT,cloudflare,56.0,24.3
2026-09-14T06:39:20,Nam,VNPT,vultr_singapore,207.0,2.63
2026-09-14T06:39:20,Nam,VNPT,vultr_seoul,80.0,227.29
2026-09-14T06:39:20,Nam,VNPT,linode_singapore,49.0,144.85
2026-09-14T06:50:00,Nam,VNPT,cloudflare,53.0,24.7
2026-09-14T06:50:00,Nam,VNPT,vultr_singapore,206.0,2.58
2026-09-14T06:50:00,Nam,VNPT,vultr_seoul,81.0,198.6
2026-09-14T06:50:00,Nam,VNPT,linode_singapore,49.0,161.93
2026-09-14T07:00:39,Nam,VNPT,cloudflare,51.0,34.8
2026-09-14T07:00:39,Nam,VNPT,vultr_singapore,207.0,2.74
2026-09-14T07:00:39,Nam,VNPT,vultr_seoul,83.0,227.37
2026-09-14T07:00:39,Nam,VNPT,linode_singapore,54.0,287.63
2026-09-14T07:11:15,Nam,VNPT,cloudflare,53.0,30.78
2026-09-14T07:11:15,Nam,VNPT,vultr_singapore,206.0,2.54
2026-09-14T07:11:15,Nam,VNPT,vultr_seoul,85.0,16.22
2026-09-14T07:11:15,Nam,VNPT,linode_singapore,49.0,239.69
2026-09-14T07:22:03,Nam,VNPT,cloudflare,80.0,13.17
2026-09-14T07:22:03,Nam,VNPT,vultr_singapore,233.0,2.48
2026-09-14T07:22:03,Nam,VNPT,vultr_seoul,81.0,224.37
2026-09-14T07:22:03,Nam,VNPT,linode_singapore,51.0,7.42
2026-09-14T09:33:29,Nam,VNPT,cloudflare,55.0,24.44
2026-09-14T09:33:29,Nam,VNPT,vultr_singapore,221.0,2.86
2026-09-14T09:33:29,Nam,VNPT,vultr_seoul,82.0,255.65
2026-09-14T09:33:29,Nam,VNPT,linode_singapore,50.0,157.91
2026-09-14T09:44:08,Nam,VNPT,cloudflare,53.0,24.02
2026-09-14T09:44:08,Nam,VNPT,vultr_singapore,261.0,2.63
2026-09-14T09:44:08,Nam,VNPT,vultr_seoul,84.0,12.28
2026-09-14T09:44:08,Nam,VNPT,linode_singapore,52.0,112.45
2026-09-14T09:55:00,Nam,VNPT,cloudflare,53.0,9.65
2026-09-14T09:55:00,Nam,VNPT,vultr_singapore,296.0,2.95
2026-09-14T09:55:00,Nam,VNPT,vultr_seoul,83.0,122.82
2026-09-14T09:55:00,Nam,VNPT,linode_singapore,52.0,178.26
2026-09-14T10:05:43,Nam,VNPT,cloudflare,53.0,25.22
2026-09-14T10:05:43,Nam,VNPT,vultr_singapore,239.0,2.78
2026-09-14T10:05:43,Nam,VNPT,vultr_seoul,83.0,200.7
2026-09-14T10:05:43,Nam,VNPT,linode_singapore,51.0,131.96
2026-09-14T10:16:23,Nam,VNPT,cloudflare,53.0,21.48
2026-09-14T10:16:23,Nam,VNPT,vultr_singapore,231.0,11.68
2026-09-14T10:16:23,Nam,VNPT,vultr_seoul,86.0,67.77
2026-09-14T10:16:23,Nam,VNPT,linode_singapore,50.0,158.33
2026-09-14T10:27:11,Nam,VNPT,cloudflare,52.0,31.03
2026-09-14T10:27:11,Nam,VNPT,vultr_singapore,235.0,9.4
2026-09-14T10:27:11,Nam,VNPT,vultr_seoul,88.0,220.9
2026-09-14T10:27:11,Nam,VNPT,linode_singapore,50.0,166.04
2026-09-14T10:37:49,Nam,VNPT,cloudflare,52.0,11.26
2026-09-14T10:37:49,Nam,VNPT,vultr_singapore,206.0,2.65
2026-09-14T10:37:49,Nam,VNPT,vultr_seoul,82.0,223.23
2026-09-14T10:37:49,Nam,VNPT,linode_singapore,48.0,247.55
2026-09-14T10:48:27,Nam,VNPT,cloudflare,52.0,29.29
2026-09-14T10:48:27,Nam,VNPT,vultr_singapore,481.0,0.79
2026-09-14T10:48:27,Nam,VNPT,vultr_seoul,86.0,247.88
2026-09-14T10:48:27,Nam,VNPT,linode_singapore,51.0,128.05
2026-09-14T10:59:10,Nam,VNPT,cloudflare,269.0,5.12
2026-09-14T10:59:10,Nam,VNPT,vultr_singapore,280.0,6.43
2026-09-14T10:59:10,Nam,VNPT,vultr_seoul,80.0,182.08
2026-09-14T10:59:10,Nam,VNPT,linode_singapore,59.0,100.59
2026-09-14T11:09:55,Nam,VNPT,cloudflare,55.0,8.37
2026-09-14T11:09:55,Nam,VNPT,vultr_singapore,258.0,2.9
2026-09-14T11:09:55,Nam,VNPT,vultr_seoul,84.0,242.71
2026-09-14T11:09:55,Nam,VNPT,linode_singapore,51.0,215.85
2026-09-14T11:20:34,Nam,VNPT,cloudflare,53.0,13.79
2026-09-14T11:20:34,Nam,VNPT,vultr_singapore,225.0,2.7
2026-09-14T11:20:34,Nam,VNPT,vultr_seoul,83.0,254.07
2026-09-14T11:20:34,Nam,VNPT,linode_singapore,51.0,163.04
2026-09-14T11:31:13,Nam,VNPT,cloudflare,52.0,17.3
2026-09-14T11:31:13,Nam,VNPT,vultr_singapore,256.0,2.79
2026-09-14T11:31:13,Nam,VNPT,vultr_seoul,91.0,130.94
2026-09-14T11:31:13,Nam,VNPT,linode_singapore,55.0,122.21
2026-09-14T11:41:56,Nam,VNPT,cloudflare,54.0,10.07
2026-09-14T11:41:56,Nam,VNPT,vultr_singapore,249.0,2.81
2026-09-14T11:41:56,Nam,VNPT,vultr_seoul,83.0,227.23
2026-09-14T11:41:56,Nam,VNPT,linode_singapore,51.0,113.02
2026-09-14T11:52:38,Nam,VNPT,cloudflare,54.0,13.12
2026-09-14T11:52:38,Nam,VNPT,vultr_singapore,246.0,13.71
2026-09-14T11:52:38,Nam,VNPT,vultr_seoul,81.0,221.89
2026-09-14T11:52:38,Nam,VNPT,linode_singapore,49.0,148.58
2026-09-14T12:03:18,Nam,VNPT,cloudflare,52.0,2.6
2026-09-14T12:03:18,Nam,VNPT,vultr_singapore,254.0,2.63
2026-09-14T12:03:18,Nam,VNPT,vultr_seoul,83.0,6.78
2026-09-14T12:03:18,Nam,VNPT,linode_singapore,51.0,140.8
2026-09-14T12:14:15,Nam,VNPT,cloudflare,52.0,1.92
2026-09-14T12:14:15,Nam,VNPT,vultr_singapore,209.0,2.71
2026-09-14T12:14:15,Nam,VNPT,vultr_seoul,80.0,187.21
2026-09-14T12:14:15,Nam,VNPT,linode_singapore,51.0,137.92
2026-09-14T12:25:03,Nam,VNPT,cloudflare,52.0,4.57
2026-09-14T12:25:03,Nam,VNPT,vultr_singapore,216.0,3.49
2026-09-14T12:25:03,Nam,VNPT,vultr_seoul,81.0,15.22
2026-09-14T12:25:03,Nam,VNPT,linode_singapore,51.0,226.51
2026-09-14T12:35:55,Nam,VNPT,cloudflare,52.0,1.85
2026-09-14T12:35:55,Nam,VNPT,vultr_singapore,240.0,2.84
2026-09-14T12:35:55,Nam,VNPT,vultr_seoul,82.0,15.62
2026-09-14T12:35:55,Nam,VNPT,linode_singapore,50.0,142.79
2026-09-14T12:46:54,Nam,VNPT,cloudflare,54.0,2.5
2026-09-14T12:46:54,Nam,VNPT,vultr_singapore,249.0,3.01
2026-09-14T12:46:54,Nam,VNPT,vultr_seoul,81.0,203.8
2026-09-14T12:46:54,Nam,VNPT,linode_singapore,50.0,149.38
2026-09-14T12:57:39,Nam,VNPT,cloudflare,53.0,5.37
2026-09-14T12:57:39,Nam,VNPT,vultr_singapore,239.0,2.68
2026-09-14T12:57:39,Nam,VNPT,vultr_seoul,84.0,216.39
2026-09-14T12:57:39,Nam,VNPT,linode_singapore,50.0,212.23
2026-09-14T13:08:19,Nam,VNPT,cloudflare,55.0,6.58
2026-09-14T13:08:19,Nam,VNPT,vultr_singapore,235.0,2.85
2026-09-14T13:08:19,Nam,VNPT,vultr_seoul,81.0,222.1
2026-09-14T13:08:19,Nam,VNPT,linode_singapore,50.0,4.17
2026-09-14T13:19:10,Nam,VNPT,cloudflare,88.0,4.19
2026-09-14T13:19:10,Nam,VNPT,vultr_singapore,280.0,2.92
2026-09-14T13:19:10,Nam,VNPT,vultr_seoul,81.0,226.41
2026-09-14T13:19:10,Nam,VNPT,linode_singapore,52.0,132.39
2026-09-14T13:29:54,Nam,VNPT,cloudflare,52.0,6.54
2026-09-14T13:29:54,Nam,VNPT,vultr_singapore,269.0,4.05
2026-09-14T13:29:54,Nam,VNPT,vultr_seoul,179.0,135.75
2026-09-14T13:29:54,Nam,VNPT,linode_singapore,51.0,126.28
2026-09-14T13:40:39,Nam,VNPT,cloudflare,52.0,4.98
2026-09-14T13:40:39,Nam,VNPT,vultr_singapore,274.0,2.83
2026-09-14T13:40:39,Nam,VNPT,vultr_seoul,81.0,214.58
2026-09-14T13:40:39,Nam,VNPT,linode_singapore,60.0,207.99
2026-09-14T13:51:20,Nam,VNPT,cloudflare,53.0,16.26
2026-09-14T13:51:20,Nam,VNPT,vultr_singapore,238.0,2.83
2026-09-14T13:51:20,Nam,VNPT,vultr_seoul,81.0,150.68
2026-09-14T13:51:20,Nam,VNPT,linode_singapore,88.0,8.24
2026-09-14T14:02:11,Nam,VNPT,cloudflare,53.0,5.27
2026-09-14T14:02:11,Nam,VNPT,vultr_singapore,221.0,2.88
2026-09-14T14:02:11,Nam,VNPT,vultr_seoul,83.0,261.71
2026-09-14T14:02:11,Nam,VNPT,linode_singapore,50.0,122.16
2026-09-14T14:12:53,Nam,VNPT,cloudflare,53.0,7.75
2026-09-14T14:12:53,Nam,VNPT,vultr_singapore,226.0,5.55
2026-09-14T14:12:53,Nam,VNPT,vultr_seoul,83.0,139.71
2026-09-14T14:12:53,Nam,VNPT,linode_singapore,51.0,246.73
2026-09-14T14:23:34,Nam,VNPT,cloudflare,51.0,8.01
2026-09-14T14:23:34,Nam,VNPT,vultr_singapore,231.0,2.89
2026-09-14T14:23:34,Nam,VNPT,vultr_seoul,83.0,245.17
2026-09-14T14:23:34,Nam,VNPT,linode_singapore,51.0,208.68
2026-09-14T14:34:12,Nam,VNPT,cloudflare,52.0,10.58
2026-09-14T14:34:12,Nam,VNPT,vultr_singapore,251.0,2.79
2026-09-14T14:34:12,Nam,VNPT,vultr_seoul,96.0,49.69
2026-09-14T14:34:12,Nam,VNPT,linode_singapore,51.0,159.13
2026-09-14T14:45:04,Nam,VNPT,cloudflare,51.0,5.61
2026-09-14T14:45:04,Nam,VNPT,vultr_singapore,224.0,7.18
2026-09-14T14:45:04,Nam,VNPT,vultr_seoul,83.0,189.33
2026-09-14T14:45:04,Nam,VNPT,linode_singapore,52.0,297.86
2026-09-14T14:55:43,Nam,VNPT,cloudflare,54.0,5.89
2026-09-14T14:55:43,Nam,VNPT,vultr_singapore,206.0,2.9
2026-09-14T14:55:43,Nam,VNPT,vultr_seoul,81.0,78.44
2026-09-14T14:55:43,Nam,VNPT,linode_singapore,51.0,65.36
2026-09-14T15:06:39,Nam,VNPT,cloudflare,54.0,6.94
2026-09-14T15:06:39,Nam,VNPT,vultr_singapore,253.0,45.65
2026-09-14T15:06:39,Nam,VNPT,vultr_seoul,83.0,73.42
2026-09-14T15:06:39,Nam,VNPT,linode_singapore,50.0,133.89
2026-09-14T18:42:52,Nam,VNPT,cloudflare,52.0,5.28
2026-09-14T18:42:52,Nam,VNPT,vultr_singapore,218.0,2.65
2026-09-14T18:42:52,Nam,VNPT,vultr_seoul,80.0,104.18
2026-09-14T18:42:52,Nam,VNPT,linode_singapore,49.0,127.61
2026-09-14T18:53:29,Nam,VNPT,cloudflare,52.0,9.17
2026-09-14T18:53:29,Nam,VNPT,vultr_singapore,207.0,2.73
2026-09-14T18:53:29,Nam,VNPT,vultr_seoul,82.0,120.24
2026-09-14T18:53:29,Nam,VNPT,linode_singapore,54.0,168.5
2026-09-14T19:04:12,Nam,VNPT,cloudflare,52.0,2.66
2026-09-14T19:04:12,Nam,VNPT,vultr_singapore,207.0,2.48
2026-09-14T19:04:12,Nam,VNPT,vultr_seoul,82.0,81.87
2026-09-14T19:04:12,Nam,VNPT,linode_singapore,49.0,184.74
2026-09-14T19:15:02,Nam,VNPT,cloudflare,86.0,1.3
2026-09-14T19:15:02,Nam,VNPT,vultr_singapore,207.0,2.58
2026-09-14T19:15:02,Nam,VNPT,vultr_seoul,84.0,28.81
2026-09-14T19:15:02,Nam,VNPT,linode_singapore,60.0,80.56
2026-09-14T19:26:09,Nam,VNPT,cloudflare,53.0,5.49
2026-09-14T19:26:09,Nam,VNPT,vultr_singapore,208.0,2.77
2026-09-14T19:26:09,Nam,VNPT,vultr_seoul,82.0,11.27
2026-09-14T19:26:09,Nam,VNPT,linode_singapore,50.0,185.72
2026-09-14T19:37:01,Nam,VNPT,cloudflare,51.0,1.97
2026-09-14T19:37:01,Nam,VNPT,vultr_singapore,207.0,2.68
2026-09-14T19:37:01,Nam,VNPT,vultr_seoul,87.0,23.1
2026-09-14T19:37:01,Nam,VNPT,linode_singapore,108.0,14.32
2026-09-14T19:48:09,Nam,VNPT,cloudflare,52.0,2.94
2026-09-14T19:48:09,Nam,VNPT,vultr_singapore,206.0,2.52
2026-09-14T19:48:09,Nam,VNPT,vultr_seoul,89.0,2.31
2026-09-14T19:48:09,Nam,VNPT,linode_singapore,51.0,112.46
2026-09-14T19:59:06,Nam,VNPT,cloudflare,62.0,2.29
2026-09-14T19:59:06,Nam,VNPT,vultr_singapore,206.0,9.51
2026-09-14T19:59:06,Nam,VNPT,vultr_seoul,81.0,4.81
2026-09-14T19:59:06,Nam,VNPT,linode_singapore,50.0,145.65
2026-09-14T20:10:03,Nam,VNPT,cloudflare,52.0,1.82
2026-09-14T20:10:03,Nam,VNPT,vultr_singapore,207.0,2.71
2026-09-14T20:10:03,Nam,VNPT,vultr_seoul,82.0,9.03
2026-09-14T20:10:03,Nam,VNPT,linode_singapore,50.0,104.29
2026-09-14T20:21:05,Nam,VNPT,cloudflare,51.0,2.48
2026-09-14T20:21:05,Nam,VNPT,vultr_singapore,206.0,2.5
2026-09-14T20:21:05,Nam,VNPT,vultr_seoul,81.0,1.47
2026-09-14T20:21:05,Nam,VNPT,linode_singapore,50.0,180.66
2026-09-14T20:32:00,Nam,VNPT,cloudflare,52.0,1.7
2026-09-14T20:32:00,Nam,VNPT,vultr_singapore,208.0,2.57
2026-09-14T20:32:00,Nam,VNPT,vultr_seoul,81.0,1.09
2026-09-14T20:32:00,Nam,VNPT,linode_singapore,50.0,130.57
2026-09-14T20:43:01,Nam,VNPT,cloudflare,49.0,1.18
2026-09-14T20:43:01,Nam,VNPT,vultr_singapore,206.0,2.56
2026-09-14T20:43:01,Nam,VNPT,vultr_seoul,82.0,2.18
2026-09-14T20:43:01,Nam,VNPT,linode_singapore,50.0,7.11
2026-09-14T20:54:14,Nam,VNPT,cloudflare,55.0,2.07
2026-09-14T20:54:14,Nam,VNPT,vultr_singapore,254.0,2.49
2026-09-14T20:54:14,Nam,VNPT,vultr_seoul,82.0,0.83
2026-09-14T20:54:14,Nam,VNPT,linode_singapore,50.0,67.09
2026-09-14T21:05:20,Nam,VNPT,cloudflare,53.0,2.75
2026-09-14T21:05:20,Nam,VNPT,vultr_singapore,206.0,2.52
2026-09-14T21:05:20,Nam,VNPT,vultr_seoul,82.0,6.15
2026-09-14T21:05:20,Nam,VNPT,linode_singapore,51.0,237.75
2026-09-14T21:16:14,Nam,VNPT,cloudflare,52.0,1.59
2026-09-14T21:16:14,Nam,VNPT,vultr_singapore,204.0,2.65
2026-09-14T21:16:14,Nam,VNPT,vultr_seoul,85.0,1.53
2026-09-14T21:16:14,Nam,VNPT,linode_singapore,50.0,236.69
2026-09-14T22:26:01,Nam,VNPT,cloudflare,53.0,4.01
2026-09-14T22:26:01,Nam,VNPT,vultr_singapore,248.0,2.62
2026-09-14T22:26:01,Nam,VNPT,vultr_seoul,82.0,225.54
2026-09-14T22:26:01,Nam,VNPT,linode_singapore,47.0,130.27
2026-09-14T22:36:44,Nam,VNPT,cloudflare,52.0,3.12
2026-09-14T22:36:44,Nam,VNPT,vultr_singapore,260.0,6.42
2026-09-14T22:36:44,Nam,VNPT,vultr_seoul,82.0,248.05
2026-09-14T22:36:44,Nam,VNPT,linode_singapore,50.0,158.6
2026-09-14T22:47:27,Nam,VNPT,cloudflare,52.0,3.11
2026-09-14T22:47:27,Nam,VNPT,vultr_singapore,236.0,2.53
2026-09-14T22:47:27,Nam,VNPT,vultr_seoul,80.0,238.54
2026-09-14T22:47:27,Nam,VNPT,linode_singapore,50.0,221.96
2026-09-14T22:58:09,Nam,VNPT,cloudflare,54.0,8.3
2026-09-14T22:58:09,Nam,VNPT,vultr_singapore,239.0,2.93
2026-09-14T22:58:09,Nam,VNPT,vultr_seoul,87.0,246.21
2026-09-14T22:58:09,Nam,VNPT,linode_singapore,50.0,179.96
2026-09-14T23:08:48,Nam,VNPT,cloudflare,53.0,6.4
2026-09-14T23:08:48,Nam,VNPT,vultr_singapore,303.0,2.94
2026-09-14T23:08:48,Nam,VNPT,vultr_seoul,82.0,252.83
2026-09-14T23:08:48,Nam,VNPT,linode_singapore,53.0,176.51
2026-09-14T23:19:28,Nam,VNPT,cloudflare,221.0,4.82
2026-09-14T23:19:28,Nam,VNPT,vultr_singapore,294.0,2.65
2026-09-14T23:19:28,Nam,VNPT,vultr_seoul,265.0,83.04
2026-09-14T23:19:28,Nam,VNPT,linode_singapore,50.0,20.33
2026-09-15T08:09:55,Nam,VNPT,cloudflare,79.0,13.34
2026-09-15T08:09:55,Nam,VNPT,vultr_singapore,114.0,4.52
2026-09-15T08:09:55,Nam,VNPT,vultr_seoul,132.0,45.34
2026-09-15T08:09:55,Nam,VNPT,linode_singapore,115.0,9.28
2026-09-15T08:20:55,Nam,VNPT,cloudflare,135.0,8.08
2026-09-15T08:20:55,Nam,VNPT,vultr_singapore,102.0,2.45
2026-09-15T08:20:55,Nam,VNPT,vultr_seoul,144.0,7.85
2026-09-15T08:20:55,Nam,VNPT,linode_singapore,72.0,1.84
2026-09-15T08:31:57,Nam,VNPT,cloudflare,109.0,5.96
2026-09-15T08:31:57,Nam,VNPT,vultr_singapore,67.0,20.06
2026-09-15T08:31:57,Nam,VNPT,vultr_seoul,140.0,2.22
2026-09-15T08:31:57,Nam,VNPT,linode_singapore,84.0,8.23
2026-09-15T08:42:59,Nam,VNPT,cloudflare,93.0,13.08
2026-09-15T08:42:59,Nam,VNPT,vultr_singapore,93.0,8.48
2026-09-15T08:42:59,Nam,VNPT,vultr_seoul,127.0,68.21
2026-09-15T08:42:59,Nam,VNPT,linode_singapore,89.0,8.24
2026-09-15T08:53:56,Nam,VNPT,cloudflare,129.0,13.86
2026-09-15T08:53:56,Nam,VNPT,vultr_singapore,100.0,5.82
2026-09-15T08:53:56,Nam,VNPT,vultr_seoul,118.0,84.77
2026-09-15T08:53:56,Nam,VNPT,linode_singapore,288.0,9.04
2026-09-15T09:04:52,Nam,VNPT,cloudflare,94.0,7.32
2026-09-15T09:04:52,Nam,VNPT,vultr_singapore,110.0,6.74
2026-09-15T09:04:52,Nam,VNPT,vultr_seoul,172.0,96.55
2026-09-15T09:04:52,Nam,VNPT,linode_singapore,122.0,86.24
2026-09-15T09:15:42,Nam,VNPT,cloudflare,108.0,7.19
2026-09-15T09:15:42,Nam,VNPT,vultr_singapore,89.0,6.24
2026-09-15T09:15:42,Nam,VNPT,vultr_seoul,133.0,30.33
2026-09-15T09:15:42,Nam,VNPT,linode_singapore,109.0,2.9
2026-09-15T09:26:44,Nam,VNPT,cloudflare,94.0,8.19
2026-09-15T09:26:44,Nam,VNPT,vultr_singapore,52.0,5.98
2026-09-15T09:26:44,Nam,VNPT,vultr_seoul,126.0,6.57
2026-09-15T09:26:44,Nam,VNPT,linode_singapore,89.0,1.83
2026-09-15T09:37:46,Nam,VNPT,cloudflare,84.0,5.09
2026-09-15T09:37:46,Nam,VNPT,vultr_singapore,96.0,18.06
2026-09-15T09:37:46,Nam,VNPT,vultr_seoul,137.0,36.03
2026-09-15T09:37:46,Nam,VNPT,linode_singapore,130.0,50.72
2026-09-15T09:48:49,Nam,VNPT,cloudflare,148.0,5.96
2026-09-15T09:48:49,Nam,VNPT,vultr_singapore,102.0,7.03
2026-09-15T09:48:49,Nam,VNPT,vultr_seoul,187.0,12.09
2026-09-15T09:48:49,Nam,VNPT,linode_singapore,140.0,12.95
2026-09-15T09:59:53,Nam,VNPT,cloudflare,111.0,4.39
2026-09-15T09:59:53,Nam,VNPT,vultr_singapore,109.0,7.19
2026-09-15T09:59:53,Nam,VNPT,vultr_seoul,120.0,70.04
2026-09-15T09:59:53,Nam,VNPT,linode_singapore,74.0,2.02
2026-09-15T10:10:53,Nam,VNPT,cloudflare,115.0,7.62
2026-09-15T10:10:53,Nam,VNPT,vultr_singapore,152.0,5.69
2026-09-15T10:10:53,Nam,VNPT,vultr_seoul,177.0,56.41
2026-09-15T10:10:53,Nam,VNPT,linode_singapore,98.0,3.0
2026-09-15T10:21:54,Nam,VNPT,cloudflare,125.0,5.38
2026-09-15T10:21:54,Nam,VNPT,vultr_singapore,183.0,9.5
2026-09-15T10:21:54,Nam,VNPT,vultr_seoul,158.0,37.81
2026-09-15T10:21:54,Nam,VNPT,linode_singapore,75.0,1.72
2026-09-15T10:32:57,Nam,VNPT,cloudflare,559.0,3.77
2026-09-15T10:32:57,Nam,VNPT,vultr_singapore,115.0,8.47
2026-09-15T10:32:57,Nam,VNPT,vultr_seoul,183.0,32.03
2026-09-15T10:32:57,Nam,VNPT,linode_singapore,354.0,30.85
2026-09-15T10:44:01,Nam,VNPT,cloudflare,256.0,5.01
2026-09-15T10:44:01,Nam,VNPT,vultr_singapore,508.0,4.64
2026-09-15T10:44:01,Nam,VNPT,vultr_seoul,198.0,10.37
2026-09-15T10:44:01,Nam,VNPT,linode_singapore,156.0,9.84
2026-09-15T10:55:05,Nam,VNPT,cloudflare,137.0,12.04
2026-09-15T10:55:05,Nam,VNPT,vultr_singapore,277.0,5.61
2026-09-15T10:55:05,Nam,VNPT,vultr_seoul,155.0,8.85
2026-09-15T10:55:05,Nam,VNPT,linode_singapore,96.0,2.68
2026-09-15T11:06:06,Nam,VNPT,cloudflare,91.0,5.66
2026-09-15T11:06:06,Nam,VNPT,vultr_singapore,162.0,2.38
2026-09-15T11:06:06,Nam,VNPT,vultr_seoul,183.0,10.18
2026-09-15T11:06:06,Nam,VNPT,linode_singapore,165.0,7.97
2026-09-15T11:17:08,Nam,VNPT,cloudflare,107.0,1.82
2026-09-15T11:17:08,Nam,VNPT,vultr_singapore,115.0,5.84
2026-09-15T11:17:08,Nam,VNPT,vultr_seoul,197.0,1.74
2026-09-15T11:17:08,Nam,VNPT,linode_singapore,96.0,2.14
2026-09-15T11:28:17,Nam,VNPT,cloudflare,147.0,6.61
2026-09-15T11:28:17,Nam,VNPT,vultr_singapore,281.0,6.94
2026-09-15T11:28:17,Nam,VNPT,vultr_seoul,231.0,1.43
2026-09-15T11:28:17,Nam,VNPT,linode_singapore,654.0,32.93
2026-09-15T17:06:36,Nam,VNPT,cloudflare,65.0,17.88
2026-09-15T17:06:36,Nam,VNPT,vultr_singapore,38.0,56.01
2026-09-15T17:06:36,Nam,VNPT,vultr_seoul,132.0,9.21
2026-09-15T17:06:36,Nam,VNPT,linode_singapore,64.0,32.75
2026-09-15T17:17:36,Nam,VNPT,cloudflare,124.0,19.92
2026-09-15T17:17:36,Nam,VNPT,vultr_singapore,73.0,10.97
2026-09-15T17:17:36,Nam,VNPT,vultr_seoul,141.0,45.67
2026-09-15T17:17:36,Nam,VNPT,linode_singapore,66.0,4.46
2026-09-15T17:28:36,Nam,VNPT,cloudflare,55.0,19.09
2026-09-15T17:28:36,Nam,VNPT,vultr_singapore,50.0,13.54
2026-09-15T17:28:36,Nam,VNPT,vultr_seoul,110.0,86.54
2026-09-15T17:28:36,Nam,VNPT,linode_singapore,46.0,18.5
2026-09-15T22:58:07,Nam,VNPT,cloudflare,249.0,2.64
2026-09-15T22:58:07,Nam,VNPT,vultr_singapore,54.0,7.38
2026-09-15T22:58:07,Nam,VNPT,vultr_seoul,109.0,11.56
2026-09-15T22:58:07,Nam,VNPT,linode_singapore,52.0,18.03
2026-09-16T07:05:39,Nam,VNPT,cloudflare,58.0,17.82
2026-09-16T07:05:39,Nam,VNPT,vultr_singapore,75.0,6.54
2026-09-16T07:05:39,Nam,VNPT,vultr_seoul,153.0,14.05
2026-09-16T07:05:39,Nam,VNPT,linode_singapore,49.0,19.56
2026-09-16T07:16:38,Nam,VNPT,cloudflare,58.0,19.09
2026-09-16T07:16:38,Nam,VNPT,vultr_singapore,56.0,10.0
2026-09-16T07:16:38,Nam,VNPT,vultr_seoul,127.0,28.64
2026-09-16T07:16:38,Nam,VNPT,linode_singapore,53.0,19.1
2026-09-16T07:27:38,Nam,VNPT,cloudflare,50.0,23.5
2026-09-16T07:27:38,Nam,VNPT,vultr_singapore,54.0,17.04
2026-09-16T07:27:38,Nam,VNPT,vultr_seoul,136.0,24.98
2026-09-16T07:27:38,Nam,VNPT,linode_singapore,50.0,16.84
2026-09-16T07:38:38,Nam,VNPT,cloudflare,52.0,19.21
2026-09-16T07:38:38,Nam,VNPT,vultr_singapore,55.0,7.13
2026-09-16T07:38:38,Nam,VNPT,vultr_seoul,185.0,4.81
2026-09-16T07:38:38,Nam,VNPT,linode_singapore,50.0,39.02
2026-09-16T07:49:38,Nam,VNPT,cloudflare,53.0,24.53
2026-09-16T07:49:38,Nam,VNPT,vultr_singapore,56.0,12.87
2026-09-16T07:49:38,Nam,VNPT,vultr_seoul,190.0,21.49
2026-09-16T07:49:38,Nam,VNPT,linode_singapore,49.0,63.27
2026-09-16T08:00:36,Nam,VNPT,cloudflare,57.0,17.86
2026-09-16T08:00:36,Nam,VNPT,vultr_singapore,72.0,6.15
2026-09-16T08:00:36,Nam,VNPT,vultr_seoul,164.0,40.44
2026-09-16T08:00:36,Nam,VNPT,linode_singapore,65.0,35.2
2026-09-16T08:11:39,Nam,VNPT,cloudflare,52.0,15.6
2026-09-16T08:11:39,Nam,VNPT,vultr_singapore,54.0,26.76
2026-09-16T08:11:39,Nam,VNPT,vultr_seoul,162.0,50.78
2026-09-16T08:11:39,Nam,VNPT,linode_singapore,52.0,58.08
2026-09-16T08:22:38,Nam,VNPT,cloudflare,55.0,20.06
2026-09-16T08:22:38,Nam,VNPT,vultr_singapore,56.0,2.67
2026-09-16T08:22:38,Nam,VNPT,vultr_seoul,166.0,42.85
2026-09-16T08:22:38,Nam,VNPT,linode_singapore,52.0,50.64
2026-09-16T08:33:38,Nam,VNPT,cloudflare,50.0,18.25
2026-09-16T08:33:38,Nam,VNPT,vultr_singapore,55.0,6.46
2026-09-16T08:33:38,Nam,VNPT,vultr_seoul,203.0,4.91
2026-09-16T08:33:38,Nam,VNPT,linode_singapore,50.0,16.41
2026-09-16T08:44:38,Nam,VNPT,cloudflare,52.0,15.39
2026-09-16T08:44:38,Nam,VNPT,vultr_singapore,56.0,2.87
2026-09-16T08:44:38,Nam,VNPT,vultr_seoul,134.0,11.9
2026-09-16T08:44:38,Nam,VNPT,linode_singapore,79.0,11.32
2026-09-16T08:55:38,Nam,VNPT,cloudflare,52.0,16.02
2026-09-16T08:55:38,Nam,VNPT,vultr_singapore,84.0,5.67
2026-09-16T08:55:38,Nam,VNPT,vultr_seoul,153.0,5.13
2026-09-16T08:55:38,Nam,VNPT,linode_singapore,50.0,17.5
2026-09-16T09:06:38,Nam,VNPT,cloudflare,50.0,12.39
2026-09-16T09:06:38,Nam,VNPT,vultr_singapore,55.0,5.84
2026-09-16T09:06:38,Nam,VNPT,vultr_seoul,117.0,11.26
2026-09-16T09:06:38,Nam,VNPT,linode_singapore,58.0,17.56
2026-09-16T09:17:38,Nam,VNPT,cloudflare,57.0,18.2
2026-09-16T09:17:38,Nam,VNPT,vultr_singapore,55.0,9.56
2026-09-16T09:17:38,Nam,VNPT,vultr_seoul,140.0,12.66
2026-09-16T09:17:38,Nam,VNPT,linode_singapore,50.0,34.16
2026-09-16T09:28:37,Nam,VNPT,cloudflare,52.0,15.55
2026-09-16T09:28:37,Nam,VNPT,vultr_singapore,57.0,6.23
2026-09-16T09:28:37,Nam,VNPT,vultr_seoul,111.0,22.68
2026-09-16T09:28:37,Nam,VNPT,linode_singapore,87.0,14.55
2026-09-16T09:39:37,Nam,VNPT,cloudflare,54.0,13.45
2026-09-16T09:39:37,Nam,VNPT,vultr_singapore,58.0,11.71
2026-09-16T09:39:37,Nam,VNPT,vultr_seoul,157.0,16.47
2026-09-16T09:39:37,Nam,VNPT,linode_singapore,62.0,36.36
2026-09-16T09:50:37,Nam,VNPT,cloudflare,53.0,18.74
2026-09-16T09:50:37,Nam,VNPT,vultr_singapore,53.0,35.66
2026-09-16T09:50:37,Nam,VNPT,vultr_seoul,346.0,2.32
2026-09-16T09:50:37,Nam,VNPT,linode_singapore,63.0,21.13
2026-09-16T10:01:41,Nam,VNPT,cloudflare,50.0,22.01
2026-09-16T10:01:41,Nam,VNPT,vultr_singapore,52.0,7.95
2026-09-16T10:01:41,Nam,VNPT,vultr_seoul,139.0,24.94
2026-09-16T10:01:41,Nam,VNPT,linode_singapore,78.0,25.6
2026-09-16T10:04:10,Nam,VNPT,cloudflare,60.0,21.1
2026-09-16T10:04:10,Nam,VNPT,vultr_singapore,214.0,11.81
2026-09-16T10:04:10,Nam,VNPT,vultr_seoul,108.0,25.02
2026-09-16T10:04:10,Nam,VNPT,linode_singapore,58.0,88.74
2026-09-16T10:15:04,Nam,VNPT,cloudflare,74.0,19.66
2026-09-16T10:15:04,Nam,VNPT,vultr_singapore,214.0,2.78
2026-09-16T10:15:04,Nam,VNPT,vultr_seoul,108.0,94.66
2026-09-16T10:15:04,Nam,VNPT,linode_singapore,59.0,40.37
2026-09-16T10:25:57,Nam,VNPT,cloudflare,62.0,18.59
2026-09-16T10:25:57,Nam,VNPT,vultr_singapore,216.0,2.51
2026-09-16T10:25:57,Nam,VNPT,vultr_seoul,109.0,78.23
2026-09-16T10:25:57,Nam,VNPT,linode_singapore,55.0,101.51
2026-09-16T10:36:46,Nam,VNPT,cloudflare,62.0,19.52
2026-09-16T10:36:46,Nam,VNPT,vultr_singapore,214.0,2.11
2026-09-16T10:36:46,Nam,VNPT,vultr_seoul,108.0,62.18
2026-09-16T10:36:46,Nam,VNPT,linode_singapore,58.0,112.4
2026-09-16T10:47:37,Nam,VNPT,cloudflare,63.0,20.23
2026-09-16T10:47:37,Nam,VNPT,vultr_singapore,215.0,2.55
2026-09-16T10:47:37,Nam,VNPT,vultr_seoul,108.0,6.38
2026-09-16T10:47:37,Nam,VNPT,linode_singapore,59.0,49.79
2026-09-16T10:58:37,Nam,VNPT,cloudflare,61.0,18.97
2026-09-16T10:58:37,Nam,VNPT,vultr_singapore,215.0,11.08
2026-09-16T10:58:37,Nam,VNPT,vultr_seoul,107.0,118.91
2026-09-16T10:58:37,Nam,VNPT,linode_singapore,56.0,102.76
2026-09-16T11:09:23,Nam,VNPT,cloudflare,67.0,19.48
2026-09-16T11:09:23,Nam,VNPT,vultr_singapore,215.0,2.61
2026-09-16T11:09:23,Nam,VNPT,vultr_seoul,106.0,88.58
2026-09-16T11:09:23,Nam,VNPT,linode_singapore,61.0,49.56
2026-09-16T11:20:17,Nam,VNPT,cloudflare,60.0,21.66
2026-09-16T11:20:17,Nam,VNPT,vultr_singapore,215.0,2.52
2026-09-16T11:20:17,Nam,VNPT,vultr_seoul,107.0,135.1
2026-09-16T11:20:17,Nam,VNPT,linode_singapore,57.0,67.49
2026-09-16T11:31:05,Nam,VNPT,cloudflare,61.0,19.34
2026-09-16T11:31:05,Nam,VNPT,vultr_singapore,216.0,2.76
2026-09-16T11:31:05,Nam,VNPT,vultr_seoul,113.0,34.74
2026-09-16T11:31:05,Nam,VNPT,linode_singapore,58.0,31.52
2026-09-16T11:42:05,Nam,VNPT,cloudflare,63.0,20.42
2026-09-16T11:42:05,Nam,VNPT,vultr_singapore,221.0,2.71
2026-09-16T11:42:05,Nam,VNPT,vultr_seoul,108.0,56.28
2026-09-16T11:42:05,Nam,VNPT,linode_singapore,72.0,28.43
2026-09-16T11:53:05,Nam,VNPT,cloudflare,62.0,14.97
2026-09-16T11:53:05,Nam,VNPT,vultr_singapore,215.0,2.73
2026-09-16T11:53:05,Nam,VNPT,vultr_seoul,107.0,78.29
2026-09-16T11:53:05,Nam,VNPT,linode_singapore,57.0,28.58
2026-09-16T12:04:01,Nam,VNPT,cloudflare,64.0,16.77
2026-09-16T12:04:01,Nam,VNPT,vultr_singapore,214.0,2.46
2026-09-16T12:04:01,Nam,VNPT,vultr_seoul,110.0,15.7
2026-09-16T12:04:01,Nam,VNPT,linode_singapore,63.0,25.89
2026-09-16T12:15:01,Nam,VNPT,cloudflare,67.0,17.8
2026-09-16T12:15:01,Nam,VNPT,vultr_singapore,219.0,2.75
2026-09-16T12:15:01,Nam,VNPT,vultr_seoul,113.0,93.75
2026-09-16T12:15:01,Nam,VNPT,linode_singapore,66.0,27.25
2026-09-16T12:25:55,Nam,VNPT,cloudflare,64.0,19.26
2026-09-16T12:25:55,Nam,VNPT,vultr_singapore,222.0,2.61
2026-09-16T12:25:55,Nam,VNPT,vultr_seoul,108.0,72.73
2026-09-16T12:25:55,Nam,VNPT,linode_singapore,65.0,66.75
2026-09-16T12:36:49,Nam,VNPT,cloudflare,63.0,21.06
2026-09-16T12:36:49,Nam,VNPT,vultr_singapore,216.0,33.44
2026-09-16T12:36:49,Nam,VNPT,vultr_seoul,110.0,93.6
2026-09-16T12:36:49,Nam,VNPT,linode_singapore,58.0,87.23
2026-09-16T12:47:38,Nam,VNPT,cloudflare,62.0,17.51
2026-09-16T12:47:38,Nam,VNPT,vultr_singapore,214.0,2.65
2026-09-16T12:47:38,Nam,VNPT,vultr_seoul,108.0,79.25
2026-09-16T12:47:38,Nam,VNPT,linode_singapore,58.0,55.54
2026-09-16T12:58:33,Nam,VNPT,cloudflare,64.0,18.69
2026-09-16T12:58:33,Nam,VNPT,vultr_singapore,218.0,2.73
2026-09-16T12:58:33,Nam,VNPT,vultr_seoul,109.0,72.24
2026-09-16T12:58:33,Nam,VNPT,linode_singapore,58.0,63.02
2026-09-16T13:09:28,Nam,VNPT,cloudflare,62.0,17.97
2026-09-16T13:09:28,Nam,VNPT,vultr_singapore,220.0,2.41
2026-09-16T13:09:28,Nam,VNPT,vultr_seoul,114.0,15.04
2026-09-16T13:09:28,Nam,VNPT,linode_singapore,59.0,28.69
2026-09-16T13:20:28,Nam,VNPT,cloudflare,61.0,16.65
2026-09-16T13:20:28,Nam,VNPT,vultr_singapore,217.0,2.52
2026-09-16T13:20:28,Nam,VNPT,vultr_seoul,107.0,56.95
2026-09-16T13:20:28,Nam,VNPT,linode_singapore,64.0,66.15
2026-09-16T13:31:26,Nam,VNPT,cloudflare,63.0,16.62
2026-09-16T13:31:26,Nam,VNPT,vultr_singapore,216.0,2.57
2026-09-16T13:31:26,Nam,VNPT,vultr_seoul,113.0,65.91
2026-09-16T13:31:26,Nam,VNPT,linode_singapore,57.0,33.69
2026-09-16T13:42:23,Nam,VNPT,cloudflare,64.0,19.39
2026-09-16T13:42:23,Nam,VNPT,vultr_singapore,222.0,2.57
2026-09-16T13:42:23,Nam,VNPT,vultr_seoul,107.0,44.57
2026-09-16T13:42:23,Nam,VNPT,linode_singapore,58.0,37.96
2026-09-16T13:53:23,Nam,VNPT,cloudflare,62.0,16.29
2026-09-16T13:53:23,Nam,VNPT,vultr_singapore,215.0,2.59
2026-09-16T13:53:23,Nam,VNPT,vultr_seoul,109.0,15.09
2026-09-16T13:53:23,Nam,VNPT,linode_singapore,59.0,46.58
2026-09-16T14:04:23,Nam,VNPT,cloudflare,60.0,18.06
2026-09-16T14:04:23,Nam,VNPT,vultr_singapore,215.0,2.54
2026-09-16T14:04:23,Nam,VNPT,vultr_seoul,108.0,47.17
2026-09-16T14:04:23,Nam,VNPT,linode_singapore,62.0,55.87
2026-09-16T14:15:23,Nam,VNPT,cloudflare,61.0,19.89
2026-09-16T14:15:23,Nam,VNPT,vultr_singapore,224.0,2.69
2026-09-16T14:15:23,Nam,VNPT,vultr_seoul,109.0,55.82
2026-09-16T14:15:23,Nam,VNPT,linode_singapore,60.0,92.73
2026-09-16T14:26:17,Nam,VNPT,cloudflare,64.0,16.97
2026-09-16T14:26:17,Nam,VNPT,vultr_singapore,214.0,2.68
2026-09-16T14:26:17,Nam,VNPT,vultr_seoul,109.0,57.68
2026-09-16T14:26:17,Nam,VNPT,linode_singapore,58.0,98.35
2026-09-16T14:37:10,Nam,VNPT,cloudflare,61.0,19.49
2026-09-16T14:37:10,Nam,VNPT,vultr_singapore,214.0,2.63
2026-09-16T14:37:10,Nam,VNPT,vultr_seoul,107.0,103.68
2026-09-16T14:37:10,Nam,VNPT,linode_singapore,58.0,85.27
2026-09-16T14:47:57,Nam,VNPT,cloudflare,62.0,19.25
2026-09-16T14:47:57,Nam,VNPT,vultr_singapore,215.0,10.59
2026-09-16T14:47:57,Nam,VNPT,vultr_seoul,107.0,38.53
2026-09-16T14:47:57,Nam,VNPT,linode_singapore,56.0,41.46
2026-09-16T14:58:57,Nam,VNPT,cloudflare,61.0,17.66
2026-09-16T14:58:57,Nam,VNPT,vultr_singapore,230.0,2.7
2026-09-16T14:58:57,Nam,VNPT,vultr_seoul,108.0,103.16
2026-09-16T14:58:57,Nam,VNPT,linode_singapore,56.0,86.49
2026-09-16T15:09:45,Nam,VNPT,cloudflare,60.0,18.5
2026-09-16T15:09:45,Nam,VNPT,vultr_singapore,215.0,2.64
2026-09-16T15:09:45,Nam,VNPT,vultr_seoul,111.0,108.06
2026-09-16T15:09:45,Nam,VNPT,linode_singapore,58.0,97.81
2026-09-16T15:20:31,Nam,VNPT,cloudflare,60.0,21.62
2026-09-16T15:20:31,Nam,VNPT,vultr_singapore,216.0,2.5
2026-09-16T15:20:31,Nam,VNPT,vultr_seoul,108.0,101.83
2026-09-16T15:20:31,Nam,VNPT,linode_singapore,58.0,72.99
2026-09-16T15:31:21,Nam,VNPT,cloudflare,63.0,16.15
2026-09-16T15:31:21,Nam,VNPT,vultr_singapore,215.0,2.61
2026-09-16T15:31:21,Nam,VNPT,vultr_seoul,111.0,96.69
2026-09-16T15:31:21,Nam,VNPT,linode_singapore,58.0,75.41
2026-09-16T15:42:11,Nam,VNPT,cloudflare,64.0,17.7
2026-09-16T15:42:11,Nam,VNPT,vultr_singapore,215.0,2.94
2026-09-16T15:42:11,Nam,VNPT,vultr_seoul,108.0,10.62
2026-09-16T15:42:11,Nam,VNPT,linode_singapore,58.0,28.45
2026-09-16T15:53:11,Nam,VNPT,cloudflare,60.0,20.51
2026-09-16T15:53:11,Nam,VNPT,vultr_singapore,214.0,2.43
2026-09-16T15:53:11,Nam,VNPT,vultr_seoul,109.0,25.15
2026-09-16T15:53:11,Nam,VNPT,linode_singapore,57.0,54.23
2026-09-16T16:04:11,Nam,VNPT,cloudflare,63.0,17.89
2026-09-16T16:04:11,Nam,VNPT,vultr_singapore,215.0,2.62
2026-09-16T16:04:11,Nam,VNPT,vultr_seoul,109.0,57.06
2026-09-16T16:04:11,Nam,VNPT,linode_singapore,60.0,77.24
2026-09-16T16:15:06,Nam,VNPT,cloudflare,64.0,22.7
2026-09-16T16:15:06,Nam,VNPT,vultr_singapore,215.0,2.72
2026-09-16T16:15:06,Nam,VNPT,vultr_seoul,108.0,66.66
2026-09-16T16:15:06,Nam,VNPT,linode_singapore,57.0,69.69
2026-09-16T16:26:01,Nam,VNPT,cloudflare,60.0,19.47
2026-09-16T16:26:01,Nam,VNPT,vultr_singapore,216.0,2.56
2026-09-16T16:26:01,Nam,VNPT,vultr_seoul,108.0,114.61
2026-09-16T16:26:01,Nam,VNPT,linode_singapore,59.0,82.06
2026-09-16T16:36:49,Nam,VNPT,cloudflare,66.0,16.64
2026-09-16T16:36:49,Nam,VNPT,vultr_singapore,215.0,2.6
2026-09-16T16:36:49,Nam,VNPT,vultr_seoul,109.0,108.79
2026-09-16T16:36:49,Nam,VNPT,linode_singapore,57.0,68.95
2026-09-16T17:53:21,Nam,VNPT,cloudflare,61.0,18.69
2026-09-16T17:53:21,Nam,VNPT,vultr_singapore,214.0,2.65
2026-09-16T17:53:21,Nam,VNPT,vultr_seoul,107.0,223.61
2026-09-16T17:53:21,Nam,VNPT,linode_singapore,55.0,178.65
2026-09-16T18:03:59,Nam,VNPT,cloudflare,62.0,13.88
2026-09-16T18:03:59,Nam,VNPT,vultr_singapore,213.0,2.63
2026-09-16T18:03:59,Nam,VNPT,vultr_seoul,108.0,208.3
2026-09-16T18:03:59,Nam,VNPT,linode_singapore,59.0,94.26
2026-09-16T18:14:41,Nam,VNPT,cloudflare,61.0,18.89
2026-09-16T18:14:41,Nam,VNPT,vultr_singapore,214.0,2.52
2026-09-16T18:14:41,Nam,VNPT,vultr_seoul,109.0,189.81
2026-09-16T18:14:41,Nam,VNPT,linode_singapore,59.0,157.12
2026-09-16T18:25:21,Nam,VNPT,cloudflare,62.0,17.13
2026-09-16T18:25:21,Nam,VNPT,vultr_singapore,214.0,2.45
2026-09-16T18:25:21,Nam,VNPT,vultr_seoul,108.0,201.65
2026-09-16T18:25:21,Nam,VNPT,linode_singapore,58.0,128.04
2026-09-16T18:36:01,Nam,VNPT,cloudflare,61.0,21.67
2026-09-16T18:36:01,Nam,VNPT,vultr_singapore,213.0,2.53
2026-09-16T18:36:01,Nam,VNPT,vultr_seoul,108.0,180.81
2026-09-16T18:36:01,Nam,VNPT,linode_singapore,57.0,107.07
2026-09-16T18:46:43,Nam,VNPT,cloudflare,60.0,18.64
2026-09-16T18:46:43,Nam,VNPT,vultr_singapore,214.0,2.64
2026-09-16T18:46:43,Nam,VNPT,vultr_seoul,107.0,138.7
2026-09-16T18:46:43,Nam,VNPT,linode_singapore,55.0,184.45
2026-09-16T18:57:23,Nam,VNPT,cloudflare,61.0,18.31
2026-09-16T18:57:23,Nam,VNPT,vultr_singapore,214.0,4.59
2026-09-16T18:57:23,Nam,VNPT,vultr_seoul,110.0,93.34
2026-09-16T18:57:23,Nam,VNPT,linode_singapore,56.0,109.34
2026-09-16T19:08:09,Nam,VNPT,cloudflare,61.0,19.08
2026-09-16T19:08:09,Nam,VNPT,vultr_singapore,214.0,6.52
2026-09-16T19:08:09,Nam,VNPT,vultr_seoul,108.0,208.57
2026-09-16T19:08:09,Nam,VNPT,linode_singapore,56.0,80.43
2026-09-16T19:18:53,Nam,VNPT,cloudflare,62.0,19.1
2026-09-16T19:18:53,Nam,VNPT,vultr_singapore,213.0,2.62
2026-09-16T19:18:53,Nam,VNPT,vultr_seoul,108.0,161.36
2026-09-16T19:18:53,Nam,VNPT,linode_singapore,58.0,129.48
2026-09-16T19:29:35,Nam,VNPT,cloudflare,61.0,19.54
2026-09-16T19:29:35,Nam,VNPT,vultr_singapore,218.0,2.66
2026-09-16T19:29:35,Nam,VNPT,vultr_seoul,109.0,176.11
2026-09-16T19:29:35,Nam,VNPT,linode_singapore,57.0,140.95
2026-09-16T19:40:18,Nam,VNPT,cloudflare,80.0,9.4
2026-09-16T19:40:18,Nam,VNPT,vultr_singapore,263.0,2.45
2026-09-16T19:40:18,Nam,VNPT,vultr_seoul,119.0,198.41
2026-09-16T19:40:18,Nam,VNPT,linode_singapore,66.0,125.7
2026-09-16T19:50:59,Nam,VNPT,cloudflare,73.0,18.78
2026-09-16T19:50:59,Nam,VNPT,vultr_singapore,215.0,2.55
2026-09-16T19:50:59,Nam,VNPT,vultr_seoul,108.0,115.92
2026-09-16T19:50:59,Nam,VNPT,linode_singapore,57.0,4.54
2026-09-16T20:01:51,Nam,VNPT,cloudflare,74.0,18.06
2026-09-16T20:01:51,Nam,VNPT,vultr_singapore,216.0,2.64
2026-09-16T20:01:51,Nam,VNPT,vultr_seoul,110.0,110.38
2026-09-16T20:01:51,Nam,VNPT,linode_singapore,73.0,21.94
2026-09-16T20:12:44,Nam,VNPT,cloudflare,60.0,19.09
2026-09-16T20:12:44,Nam,VNPT,vultr_singapore,265.0,1.02
2026-09-16T20:12:44,Nam,VNPT,vultr_seoul,140.0,21.09
2026-09-16T20:12:44,Nam,VNPT,linode_singapore,73.0,140.8
2026-09-16T20:23:34,Nam,VNPT,cloudflare,190.0,18.57
2026-09-16T20:23:34,Nam,VNPT,vultr_singapore,214.0,2.67
2026-09-16T20:23:34,Nam,VNPT,vultr_seoul,119.0,143.09
2026-09-16T20:23:34,Nam,VNPT,linode_singapore,56.0,193.07
2026-09-16T20:34:15,Nam,VNPT,cloudflare,69.0,10.86
2026-09-16T20:34:15,Nam,VNPT,vultr_singapore,214.0,2.64
2026-09-16T20:34:15,Nam,VNPT,vultr_seoul,129.0,188.43
2026-09-16T20:34:15,Nam,VNPT,linode_singapore,61.0,44.42
2026-09-16T20:45:05,Nam,VNPT,cloudflare,62.0,10.59
2026-09-16T20:45:05,Nam,VNPT,vultr_singapore,223.0,1.65
2026-09-16T20:45:05,Nam,VNPT,vultr_seoul,150.0,98.54
2026-09-16T20:45:05,Nam,VNPT,linode_singapore,57.0,118.15
2026-09-16T20:55:51,Nam,VNPT,cloudflare,64.0,20.08
2026-09-16T20:55:51,Nam,VNPT,vultr_singapore,222.0,0.48
2026-09-16T20:55:51,Nam,VNPT,vultr_seoul,144.0,201.11
2026-09-16T20:55:51,Nam,VNPT,linode_singapore,60.0,20.34
2026-09-16T21:06:44,Nam,VNPT,cloudflare,65.0,19.01
2026-09-16T21:06:44,Nam,VNPT,vultr_singapore,215.0,2.67
2026-09-16T21:06:44,Nam,VNPT,vultr_seoul,108.0,199.4
2026-09-16T21:06:44,Nam,VNPT,linode_singapore,58.0,108.49
2026-09-16T21:17:25,Nam,VNPT,cloudflare,60.0,22.17
2026-09-16T21:17:25,Nam,VNPT,vultr_singapore,215.0,2.49
2026-09-16T21:17:25,Nam,VNPT,vultr_seoul,108.0,195.59
2026-09-16T21:17:25,Nam,VNPT,linode_singapore,57.0,157.7
2026-09-16T21:28:05,Nam,VNPT,cloudflare,61.0,20.12
2026-09-16T21:28:05,Nam,VNPT,vultr_singapore,214.0,2.75
2026-09-16T21:28:05,Nam,VNPT,vultr_seoul,108.0,200.95
2026-09-16T21:28:05,Nam,VNPT,linode_singapore,55.0,137.65
2026-09-16T21:38:45,Nam,VNPT,cloudflare,60.0,19.43
2026-09-16T21:38:45,Nam,VNPT,vultr_singapore,214.0,2.58
2026-09-16T21:38:45,Nam,VNPT,vultr_seoul,109.0,216.71
2026-09-16T21:38:45,Nam,VNPT,linode_singapore,60.0,164.11
2026-09-16T22:36:13,Nam,VNPT,cloudflare,61.0,20.22
2026-09-16T22:36:13,Nam,VNPT,vultr_singapore,215.0,17.22
2026-09-16T22:36:13,Nam,VNPT,vultr_seoul,129.0,202.94
2026-09-16T22:36:13,Nam,VNPT,linode_singapore,57.0,237.3
2026-09-16T22:46:51,Nam,VNPT,cloudflare,63.0,20.24
2026-09-16T22:46:51,Nam,VNPT,vultr_singapore,253.0,2.69
2026-09-16T22:46:51,Nam,VNPT,vultr_seoul,170.0,213.56
2026-09-16T22:46:51,Nam,VNPT,linode_singapore,59.0,129.79
2026-09-16T22:57:32,Nam,VNPT,cloudflare,62.0,19.32
2026-09-16T22:57:32,Nam,VNPT,vultr_singapore,237.0,2.83
2026-09-16T22:57:32,Nam,VNPT,vultr_seoul,119.0,218.13
2026-09-16T22:57:32,Nam,VNPT,linode_singapore,57.0,307.08
2026-09-16T23:08:08,Nam,VNPT,cloudflare,63.0,19.97
2026-09-16T23:08:08,Nam,VNPT,vultr_singapore,292.0,2.93
2026-09-16T23:08:08,Nam,VNPT,vultr_seoul,128.0,32.14
2026-09-16T23:08:08,Nam,VNPT,linode_singapore,57.0,174.85
2026-09-16T23:18:59,Nam,VNPT,cloudflare,61.0,17.34
2026-09-16T23:18:59,Nam,VNPT,vultr_singapore,243.0,2.83
2026-09-16T23:18:59,Nam,VNPT,vultr_seoul,113.0,127.65
2026-09-16T23:18:59,Nam,VNPT,linode_singapore,57.0,121.63
2026-09-16T23:29:42,Nam,VNPT,cloudflare,62.0,18.25
2026-09-16T23:29:42,Nam,VNPT,vultr_singapore,248.0,2.79
2026-09-16T23:29:42,Nam,VNPT,vultr_seoul,140.0,205.08
2026-09-16T23:29:42,Nam,VNPT,linode_singapore,58.0,214.33
2026-09-16T23:40:21,Nam,VNPT,cloudflare,61.0,17.5
2026-09-16T23:40:21,Nam,VNPT,vultr_singapore,293.0,2.93
2026-09-16T23:40:21,Nam,VNPT,vultr_seoul,170.0,193.29
2026-09-16T23:40:21,Nam,VNPT,linode_singapore,60.0,174.76
2026-09-16T23:51:00,Nam,VNPT,cloudflare,61.0,19.84
2026-09-16T23:51:00,Nam,VNPT,vultr_singapore,261.0,2.9
2026-09-16T23:51:00,Nam,VNPT,vultr_seoul,138.0,198.89
2026-09-16T23:51:00,Nam,VNPT,linode_singapore,58.0,301.97
2026-09-17T00:01:38,Nam,VNPT,cloudflare,64.0,18.58
2026-09-17T00:01:38,Nam,VNPT,vultr_singapore,294.0,2.97
2026-09-17T00:01:38,Nam,VNPT,vultr_seoul,123.0,199.34
2026-09-17T00:01:38,Nam,VNPT,linode_singapore,58.0,124.32
2026-09-17T00:12:19,Nam,VNPT,cloudflare,62.0,19.29
2026-09-17T00:12:19,Nam,VNPT,vultr_singapore,295.0,3.17
2026-09-17T00:12:19,Nam,VNPT,vultr_seoul,144.0,189.21
2026-09-17T00:12:19,Nam,VNPT,linode_singapore,58.0,190.41
2026-09-17T00:22:59,Nam,VNPT,cloudflare,62.0,23.59
2026-09-17T00:22:59,Nam,VNPT,vultr_singapore,216.0,2.64
2026-09-17T00:22:59,Nam,VNPT,vultr_seoul,107.0,218.17
2026-09-17T00:22:59,Nam,VNPT,linode_singapore,57.0,115.46
2026-09-17T00:33:39,Nam,VNPT,cloudflare,61.0,20.61
2026-09-17T00:33:39,Nam,VNPT,vultr_singapore,216.0,41.61
2026-09-17T00:33:39,Nam,VNPT,vultr_seoul,108.0,49.22
2026-09-17T00:33:39,Nam,VNPT,linode_singapore,57.0,121.15
2026-09-17T00:44:31,Nam,VNPT,cloudflare,61.0,18.34
2026-09-17T00:44:31,Nam,VNPT,vultr_singapore,216.0,2.52
2026-09-17T00:44:31,Nam,VNPT,vultr_seoul,107.0,202.08
2026-09-17T00:44:31,Nam,VNPT,linode_singapore,57.0,181.7
2026-09-17T00:55:09,Nam,VNPT,cloudflare,65.0,20.73
2026-09-17T00:55:09,Nam,VNPT,vultr_singapore,216.0,2.52
2026-09-17T00:55:09,Nam,VNPT,vultr_seoul,106.0,234.84
2026-09-17T00:55:09,Nam,VNPT,linode_singapore,57.0,261.43
2026-09-17T01:05:46,Nam,VNPT,cloudflare,62.0,20.74
2026-09-17T01:05:46,Nam,VNPT,vultr_singapore,216.0,2.59
2026-09-17T01:05:46,Nam,VNPT,vultr_seoul,106.0,65.41
2026-09-17T01:05:46,Nam,VNPT,linode_singapore,56.0,110.94
2026-09-17T01:16:36,Nam,VNPT,cloudflare,60.0,20.19
2026-09-17T01:16:36,Nam,VNPT,vultr_singapore,216.0,2.61
2026-09-17T01:16:36,Nam,VNPT,vultr_seoul,104.0,151.33
2026-09-17T01:16:36,Nam,VNPT,linode_singapore,58.0,124.83
2026-09-17T01:27:18,Nam,VNPT,cloudflare,60.0,19.88
2026-09-17T01:27:18,Nam,VNPT,vultr_singapore,215.0,2.53
2026-09-17T01:27:18,Nam,VNPT,vultr_seoul,102.0,76.64
2026-09-17T01:27:18,Nam,VNPT,linode_singapore,57.0,251.06
2026-09-17T01:38:02,Nam,VNPT,cloudflare,60.0,21.24
2026-09-17T01:38:02,Nam,VNPT,vultr_singapore,216.0,2.66
2026-09-17T01:38:02,Nam,VNPT,vultr_seoul,103.0,198.92
2026-09-17T01:38:02,Nam,VNPT,linode_singapore,58.0,108.48
2026-09-17T01:48:44,Nam,VNPT,cloudflare,62.0,20.18
2026-09-17T01:48:44,Nam,VNPT,vultr_singapore,216.0,2.73
2026-09-17T01:48:44,Nam,VNPT,vultr_seoul,103.0,215.69
2026-09-17T01:48:44,Nam,VNPT,linode_singapore,56.0,119.89
2026-09-17T01:59:24,Nam,VNPT,cloudflare,62.0,23.27
2026-09-17T01:59:24,Nam,VNPT,vultr_singapore,219.0,2.6
2026-09-17T01:59:24,Nam,VNPT,vultr_seoul,102.0,44.73
2026-09-17T01:59:24,Nam,VNPT,linode_singapore,57.0,101.68
2026-09-17T02:10:17,Nam,VNPT,cloudflare,61.0,24.57
2026-09-17T02:10:17,Nam,VNPT,vultr_singapore,216.0,16.0
2026-09-17T02:10:17,Nam,VNPT,vultr_seoul,102.0,209.32
2026-09-17T02:10:17,Nam,VNPT,linode_singapore,57.0,174.18
2026-09-17T02:20:56,Nam,VNPT,cloudflare,61.0,19.51
2026-09-17T02:20:56,Nam,VNPT,vultr_singapore,215.0,2.63
2026-09-17T02:20:56,Nam,VNPT,vultr_seoul,103.0,202.66
2026-09-17T02:20:56,Nam,VNPT,linode_singapore,56.0,160.99
2026-09-17T02:31:35,Nam,VNPT,cloudflare,60.0,20.27
2026-09-17T02:31:35,Nam,VNPT,vultr_singapore,215.0,2.52
2026-09-17T02:31:35,Nam,VNPT,vultr_seoul,102.0,110.62
2026-09-17T02:31:35,Nam,VNPT,linode_singapore,56.0,140.85
2026-09-17T02:42:19,Nam,VNPT,cloudflare,61.0,20.28
2026-09-17T02:42:19,Nam,VNPT,vultr_singapore,214.0,2.58
2026-09-17T02:42:19,Nam,VNPT,vultr_seoul,103.0,209.37
2026-09-17T02:42:19,Nam,VNPT,linode_singapore,57.0,155.2
2026-09-17T02:52:58,Nam,VNPT,cloudflare,61.0,17.55
2026-09-17T02:52:58,Nam,VNPT,vultr_singapore,216.0,2.59
2026-09-17T02:52:58,Nam,VNPT,vultr_seoul,103.0,223.07
2026-09-17T02:52:58,Nam,VNPT,linode_singapore,57.0,158.42
2026-09-17T03:03:37,Nam,VNPT,cloudflare,60.0,25.34
2026-09-17T03:03:37,Nam,VNPT,vultr_singapore,225.0,2.66
2026-09-17T03:03:37,Nam,VNPT,vultr_seoul,103.0,185.97
2026-09-17T03:03:37,Nam,VNPT,linode_singapore,57.0,132.8
2026-09-17T03:14:17,Nam,VNPT,cloudflare,62.0,21.74
2026-09-17T03:14:17,Nam,VNPT,vultr_singapore,227.0,2.49
2026-09-17T03:14:17,Nam,VNPT,vultr_seoul,103.0,147.32
2026-09-17T03:14:17,Nam,VNPT,linode_singapore,57.0,283.94
2026-09-17T03:24:55,Nam,VNPT,cloudflare,60.0,19.88
2026-09-17T03:24:55,Nam,VNPT,vultr_singapore,224.0,2.51
2026-09-17T03:24:55,Nam,VNPT,vultr_seoul,102.0,192.54
2026-09-17T03:24:55,Nam,VNPT,linode_singapore,56.0,163.32
2026-09-17T03:35:35,Nam,VNPT,cloudflare,63.0,21.38
2026-09-17T03:35:35,Nam,VNPT,vultr_singapore,216.0,2.57
2026-09-17T03:35:35,Nam,VNPT,vultr_seoul,102.0,216.38
2026-09-17T03:35:35,Nam,VNPT,linode_singapore,56.0,129.36
2026-09-17T03:46:15,Nam,VNPT,cloudflare,61.0,23.6
2026-09-17T03:46:15,Nam,VNPT,vultr_singapore,216.0,2.71
2026-09-17T03:46:15,Nam,VNPT,vultr_seoul,103.0,218.38
2026-09-17T03:46:15,Nam,VNPT,linode_singapore,57.0,193.59
2026-09-17T03:56:52,Nam,VNPT,cloudflare,61.0,18.75
2026-09-17T03:56:52,Nam,VNPT,vultr_singapore,216.0,2.56
2026-09-17T03:56:52,Nam,VNPT,vultr_seoul,102.0,14.74
2026-09-17T03:56:52,Nam,VNPT,linode_singapore,57.0,290.83
2026-09-17T04:07:40,Nam,VNPT,cloudflare,61.0,25.39
2026-09-17T04:07:40,Nam,VNPT,vultr_singapore,215.0,2.51
2026-09-17T04:07:40,Nam,VNPT,vultr_seoul,103.0,215.66
2026-09-17T04:07:40,Nam,VNPT,linode_singapore,56.0,180.94
2026-09-17T04:18:18,Nam,VNPT,cloudflare,61.0,23.69
2026-09-17T04:18:18,Nam,VNPT,vultr_singapore,217.0,6.63
2026-09-17T04:18:18,Nam,VNPT,vultr_seoul,104.0,112.73
2026-09-17T04:18:18,Nam,VNPT,linode_singapore,55.0,229.64
2026-09-17T04:28:59,Nam,VNPT,cloudflare,62.0,20.51
2026-09-17T04:28:59,Nam,VNPT,vultr_singapore,217.0,2.69
2026-09-17T04:28:59,Nam,VNPT,vultr_seoul,102.0,215.22
2026-09-17T04:28:59,Nam,VNPT,linode_singapore,57.0,222.16
2026-09-17T04:39:36,Nam,VNPT,cloudflare,61.0,20.45
2026-09-17T04:39:36,Nam,VNPT,vultr_singapore,214.0,2.67
2026-09-17T04:39:36,Nam,VNPT,vultr_seoul,101.0,196.18
2026-09-17T04:39:36,Nam,VNPT,linode_singapore,56.0,173.85
2026-09-17T04:50:15,Nam,VNPT,cloudflare,64.0,19.24
2026-09-17T04:50:15,Nam,VNPT,vultr_singapore,216.0,2.66
2026-09-17T04:50:15,Nam,VNPT,vultr_seoul,103.0,112.91
2026-09-17T04:50:15,Nam,VNPT,linode_singapore,57.0,131.07
2026-09-17T05:00:59,Nam,VNPT,cloudflare,60.0,21.78
2026-09-17T05:00:59,Nam,VNPT,vultr_singapore,217.0,2.57
2026-09-17T05:00:59,Nam,VNPT,vultr_seoul,104.0,82.74
2026-09-17T05:00:59,Nam,VNPT,linode_singapore,58.0,112.5
2026-09-17T05:11:46,Nam,VNPT,cloudflare,61.0,21.34
2026-09-17T05:11:46,Nam,VNPT,vultr_singapore,215.0,16.85
2026-09-17T05:11:46,Nam,VNPT,vultr_seoul,103.0,212.56
2026-09-17T05:11:46,Nam,VNPT,linode_singapore,57.0,200.55
2026-09-17T05:22:24,Nam,VNPT,cloudflare,61.0,20.17
2026-09-17T05:22:24,Nam,VNPT,vultr_singapore,216.0,2.56
2026-09-17T05:22:24,Nam,VNPT,vultr_seoul,102.0,187.45
2026-09-17T05:22:24,Nam,VNPT,linode_singapore,56.0,307.18
2026-09-17T05:33:01,Nam,VNPT,cloudflare,60.0,22.7
2026-09-17T05:33:01,Nam,VNPT,vultr_singapore,215.0,2.57
2026-09-17T05:33:01,Nam,VNPT,vultr_seoul,102.0,101.03
2026-09-17T05:33:01,Nam,VNPT,linode_singapore,58.0,229.31
2026-09-17T05:43:42,Nam,VNPT,cloudflare,60.0,20.0
2026-09-17T05:43:42,Nam,VNPT,vultr_singapore,215.0,5.3
2026-09-17T05:43:42,Nam,VNPT,vultr_seoul,279.0,1.69
2026-09-17T05:43:42,Nam,VNPT,linode_singapore,56.0,141.82
2026-09-17T05:54:33,Nam,VNPT,cloudflare,60.0,22.86
2026-09-17T05:54:33,Nam,VNPT,vultr_singapore,216.0,6.37
2026-09-17T05:54:33,Nam,VNPT,vultr_seoul,104.0,173.96
2026-09-17T05:54:33,Nam,VNPT,linode_singapore,57.0,228.9
2026-09-17T06:05:11,Nam,VNPT,cloudflare,61.0,20.32
2026-09-17T06:05:11,Nam,VNPT,vultr_singapore,219.0,2.61
2026-09-17T06:05:11,Nam,VNPT,vultr_seoul,109.0,198.41
2026-09-17T06:05:11,Nam,VNPT,linode_singapore,58.0,105.46
2026-09-17T06:15:53,Nam,VNPT,cloudflare,61.0,20.0
2026-09-17T06:15:53,Nam,VNPT,vultr_singapore,214.0,2.48
2026-09-17T06:15:53,Nam,VNPT,vultr_seoul,105.0,152.8
2026-09-17T06:15:53,Nam,VNPT,linode_singapore,56.0,130.31
2026-09-17T06:26:35,Nam,VNPT,cloudflare,60.0,19.72
2026-09-17T06:26:35,Nam,VNPT,vultr_singapore,216.0,2.68
2026-09-17T06:26:35,Nam,VNPT,vultr_seoul,108.0,63.01
2026-09-17T06:26:35,Nam,VNPT,linode_singapore,57.0,125.85
2026-09-17T06:37:24,Nam,VNPT,cloudflare,62.0,20.87
2026-09-17T06:37:24,Nam,VNPT,vultr_singapore,218.0,2.77
2026-09-17T06:37:24,Nam,VNPT,vultr_seoul,104.0,185.3
2026-09-17T06:37:24,Nam,VNPT,linode_singapore,56.0,163.13
2026-09-17T08:26:20,Nam,VNPT,cloudflare,63.0,19.52
2026-09-17T08:26:20,Nam,VNPT,vultr_singapore,222.0,2.81
2026-09-17T08:26:20,Nam,VNPT,vultr_seoul,107.0,24.97
2026-09-17T08:26:20,Nam,VNPT,linode_singapore,56.0,112.39
2026-09-17T08:37:12,Nam,VNPT,cloudflare,62.0,23.5
2026-09-17T08:37:12,Nam,VNPT,vultr_singapore,214.0,2.64
2026-09-17T08:37:12,Nam,VNPT,vultr_seoul,118.0,71.35
2026-09-17T08:37:12,Nam,VNPT,linode_singapore,59.0,103.82
2026-09-17T08:48:02,Nam,VNPT,cloudflare,63.0,19.43
2026-09-17T08:48:02,Nam,VNPT,vultr_singapore,215.0,2.76
2026-09-17T08:48:02,Nam,VNPT,vultr_seoul,112.0,7.73
2026-09-17T08:48:02,Nam,VNPT,linode_singapore,57.0,117.53
2026-09-17T08:58:54,Nam,VNPT,cloudflare,64.0,17.72
2026-09-17T08:58:54,Nam,VNPT,vultr_singapore,220.0,2.69
2026-09-17T08:58:54,Nam,VNPT,vultr_seoul,103.0,76.15
2026-09-17T08:58:54,Nam,VNPT,linode_singapore,56.0,78.84
2026-09-17T09:09:46,Nam,VNPT,cloudflare,66.0,20.9
2026-09-17T09:09:46,Nam,VNPT,vultr_singapore,216.0,2.63
2026-09-17T09:09:46,Nam,VNPT,vultr_seoul,108.0,109.01
2026-09-17T09:09:46,Nam,VNPT,linode_singapore,58.0,93.49
2026-09-17T09:20:32,Nam,VNPT,cloudflare,63.0,19.59
2026-09-17T09:20:32,Nam,VNPT,vultr_singapore,216.0,2.46
2026-09-17T09:20:32,Nam,VNPT,vultr_seoul,105.0,57.26
2026-09-17T09:20:32,Nam,VNPT,linode_singapore,57.0,83.51
2026-09-17T09:31:27,Nam,VNPT,cloudflare,63.0,19.45
2026-09-17T09:31:27,Nam,VNPT,vultr_singapore,216.0,2.72
2026-09-17T09:31:27,Nam,VNPT,vultr_seoul,112.0,5.05
2026-09-17T09:31:27,Nam,VNPT,linode_singapore,58.0,53.83
2026-09-17T09:42:27,Nam,VNPT,cloudflare,62.0,19.33
2026-09-17T09:42:27,Nam,VNPT,vultr_singapore,215.0,2.65
2026-09-17T09:42:27,Nam,VNPT,vultr_seoul,108.0,49.97
2026-09-17T09:42:27,Nam,VNPT,linode_singapore,56.0,33.34
2026-09-17T09:53:28,Nam,VNPT,cloudflare,61.0,16.28
2026-09-17T09:53:28,Nam,VNPT,vultr_singapore,214.0,2.51
2026-09-17T09:53:28,Nam,VNPT,vultr_seoul,104.0,93.32
2026-09-17T09:53:28,Nam,VNPT,linode_singapore,56.0,51.24
2026-09-17T10:04:22,Nam,VNPT,cloudflare,64.0,23.53
2026-09-17T10:04:22,Nam,VNPT,vultr_singapore,218.0,2.53
2026-09-17T10:04:22,Nam,VNPT,vultr_seoul,104.0,67.32
2026-09-17T10:04:22,Nam,VNPT,linode_singapore,58.0,107.33
2026-09-17T10:15:12,Nam,VNPT,cloudflare,65.0,21.16
2026-09-17T10:15:12,Nam,VNPT,vultr_singapore,216.0,4.66
2026-09-17T10:15:12,Nam,VNPT,vultr_seoul,107.0,32.63
2026-09-17T10:15:12,Nam,VNPT,linode_singapore,58.0,77.59
2026-09-17T10:26:08,Nam,VNPT,cloudflare,64.0,20.16
2026-09-17T10:26:08,Nam,VNPT,vultr_singapore,216.0,2.46
2026-09-17T10:26:08,Nam,VNPT,vultr_seoul,106.0,105.05
2026-09-17T10:26:08,Nam,VNPT,linode_singapore,58.0,85.3
2026-09-17T10:36:55,Nam,VNPT,cloudflare,64.0,20.14
2026-09-17T10:36:55,Nam,VNPT,vultr_singapore,215.0,2.71
2026-09-17T10:36:55,Nam,VNPT,vultr_seoul,105.0,106.3
2026-09-17T10:36:55,Nam,VNPT,linode_singapore,58.0,85.4
2026-09-17T10:47:43,Nam,VNPT,cloudflare,61.0,22.07
2026-09-17T10:47:43,Nam,VNPT,vultr_singapore,216.0,2.89
2026-09-17T10:47:43,Nam,VNPT,vultr_seoul,105.0,81.0
2026-09-17T10:47:43,Nam,VNPT,linode_singapore,59.0,101.42
2026-09-17T10:58:31,Nam,VNPT,cloudflare,64.0,16.74
2026-09-17T10:58:31,Nam,VNPT,vultr_singapore,217.0,2.68
2026-09-17T10:58:31,Nam,VNPT,vultr_seoul,109.0,37.63
2026-09-17T10:58:31,Nam,VNPT,linode_singapore,88.0,82.28
2026-09-17T11:09:26,Nam,VNPT,cloudflare,60.0,19.72
2026-09-17T11:09:26,Nam,VNPT,vultr_singapore,216.0,2.53
2026-09-17T11:09:26,Nam,VNPT,vultr_seoul,104.0,95.01
2026-09-17T11:09:26,Nam,VNPT,linode_singapore,58.0,93.74
2026-09-17T11:20:14,Nam,VNPT,cloudflare,65.0,22.7
2026-09-17T11:20:14,Nam,VNPT,vultr_singapore,216.0,4.27
2026-09-17T11:20:14,Nam,VNPT,vultr_seoul,106.0,26.33
2026-09-17T11:20:14,Nam,VNPT,linode_singapore,59.0,63.62
2026-09-17T11:31:11,Nam,VNPT,cloudflare,60.0,20.92
2026-09-17T11:31:11,Nam,VNPT,vultr_singapore,215.0,2.49
2026-09-17T11:31:11,Nam,VNPT,vultr_seoul,107.0,111.43
2026-09-17T11:31:11,Nam,VNPT,linode_singapore,62.0,105.63
2026-09-17T11:41:56,Nam,VNPT,cloudflare,60.0,21.2
2026-09-17T11:41:56,Nam,VNPT,vultr_singapore,217.0,2.56
2026-09-17T11:41:56,Nam,VNPT,vultr_seoul,105.0,72.9
2026-09-17T11:41:56,Nam,VNPT,linode_singapore,57.0,61.24
2026-09-17T11:52:51,Nam,VNPT,cloudflare,61.0,19.65
2026-09-17T11:52:51,Nam,VNPT,vultr_singapore,224.0,0.78
2026-09-17T11:52:51,Nam,VNPT,vultr_seoul,106.0,52.46
2026-09-17T11:52:51,Nam,VNPT,linode_singapore,61.0,2.92
2026-09-17T12:03:59,Nam,VNPT,cloudflare,68.0,17.15
2026-09-17T12:03:59,Nam,VNPT,vultr_singapore,226.0,0.05
2026-09-17T12:03:59,Nam,VNPT,vultr_seoul,107.0,14.85
2026-09-17T12:03:59,Nam,VNPT,linode_singapore,58.0,104.53
2026-09-17T12:14:55,Nam,VNPT,cloudflare,61.0,15.93
2026-09-17T12:14:55,Nam,VNPT,vultr_singapore,229.0,0.52
2026-09-17T12:14:55,Nam,VNPT,vultr_seoul,106.0,104.42
2026-09-17T12:14:55,Nam,VNPT,linode_singapore,60.0,95.16
2026-09-17T12:25:42,Nam,VNPT,cloudflare,61.0,19.81
2026-09-17T12:25:42,Nam,VNPT,vultr_singapore,224.0,0.74
2026-09-17T12:25:42,Nam,VNPT,vultr_seoul,109.0,27.74
2026-09-17T12:25:42,Nam,VNPT,linode_singapore,58.0,96.11
2026-09-17T12:36:36,Nam,VNPT,cloudflare,62.0,22.72
2026-09-17T12:36:36,Nam,VNPT,vultr_singapore,224.0,0.89
2026-09-17T12:36:36,Nam,VNPT,vultr_seoul,106.0,36.18
2026-09-17T12:36:36,Nam,VNPT,linode_singapore,59.0,51.18
2026-09-17T12:47:39,Nam,VNPT,cloudflare,62.0,19.03
2026-09-17T12:47:39,Nam,VNPT,vultr_singapore,224.0,1.27
2026-09-17T12:47:39,Nam,VNPT,vultr_seoul,104.0,13.93
2026-09-17T12:47:39,Nam,VNPT,linode_singapore,58.0,90.37
2026-09-17T12:58:33,Nam,VNPT,cloudflare,40.0,8.66
2026-09-17T12:58:33,Nam,VNPT,vultr_singapore,227.0,12.85
2026-09-17T12:58:33,Nam,VNPT,vultr_seoul,89.0,21.7
2026-09-17T12:58:33,Nam,VNPT,linode_singapore,58.0,95.52
2026-09-17T19:30:04,Nam,VNPT,cloudflare,41.0,17.72
2026-09-17T19:30:04,Nam,VNPT,vultr_singapore,229.0,10.78
2026-09-17T19:30:04,Nam,VNPT,vultr_seoul,94.0,88.63
2026-09-17T19:30:04,Nam,VNPT,linode_singapore,58.0,104.9
2026-09-17T19:40:50,Nam,VNPT,cloudflare,40.0,23.89
2026-09-17T19:40:50,Nam,VNPT,vultr_singapore,228.0,6.15
2026-09-17T19:40:50,Nam,VNPT,vultr_seoul,94.0,126.33
2026-09-17T19:40:50,Nam,VNPT,linode_singapore,58.0,116.34
2026-09-17T19:51:34,Nam,VNPT,cloudflare,42.0,10.39
2026-09-17T19:51:34,Nam,VNPT,vultr_singapore,228.0,10.53
2026-09-17T19:51:34,Nam,VNPT,vultr_seoul,92.0,85.38
2026-09-17T19:51:34,Nam,VNPT,linode_singapore,60.0,82.93
2026-09-17T20:02:24,Nam,VNPT,cloudflare,41.0,7.88
2026-09-17T20:02:24,Nam,VNPT,vultr_singapore,229.0,10.79
2026-09-17T20:02:24,Nam,VNPT,vultr_seoul,92.0,35.98
2026-09-17T20:02:24,Nam,VNPT,linode_singapore,56.0,112.04
2026-09-17T20:13:18,Nam,VNPT,cloudflare,41.0,7.29
2026-09-17T20:13:18,Nam,VNPT,vultr_singapore,229.0,14.57
2026-09-17T20:13:18,Nam,VNPT,vultr_seoul,92.0,9.2
2026-09-17T20:13:18,Nam,VNPT,linode_singapore,56.0,120.22
2026-09-17T20:24:12,Nam,VNPT,cloudflare,40.0,8.37
2026-09-17T20:24:12,Nam,VNPT,vultr_singapore,230.0,3.25
2026-09-17T20:24:12,Nam,VNPT,vultr_seoul,92.0,4.61
2026-09-17T20:24:12,Nam,VNPT,linode_singapore,57.0,97.46
2026-09-17T20:35:07,Nam,VNPT,cloudflare,41.0,9.0
2026-09-17T20:35:07,Nam,VNPT,vultr_singapore,227.0,3.9
2026-09-17T20:35:07,Nam,VNPT,vultr_seoul,95.0,9.83
2026-09-17T20:35:07,Nam,VNPT,linode_singapore,60.0,87.04
2026-09-17T20:46:02,Nam,VNPT,cloudflare,41.0,3.42
2026-09-17T20:46:02,Nam,VNPT,vultr_singapore,267.0,2.55
2026-09-17T20:46:02,Nam,VNPT,vultr_seoul,92.0,4.31
2026-09-17T20:46:02,Nam,VNPT,linode_singapore,58.0,78.83
2026-09-17T20:57:02,Nam,VNPT,cloudflare,40.0,3.51
2026-09-17T20:57:02,Nam,VNPT,vultr_singapore,228.0,3.27
2026-09-17T20:57:02,Nam,VNPT,vultr_seoul,92.0,12.68
2026-09-17T20:57:02,Nam,VNPT,linode_singapore,57.0,80.61
2026-09-17T21:08:01,Nam,VNPT,cloudflare,40.0,5.35
2026-09-17T21:08:01,Nam,VNPT,vultr_singapore,228.0,3.3
2026-09-17T21:08:01,Nam,VNPT,vultr_seoul,93.0,3.02
2026-09-17T21:08:01,Nam,VNPT,linode_singapore,60.0,79.65
2026-09-17T21:18:59,Nam,VNPT,cloudflare,45.0,6.21
2026-09-17T21:18:59,Nam,VNPT,vultr_singapore,231.0,1.25
2026-09-17T21:18:59,Nam,VNPT,vultr_seoul,93.0,4.15
2026-09-17T21:18:59,Nam,VNPT,linode_singapore,59.0,68.84
2026-09-17T21:29:58,Nam,VNPT,cloudflare,40.0,4.08
2026-09-17T21:29:58,Nam,VNPT,vultr_singapore,229.0,14.04
2026-09-17T21:29:58,Nam,VNPT,vultr_seoul,94.0,11.46
2026-09-17T21:29:58,Nam,VNPT,linode_singapore,59.0,53.15
2026-09-17T21:41:01,Nam,VNPT,cloudflare,40.0,5.46
2026-09-17T21:41:01,Nam,VNPT,vultr_singapore,228.0,3.21
2026-09-17T21:41:01,Nam,VNPT,vultr_seoul,93.0,10.76
2026-09-17T21:41:01,Nam,VNPT,linode_singapore,59.0,105.32
2026-09-17T21:52:28,Nam,VNPT,cloudflare,42.0,6.05
2026-09-17T21:52:28,Nam,VNPT,vultr_singapore,229.0,17.77
2026-09-17T21:52:28,Nam,VNPT,vultr_seoul,94.0,3.17
2026-09-17T21:52:28,Nam,VNPT,linode_singapore,59.0,86.59
2026-09-17T22:03:25,Nam,VNPT,cloudflare,42.0,4.12
2026-09-17T22:03:25,Nam,VNPT,vultr_singapore,227.0,2.44
2026-09-17T22:03:25,Nam,VNPT,vultr_seoul,93.0,1.85
2026-09-17T22:03:25,Nam,VNPT,linode_singapore,60.0,58.45
2026-09-17T22:14:28,Nam,VNPT,cloudflare,41.0,3.53
2026-09-17T22:14:28,Nam,VNPT,vultr_singapore,228.0,1.34
2026-09-17T22:14:28,Nam,VNPT,vultr_seoul,93.0,7.64
2026-09-17T22:14:28,Nam,VNPT,linode_singapore,59.0,28.16
2026-09-17T22:25:32,Nam,VNPT,cloudflare,42.0,5.5
2026-09-17T22:25:32,Nam,VNPT,vultr_singapore,229.0,13.49
2026-09-17T22:25:32,Nam,VNPT,vultr_seoul,92.0,20.62
2026-09-17T22:25:32,Nam,VNPT,linode_singapore,60.0,87.89
2026-09-17T22:36:28,Nam,VNPT,cloudflare,42.0,9.49
2026-09-17T22:36:28,Nam,VNPT,vultr_singapore,235.0,3.97
2026-09-17T22:36:28,Nam,VNPT,vultr_seoul,108.0,15.09
2026-09-17T22:36:28,Nam,VNPT,linode_singapore,60.0,25.29
2026-09-17T22:47:29,Nam,VNPT,cloudflare,41.0,11.75
2026-09-17T22:47:29,Nam,VNPT,vultr_singapore,232.0,5.61
2026-09-17T22:47:29,Nam,VNPT,vultr_seoul,98.0,74.19
2026-09-17T22:47:29,Nam,VNPT,linode_singapore,60.0,65.13
2026-09-17T22:58:23,Nam,VNPT,cloudflare,42.0,21.75
2026-09-17T22:58:23,Nam,VNPT,vultr_singapore,228.0,2.14
2026-09-17T22:58:23,Nam,VNPT,vultr_seoul,94.0,111.91
2026-09-17T22:58:23,Nam,VNPT,linode_singapore,58.0,100.74
2026-09-17T23:09:09,Nam,VNPT,cloudflare,46.0,12.6
2026-09-17T23:09:09,Nam,VNPT,vultr_singapore,228.0,65.37
2026-09-17T23:09:09,Nam,VNPT,vultr_seoul,99.0,103.14
2026-09-17T23:09:09,Nam,VNPT,linode_singapore,89.0,16.69
2026-09-17T23:20:01,Nam,VNPT,cloudflare,41.0,10.3
2026-09-17T23:20:01,Nam,VNPT,vultr_singapore,231.0,50.11
2026-09-17T23:20:01,Nam,VNPT,vultr_seoul,100.0,93.49
2026-09-17T23:20:01,Nam,VNPT,linode_singapore,67.0,25.38
2026-09-17T23:30:56,Nam,VNPT,cloudflare,44.0,23.8
2026-09-17T23:30:56,Nam,VNPT,vultr_singapore,228.0,61.31
2026-09-17T23:30:56,Nam,VNPT,vultr_seoul,95.0,83.29
2026-09-17T23:30:56,Nam,VNPT,linode_singapore,61.0,49.64
2026-09-17T23:41:50,Nam,VNPT,cloudflare,41.0,29.39
2026-09-17T23:41:50,Nam,VNPT,vultr_singapore,230.0,55.4
2026-09-17T23:41:50,Nam,VNPT,vultr_seoul,95.0,105.66
2026-09-17T23:41:50,Nam,VNPT,linode_singapore,65.0,23.67
2026-09-17T23:52:43,Nam,VNPT,cloudflare,49.0,15.01
2026-09-17T23:52:43,Nam,VNPT,vultr_singapore,232.0,50.13
2026-09-17T23:52:43,Nam,VNPT,vultr_seoul,95.0,117.31
2026-09-17T23:52:43,Nam,VNPT,linode_singapore,58.0,87.35
2026-09-18T00:03:30,Nam,VNPT,cloudflare,42.0,25.12
2026-09-18T00:03:30,Nam,VNPT,vultr_singapore,229.0,46.15
2026-09-18T00:03:30,Nam,VNPT,vultr_seoul,93.0,113.38
2026-09-18T00:03:30,Nam,VNPT,linode_singapore,61.0,54.39
2026-09-18T00:14:22,Nam,VNPT,cloudflare,46.0,15.88
2026-09-18T00:14:22,Nam,VNPT,vultr_singapore,284.0,39.9
2026-09-18T00:14:22,Nam,VNPT,vultr_seoul,98.0,101.12
2026-09-18T00:14:22,Nam,VNPT,linode_singapore,59.0,63.07
2026-09-18T00:25:14,Nam,VNPT,cloudflare,40.0,17.06
2026-09-18T00:25:14,Nam,VNPT,vultr_singapore,242.0,58.05
2026-09-18T00:25:14,Nam,VNPT,vultr_seoul,93.0,109.2
2026-09-18T00:25:14,Nam,VNPT,linode_singapore,99.0,68.7
2026-09-18T00:36:03,Nam,VNPT,cloudflare,42.0,26.98
2026-09-18T00:36:03,Nam,VNPT,vultr_singapore,229.0,62.59
2026-09-18T00:36:03,Nam,VNPT,vultr_seoul,94.0,112.94
2026-09-18T00:36:03,Nam,VNPT,linode_singapore,59.0,72.17
2026-09-18T00:46:51,Nam,VNPT,cloudflare,41.0,24.56
2026-09-18T00:46:51,Nam,VNPT,vultr_singapore,229.0,49.29
2026-09-18T00:46:51,Nam,VNPT,vultr_seoul,93.0,121.65
2026-09-18T00:46:51,Nam,VNPT,linode_singapore,59.0,28.52
2026-09-18T00:57:42,Nam,VNPT,cloudflare,41.0,27.09
2026-09-18T00:57:42,Nam,VNPT,vultr_singapore,227.0,55.76
2026-09-18T00:57:42,Nam,VNPT,vultr_seoul,93.0,98.47
2026-09-18T00:57:42,Nam,VNPT,linode_singapore,58.0,66.74
2026-09-18T01:08:33,Nam,VNPT,cloudflare,41.0,29.3
2026-09-18T01:08:33,Nam,VNPT,vultr_singapore,229.0,61.9
2026-09-18T01:08:33,Nam,VNPT,vultr_seoul,92.0,121.02
2026-09-18T01:08:33,Nam,VNPT,linode_singapore,60.0,82.35
2026-09-18T01:19:19,Nam,VNPT,cloudflare,40.0,26.86
2026-09-18T01:19:19,Nam,VNPT,vultr_singapore,226.0,54.14
2026-09-18T01:19:19,Nam,VNPT,vultr_seoul,93.0,135.17
2026-09-18T01:19:19,Nam,VNPT,linode_singapore,59.0,82.09
2026-09-18T01:30:05,Nam,VNPT,cloudflare,42.0,23.74
2026-09-18T01:30:05,Nam,VNPT,vultr_singapore,228.0,57.01
2026-09-18T01:30:05,Nam,VNPT,vultr_seoul,93.0,125.65
2026-09-18T01:30:05,Nam,VNPT,linode_singapore,59.0,94.53
2026-09-18T01:40:50,Nam,VNPT,cloudflare,41.0,28.69
2026-09-18T01:40:50,Nam,VNPT,vultr_singapore,227.0,51.34
2026-09-18T01:40:50,Nam,VNPT,vultr_seoul,93.0,117.89
2026-09-18T01:40:50,Nam,VNPT,linode_singapore,58.0,105.74
2026-09-18T01:51:35,Nam,VNPT,cloudflare,39.0,31.94
2026-09-18T01:51:35,Nam,VNPT,vultr_singapore,229.0,42.34
2026-09-18T01:51:35,Nam,VNPT,vultr_seoul,95.0,6.52
2026-09-18T01:51:35,Nam,VNPT,linode_singapore,57.0,103.39
2026-09-18T02:02:28,Nam,VNPT,cloudflare,41.0,24.51
2026-09-18T02:02:28,Nam,VNPT,vultr_singapore,241.0,14.59
2026-09-18T02:02:28,Nam,VNPT,vultr_seoul,96.0,132.82
2026-09-18T02:02:28,Nam,VNPT,linode_singapore,60.0,101.01
2026-09-18T02:13:13,Nam,VNPT,cloudflare,40.0,30.69
2026-09-18T02:13:13,Nam,VNPT,vultr_singapore,229.0,58.85
2026-09-18T02:13:13,Nam,VNPT,vultr_seoul,92.0,118.19
2026-09-18T02:13:13,Nam,VNPT,linode_singapore,59.0,79.31
2026-09-18T02:23:59,Nam,VNPT,cloudflare,43.0,27.96
2026-09-18T02:23:59,Nam,VNPT,vultr_singapore,227.0,87.32
2026-09-18T02:23:59,Nam,VNPT,vultr_seoul,93.0,116.67
2026-09-18T02:23:59,Nam,VNPT,linode_singapore,59.0,66.74
2026-09-18T02:34:43,Nam,VNPT,cloudflare,40.0,26.46
2026-09-18T02:34:43,Nam,VNPT,vultr_singapore,228.0,49.36
2026-09-18T02:34:43,Nam,VNPT,vultr_seoul,94.0,141.74
2026-09-18T02:34:43,Nam,VNPT,linode_singapore,58.0,94.97
2026-09-18T02:45:28,Nam,VNPT,cloudflare,42.0,24.9
2026-09-18T02:45:28,Nam,VNPT,vultr_singapore,230.0,14.65
2026-09-18T02:45:28,Nam,VNPT,vultr_seoul,96.0,122.32
2026-09-18T02:45:28,Nam,VNPT,linode_singapore,60.0,85.19
2026-09-18T02:56:15,Nam,VNPT,cloudflare,43.0,28.13
2026-09-18T02:56:15,Nam,VNPT,vultr_singapore,228.0,35.32
2026-09-18T02:56:15,Nam,VNPT,vultr_seoul,93.0,19.76
2026-09-18T02:56:15,Nam,VNPT,linode_singapore,58.0,89.67
2026-09-18T03:07:09,Nam,VNPT,cloudflare,41.0,26.55
2026-09-18T03:07:09,Nam,VNPT,vultr_singapore,229.0,55.03
2026-09-18T03:07:09,Nam,VNPT,vultr_seoul,106.0,94.04
2026-09-18T03:07:09,Nam,VNPT,linode_singapore,58.0,52.02
2026-09-18T03:18:03,Nam,VNPT,cloudflare,40.0,28.46
2026-09-18T03:18:03,Nam,VNPT,vultr_singapore,235.0,58.03
2026-09-18T03:18:03,Nam,VNPT,vultr_seoul,94.0,117.5
2026-09-18T03:18:03,Nam,VNPT,linode_singapore,59.0,43.55
2026-09-18T03:28:54,Nam,VNPT,cloudflare,41.0,27.9
2026-09-18T03:28:54,Nam,VNPT,vultr_singapore,228.0,15.9
2026-09-18T03:28:54,Nam,VNPT,vultr_seoul,93.0,109.18
2026-09-18T03:28:54,Nam,VNPT,linode_singapore,57.0,106.55
2026-09-18T03:39:39,Nam,VNPT,cloudflare,40.0,23.54
2026-09-18T03:39:39,Nam,VNPT,vultr_singapore,229.0,15.06
2026-09-18T03:39:39,Nam,VNPT,vultr_seoul,92.0,19.86
2026-09-18T03:39:39,Nam,VNPT,linode_singapore,58.0,88.58
2026-09-18T03:50:34,Nam,VNPT,cloudflare,42.0,17.37
2026-09-18T03:50:34,Nam,VNPT,vultr_singapore,228.0,54.1
2026-09-18T03:50:34,Nam,VNPT,vultr_seoul,93.0,50.15
2026-09-18T03:50:34,Nam,VNPT,linode_singapore,59.0,31.44
2026-09-18T04:01:34,Nam,VNPT,cloudflare,41.0,28.38
2026-09-18T04:01:34,Nam,VNPT,vultr_singapore,233.0,54.76
2026-09-18T04:01:34,Nam,VNPT,vultr_seoul,94.0,112.99
2026-09-18T04:01:34,Nam,VNPT,linode_singapore,58.0,103.87
2026-09-18T04:12:19,Nam,VNPT,cloudflare,41.0,28.49
2026-09-18T04:12:19,Nam,VNPT,vultr_singapore,231.0,56.6
2026-09-18T04:12:19,Nam,VNPT,vultr_seoul,94.0,113.22
2026-09-18T04:12:19,Nam,VNPT,linode_singapore,58.0,64.19
2026-09-18T04:23:09,Nam,VNPT,cloudflare,40.0,27.96
2026-09-18T04:23:09,Nam,VNPT,vultr_singapore,228.0,69.57
2026-09-18T04:23:09,Nam,VNPT,vultr_seoul,92.0,42.98
2026-09-18T04:23:09,Nam,VNPT,linode_singapore,58.0,99.95
2026-09-18T04:34:00,Nam,VNPT,cloudflare,41.0,19.67
2026-09-18T04:34:00,Nam,VNPT,vultr_singapore,229.0,73.39
2026-09-18T04:34:00,Nam,VNPT,vultr_seoul,93.0,113.4
2026-09-18T04:34:00,Nam,VNPT,linode_singapore,59.0,72.9
2026-09-18T04:44:45,Nam,VNPT,cloudflare,40.0,26.36
2026-09-18T04:44:45,Nam,VNPT,vultr_singapore,230.0,71.15
2026-09-18T04:44:45,Nam,VNPT,vultr_seoul,95.0,123.46
2026-09-18T04:44:45,Nam,VNPT,linode_singapore,58.0,93.55
2026-09-18T04:55:27,Nam,VNPT,cloudflare,41.0,24.13
2026-09-18T04:55:27,Nam,VNPT,vultr_singapore,232.0,76.74
2026-09-18T04:55:27,Nam,VNPT,vultr_seoul,94.0,116.77
2026-09-18T04:55:27,Nam,VNPT,linode_singapore,57.0,74.89
2026-09-18T05:06:11,Nam,VNPT,cloudflare,44.0,28.0
2026-09-18T05:06:11,Nam,VNPT,vultr_singapore,229.0,36.79
2026-09-18T05:06:11,Nam,VNPT,vultr_seoul,94.0,109.38
2026-09-18T05:06:11,Nam,VNPT,linode_singapore,57.0,73.19
2026-09-18T05:17:00,Nam,VNPT,cloudflare,41.0,28.67
2026-09-18T05:17:00,Nam,VNPT,vultr_singapore,231.0,24.36
2026-09-18T05:17:00,Nam,VNPT,vultr_seoul,93.0,15.29
2026-09-18T05:17:00,Nam,VNPT,linode_singapore,59.0,76.07
2026-09-18T05:27:57,Nam,VNPT,cloudflare,42.0,26.11
2026-09-18T05:27:57,Nam,VNPT,vultr_singapore,228.0,70.4
2026-09-18T05:27:57,Nam,VNPT,vultr_seoul,93.0,58.76
2026-09-18T05:27:57,Nam,VNPT,linode_singapore,58.0,99.23
2026-09-18T05:38:47,Nam,VNPT,cloudflare,42.0,27.41
2026-09-18T05:38:47,Nam,VNPT,vultr_singapore,231.0,72.6
2026-09-18T05:38:47,Nam,VNPT,vultr_seoul,93.0,109.13
2026-09-18T05:38:47,Nam,VNPT,linode_singapore,57.0,91.26
2026-09-18T05:49:30,Nam,VNPT,cloudflare,40.0,26.15
2026-09-18T05:49:30,Nam,VNPT,vultr_singapore,231.0,23.92
2026-09-18T05:49:30,Nam,VNPT,vultr_seoul,92.0,102.01
2026-09-18T05:49:30,Nam,VNPT,linode_singapore,60.0,90.11
2026-09-18T06:00:17,Nam,VNPT,cloudflare,43.0,27.24
2026-09-18T06:00:17,Nam,VNPT,vultr_singapore,231.0,64.61
2026-09-18T06:00:17,Nam,VNPT,vultr_seoul,96.0,96.86
2026-09-18T06:00:17,Nam,VNPT,linode_singapore,59.0,78.26
2026-09-18T06:11:05,Nam,VNPT,cloudflare,41.0,28.33
2026-09-18T06:11:05,Nam,VNPT,vultr_singapore,229.0,67.94
2026-09-18T06:11:05,Nam,VNPT,vultr_seoul,92.0,109.62
2026-09-18T06:11:05,Nam,VNPT,linode_singapore,59.0,38.34
2026-09-18T06:21:54,Nam,VNPT,cloudflare,41.0,28.91
2026-09-18T06:21:54,Nam,VNPT,vultr_singapore,228.0,23.28
2026-09-18T06:21:54,Nam,VNPT,vultr_seoul,100.0,103.9
2026-09-18T06:21:54,Nam,VNPT,linode_singapore,60.0,64.88
2026-09-18T06:32:46,Nam,VNPT,cloudflare,39.0,25.44
2026-09-18T06:32:46,Nam,VNPT,vultr_singapore,232.0,83.58
2026-09-18T06:32:46,Nam,VNPT,vultr_seoul,93.0,113.21
2026-09-18T06:32:46,Nam,VNPT,linode_singapore,58.0,99.65
2026-09-18T06:43:26,Nam,VNPT,cloudflare,42.0,31.43
2026-09-18T06:43:26,Nam,VNPT,vultr_singapore,228.0,22.77
2026-09-18T06:43:26,Nam,VNPT,vultr_seoul,92.0,117.43
2026-09-18T06:43:26,Nam,VNPT,linode_singapore,57.0,103.91
2026-09-18T06:54:11,Nam,VNPT,cloudflare,45.0,24.37
2026-09-18T06:54:11,Nam,VNPT,vultr_singapore,231.0,43.75
2026-09-18T06:54:11,Nam,VNPT,vultr_seoul,96.0,68.64
2026-09-18T06:54:11,Nam,VNPT,linode_singapore,64.0,13.54
2026-09-18T07:05:09,Nam,VNPT,cloudflare,41.0,30.71
2026-09-18T07:05:09,Nam,VNPT,vultr_singapore,229.0,73.86
2026-09-18T07:05:09,Nam,VNPT,vultr_seoul,92.0,35.18
2026-09-18T07:05:09,Nam,VNPT,linode_singapore,59.0,107.91
2026-09-18T07:15:58,Nam,VNPT,cloudflare,41.0,26.24
2026-09-18T07:15:58,Nam,VNPT,vultr_singapore,229.0,38.8
2026-09-18T07:15:58,Nam,VNPT,vultr_seoul,94.0,56.4
2026-09-18T07:15:58,Nam,VNPT,linode_singapore,57.0,71.92
2026-09-18T07:26:54,Nam,VNPT,cloudflare,39.0,31.32
2026-09-18T07:26:54,Nam,VNPT,vultr_singapore,227.0,66.75
2026-09-18T07:26:54,Nam,VNPT,vultr_seoul,93.0,129.7
2026-09-18T07:26:54,Nam,VNPT,linode_singapore,61.0,42.81
2026-09-18T07:37:42,Nam,VNPT,cloudflare,41.0,32.27
2026-09-18T07:37:42,Nam,VNPT,vultr_singapore,234.0,44.26
2026-09-18T07:37:42,Nam,VNPT,vultr_seoul,93.0,150.42
2026-09-18T07:37:42,Nam,VNPT,linode_singapore,57.0,93.76
2026-09-18T07:48:27,Nam,VNPT,cloudflare,44.0,24.14
2026-09-18T07:48:27,Nam,VNPT,vultr_singapore,232.0,109.38
2026-09-18T07:48:27,Nam,VNPT,vultr_seoul,93.0,51.8
2026-09-18T07:48:27,Nam,VNPT,linode_singapore,56.0,87.76
2026-09-18T07:59:13,Nam,VNPT,cloudflare,41.0,24.82
2026-09-18T07:59:13,Nam,VNPT,vultr_singapore,229.0,43.97
2026-09-18T07:59:13,Nam,VNPT,vultr_seoul,95.0,88.35
2026-09-18T07:59:13,Nam,VNPT,linode_singapore,59.0,98.58
2026-09-18T08:10:01,Nam,VNPT,cloudflare,40.0,22.08
2026-09-18T08:10:01,Nam,VNPT,vultr_singapore,227.0,28.38
2026-09-18T08:10:01,Nam,VNPT,vultr_seoul,93.0,121.46
2026-09-18T08:10:01,Nam,VNPT,linode_singapore,57.0,88.49
2026-09-18T08:20:47,Nam,VNPT,cloudflare,39.0,25.15
2026-09-18T08:20:47,Nam,VNPT,vultr_singapore,227.0,126.77
2026-09-18T08:20:47,Nam,VNPT,vultr_seoul,92.0,62.98
2026-09-18T08:20:47,Nam,VNPT,linode_singapore,56.0,89.04
2026-09-18T08:31:31,Nam,VNPT,cloudflare,40.0,24.22
2026-09-18T08:31:31,Nam,VNPT,vultr_singapore,227.0,17.41
2026-09-18T08:31:31,Nam,VNPT,vultr_seoul,93.0,116.83
2026-09-18T08:31:31,Nam,VNPT,linode_singapore,55.0,117.32
2026-09-18T08:42:15,Nam,VNPT,cloudflare,41.0,25.6
2026-09-18T08:42:15,Nam,VNPT,vultr_singapore,230.0,85.23
2026-09-18T08:42:15,Nam,VNPT,vultr_seoul,93.0,67.37
2026-09-18T08:42:15,Nam,VNPT,linode_singapore,56.0,66.19
2026-09-18T08:53:05,Nam,VNPT,cloudflare,39.0,25.04
2026-09-18T08:53:05,Nam,VNPT,vultr_singapore,226.0,48.98
2026-09-18T08:53:05,Nam,VNPT,vultr_seoul,92.0,121.28
2026-09-18T08:53:05,Nam,VNPT,linode_singapore,57.0,95.31
2026-09-18T09:03:50,Nam,VNPT,cloudflare,41.0,20.31
2026-09-18T09:03:50,Nam,VNPT,vultr_singapore,233.0,94.15
2026-09-18T09:03:50,Nam,VNPT,vultr_seoul,92.0,117.27
2026-09-18T09:03:50,Nam,VNPT,linode_singapore,56.0,105.76
2026-09-18T09:14:29,Nam,VNPT,cloudflare,42.0,22.82
2026-09-18T09:14:29,Nam,VNPT,vultr_singapore,227.0,86.88
2026-09-18T09:14:29,Nam,VNPT,vultr_seoul,93.0,98.71
2026-09-18T09:14:29,Nam,VNPT,linode_singapore,55.0,47.68
2026-09-18T09:25:17,Nam,VNPT,cloudflare,40.0,29.36
2026-09-18T09:25:17,Nam,VNPT,vultr_singapore,227.0,104.8
2026-09-18T09:25:17,Nam,VNPT,vultr_seoul,91.0,107.11
2026-09-18T09:25:17,Nam,VNPT,linode_singapore,55.0,77.57
2026-09-18T09:35:58,Nam,VNPT,cloudflare,55.0,28.79
2026-09-18T09:35:58,Nam,VNPT,vultr_singapore,228.0,20.54
2026-09-18T09:35:58,Nam,VNPT,vultr_seoul,93.0,103.26
2026-09-18T09:35:58,Nam,VNPT,linode_singapore,58.0,87.3
2026-09-18T09:46:45,Nam,VNPT,cloudflare,41.0,28.86
2026-09-18T09:46:45,Nam,VNPT,vultr_singapore,229.0,60.24
2026-09-18T09:46:45,Nam,VNPT,vultr_seoul,92.0,127.64
2026-09-18T09:46:45,Nam,VNPT,linode_singapore,55.0,79.82
2026-09-18T09:57:31,Nam,VNPT,cloudflare,42.0,25.6
2026-09-18T09:57:31,Nam,VNPT,vultr_singapore,230.0,80.52
2026-09-18T09:57:31,Nam,VNPT,vultr_seoul,93.0,128.3
2026-09-18T09:57:31,Nam,VNPT,linode_singapore,56.0,65.98
2026-09-18T10:08:15,Nam,VNPT,cloudflare,43.0,28.35
2026-09-18T10:08:15,Nam,VNPT,vultr_singapore,226.0,111.13
2026-09-18T10:08:15,Nam,VNPT,vultr_seoul,91.0,121.11
2026-09-18T10:08:15,Nam,VNPT,linode_singapore,56.0,109.95
2026-09-18T10:18:52,Nam,VNPT,cloudflare,41.0,28.53
2026-09-18T10:18:52,Nam,VNPT,vultr_singapore,229.0,121.07
2026-09-18T10:18:52,Nam,VNPT,vultr_seoul,94.0,102.8
2026-09-18T10:18:52,Nam,VNPT,linode_singapore,57.0,90.33
2026-09-18T10:29:31,Nam,VNPT,cloudflare,42.0,24.12
2026-09-18T10:29:31,Nam,VNPT,vultr_singapore,230.0,55.79
2026-09-18T10:29:31,Nam,VNPT,vultr_seoul,97.0,111.67
2026-09-18T10:29:31,Nam,VNPT,linode_singapore,57.0,84.33
2026-09-18T10:40:18,Nam,VNPT,cloudflare,44.0,28.35
2026-09-18T10:40:18,Nam,VNPT,vultr_singapore,228.0,95.18
2026-09-18T10:40:18,Nam,VNPT,vultr_seoul,94.0,66.23
2026-09-18T10:40:18,Nam,VNPT,linode_singapore,57.0,115.59
2026-09-18T10:51:02,Nam,VNPT,cloudflare,39.0,30.89
2026-09-18T10:51:02,Nam,VNPT,vultr_singapore,230.0,61.18
2026-09-18T10:51:02,Nam,VNPT,vultr_seoul,93.0,135.66
2026-09-18T10:51:02,Nam,VNPT,linode_singapore,66.0,61.05
2026-09-18T11:01:50,Nam,VNPT,cloudflare,41.0,13.44
2026-09-18T11:01:50,Nam,VNPT,vultr_singapore,230.0,117.47
2026-09-18T11:01:50,Nam,VNPT,vultr_seoul,92.0,103.63
2026-09-18T11:01:50,Nam,VNPT,linode_singapore,57.0,73.49
2026-09-18T11:12:31,Nam,VNPT,cloudflare,40.0,26.61
2026-09-18T11:12:31,Nam,VNPT,vultr_singapore,229.0,92.69
2026-09-18T11:12:31,Nam,VNPT,vultr_seoul,93.0,102.36
2026-09-18T11:12:31,Nam,VNPT,linode_singapore,58.0,86.68
2026-09-18T11:23:13,Nam,VNPT,cloudflare,42.0,15.83
2026-09-18T11:23:13,Nam,VNPT,vultr_singapore,229.0,65.04
2026-09-18T11:23:13,Nam,VNPT,vultr_seoul,93.0,101.02
2026-09-18T11:23:13,Nam,VNPT,linode_singapore,55.0,74.31
2026-09-18T11:34:00,Nam,VNPT,cloudflare,40.0,23.5
2026-09-18T11:34:00,Nam,VNPT,vultr_singapore,230.0,85.64
2026-09-18T11:34:00,Nam,VNPT,vultr_seoul,92.0,117.28
2026-09-18T11:34:00,Nam,VNPT,linode_singapore,57.0,73.97
2026-09-18T11:44:43,Nam,VNPT,cloudflare,40.0,11.05
2026-09-18T11:44:43,Nam,VNPT,vultr_singapore,227.0,107.59
2026-09-18T11:44:43,Nam,VNPT,vultr_seoul,116.0,68.05
2026-09-18T11:44:43,Nam,VNPT,linode_singapore,56.0,78.52
2026-09-18T11:55:29,Nam,VNPT,cloudflare,41.0,7.9
2026-09-18T11:55:29,Nam,VNPT,vultr_singapore,230.0,6.38
2026-09-18T11:55:29,Nam,VNPT,vultr_seoul,91.0,66.05
2026-09-18T11:55:29,Nam,VNPT,linode_singapore,57.0,90.36
2026-09-18T12:06:22,Nam,VNPT,cloudflare,42.0,8.64
2026-09-18T12:06:22,Nam,VNPT,vultr_singapore,226.0,20.77
2026-09-18T12:06:22,Nam,VNPT,vultr_seoul,92.0,53.14
2026-09-18T12:06:22,Nam,VNPT,linode_singapore,61.0,95.46
2026-09-18T12:17:17,Nam,VNPT,cloudflare,43.0,4.98
2026-09-18T12:17:17,Nam,VNPT,vultr_singapore,229.0,83.83
2026-09-18T12:17:17,Nam,VNPT,vultr_seoul,93.0,9.17
2026-09-18T12:17:17,Nam,VNPT,linode_singapore,58.0,85.43
2026-09-18T12:28:10,Nam,VNPT,cloudflare,45.0,9.88
2026-09-18T12:28:10,Nam,VNPT,vultr_singapore,227.0,104.63
2026-09-18T12:28:10,Nam,VNPT,vultr_seoul,91.0,27.58
2026-09-18T12:28:10,Nam,VNPT,linode_singapore,57.0,80.83
2026-09-18T12:38:59,Nam,VNPT,cloudflare,40.0,13.29
2026-09-18T12:38:59,Nam,VNPT,vultr_singapore,231.0,90.49
2026-09-18T12:38:59,Nam,VNPT,vultr_seoul,96.0,18.75
2026-09-18T12:38:59,Nam,VNPT,linode_singapore,57.0,83.87
2026-09-18T12:49:48,Nam,VNPT,cloudflare,41.0,7.26
2026-09-18T12:49:48,Nam,VNPT,vultr_singapore,228.0,61.92
2026-09-18T12:49:48,Nam,VNPT,vultr_seoul,91.0,5.07
2026-09-18T12:49:48,Nam,VNPT,linode_singapore,58.0,91.13
2026-09-18T13:00:42,Nam,VNPT,cloudflare,41.0,3.78
2026-09-18T13:00:42,Nam,VNPT,vultr_singapore,232.0,22.38
2026-09-18T13:00:42,Nam,VNPT,vultr_seoul,96.0,10.06
2026-09-18T13:00:42,Nam,VNPT,linode_singapore,57.0,66.88
2026-09-18T13:11:43,Nam,VNPT,cloudflare,40.0,15.6
2026-09-18T13:11:43,Nam,VNPT,vultr_singapore,228.0,3.3
2026-09-18T13:11:43,Nam,VNPT,vultr_seoul,97.0,21.77
2026-09-18T13:11:43,Nam,VNPT,linode_singapore,57.0,76.77
2026-09-18T13:22:39,Nam,VNPT,cloudflare,40.0,8.24
2026-09-18T13:22:39,Nam,VNPT,vultr_singapore,228.0,40.6
2026-09-18T13:22:39,Nam,VNPT,vultr_seoul,95.0,81.61
2026-09-18T13:22:39,Nam,VNPT,linode_singapore,58.0,118.27
2026-09-18T13:33:27,Nam,VNPT,cloudflare,40.0,11.92
2026-09-18T13:33:27,Nam,VNPT,vultr_singapore,229.0,100.66
2026-09-18T13:33:27,Nam,VNPT,vultr_seoul,95.0,20.45
2026-09-18T13:33:27,Nam,VNPT,linode_singapore,55.0,104.39
2026-09-18T13:44:14,Nam,VNPT,cloudflare,42.0,17.4
2026-09-18T13:44:14,Nam,VNPT,vultr_singapore,229.0,18.68
2026-09-18T13:44:14,Nam,VNPT,vultr_seoul,97.0,83.2
2026-09-18T13:44:14,Nam,VNPT,linode_singapore,56.0,80.4
2026-09-18T17:26:35,Nam,VNPT,cloudflare,40.0,29.26
2026-09-18T17:26:35,Nam,VNPT,vultr_singapore,231.0,10.91
2026-09-18T17:26:35,Nam,VNPT,vultr_seoul,89.0,117.03
2026-09-18T17:26:35,Nam,VNPT,linode_singapore,57.0,102.51
2026-09-18T17:37:19,Nam,VNPT,cloudflare,40.0,30.89
2026-09-18T17:37:19,Nam,VNPT,vultr_singapore,228.0,8.97
2026-09-18T17:37:19,Nam,VNPT,vultr_seoul,89.0,128.78
2026-09-18T17:37:19,Nam,VNPT,linode_singapore,57.0,91.53
2026-09-18T17:48:05,Nam,VNPT,cloudflare,42.0,27.04
2026-09-18T17:48:05,Nam,VNPT,vultr_singapore,227.0,10.46
2026-09-18T17:48:05,Nam,VNPT,vultr_seoul,89.0,128.71
2026-09-18T17:48:05,Nam,VNPT,linode_singapore,57.0,115.17
2026-09-18T17:58:49,Nam,VNPT,cloudflare,42.0,27.96
2026-09-18T17:58:49,Nam,VNPT,vultr_singapore,226.0,2.46
2026-09-18T17:58:49,Nam,VNPT,vultr_seoul,92.0,105.92
2026-09-18T17:58:49,Nam,VNPT,linode_singapore,57.0,113.13
2026-09-18T18:09:34,Nam,VNPT,cloudflare,41.0,25.61
2026-09-18T18:09:34,Nam,VNPT,vultr_singapore,231.0,9.82
2026-09-18T18:09:34,Nam,VNPT,vultr_seoul,92.0,135.62
2026-09-18T18:09:34,Nam,VNPT,linode_singapore,57.0,88.72
2026-09-18T18:20:20,Nam,VNPT,cloudflare,47.0,23.5
2026-09-18T18:20:20,Nam,VNPT,vultr_singapore,228.0,8.42
2026-09-18T18:20:20,Nam,VNPT,vultr_seoul,90.0,78.25
2026-09-18T18:20:20,Nam,VNPT,linode_singapore,62.0,91.46
2026-09-18T18:31:10,Nam,VNPT,cloudflare,63.0,10.17
2026-09-18T18:31:10,Nam,VNPT,vultr_singapore,227.0,12.97
2026-09-18T18:31:10,Nam,VNPT,vultr_seoul,92.0,108.51
2026-09-18T18:31:10,Nam,VNPT,linode_singapore,57.0,103.2
2026-09-18T18:41:58,Nam,VNPT,cloudflare,44.0,25.62
2026-09-18T18:41:58,Nam,VNPT,vultr_singapore,239.0,2.31
2026-09-18T18:41:58,Nam,VNPT,vultr_seoul,90.0,20.61
2026-09-18T18:41:58,Nam,VNPT,linode_singapore,60.0,77.74
2026-09-18T18:52:53,Nam,VNPT,cloudflare,42.0,21.34
2026-09-18T18:52:53,Nam,VNPT,vultr_singapore,229.0,2.05
2026-09-18T18:52:53,Nam,VNPT,vultr_seoul,98.0,92.77
2026-09-18T18:52:53,Nam,VNPT,linode_singapore,56.0,99.11
2026-09-18T19:03:40,Nam,VNPT,cloudflare,42.0,16.9
2026-09-18T19:03:40,Nam,VNPT,vultr_singapore,228.0,2.21
2026-09-18T19:03:40,Nam,VNPT,vultr_seoul,90.0,70.41
2026-09-18T19:03:40,Nam,VNPT,linode_singapore,58.0,94.26
2026-09-18T19:14:31,Nam,VNPT,cloudflare,41.0,20.19
2026-09-18T19:14:31,Nam,VNPT,vultr_singapore,228.0,8.19
2026-09-18T19:14:31,Nam,VNPT,vultr_seoul,95.0,10.72
2026-09-18T19:14:31,Nam,VNPT,linode_singapore,58.0,96.85
2026-09-18T19:25:24,Nam,VNPT,cloudflare,41.0,11.2
2026-09-18T19:25:24,Nam,VNPT,vultr_singapore,227.0,12.48
2026-09-18T19:25:24,Nam,VNPT,vultr_seoul,90.0,39.48
2026-09-18T19:25:24,Nam,VNPT,linode_singapore,61.0,46.71
2026-09-18T19:36:25,Nam,VNPT,cloudflare,43.0,17.57
2026-09-18T19:36:25,Nam,VNPT,vultr_singapore,228.0,1.73
2026-09-18T19:36:25,Nam,VNPT,vultr_seoul,90.0,51.12
2026-09-18T19:36:25,Nam,VNPT,linode_singapore,57.0,128.39
2026-09-18T19:47:16,Nam,VNPT,cloudflare,40.0,6.67
2026-09-18T19:47:16,Nam,VNPT,vultr_singapore,228.0,1.62
2026-09-18T19:47:16,Nam,VNPT,vultr_seoul,90.0,54.48
2026-09-18T19:47:16,Nam,VNPT,linode_singapore,56.0,100.82
2026-09-18T19:58:11,Nam,VNPT,cloudflare,42.0,8.85
2026-09-18T19:58:11,Nam,VNPT,vultr_singapore,227.0,85.0
2026-09-18T19:58:11,Nam,VNPT,vultr_seoul,89.0,28.86
2026-09-18T19:58:11,Nam,VNPT,linode_singapore,63.0,70.84
2026-09-18T20:09:04,Nam,VNPT,cloudflare,41.0,9.88
2026-09-18T20:09:04,Nam,VNPT,vultr_singapore,226.0,3.94
2026-09-18T20:09:04,Nam,VNPT,vultr_seoul,88.0,16.93
2026-09-18T20:09:04,Nam,VNPT,linode_singapore,56.0,122.21
2026-09-18T20:19:57,Nam,VNPT,cloudflare,45.0,9.06
2026-09-18T20:19:57,Nam,VNPT,vultr_singapore,232.0,13.33
2026-09-18T20:19:57,Nam,VNPT,vultr_seoul,91.0,33.2
2026-09-18T20:19:57,Nam,VNPT,linode_singapore,56.0,73.64
2026-09-18T20:30:54,Nam,VNPT,cloudflare,43.0,8.28
2026-09-18T20:30:54,Nam,VNPT,vultr_singapore,229.0,3.22
2026-09-18T20:30:54,Nam,VNPT,vultr_seoul,91.0,16.83
2026-09-18T20:30:54,Nam,VNPT,linode_singapore,56.0,60.89
2026-09-18T20:41:54,Nam,VNPT,cloudflare,39.0,9.95
2026-09-18T20:41:54,Nam,VNPT,vultr_singapore,230.0,10.74
2026-09-18T20:41:54,Nam,VNPT,vultr_seoul,88.0,21.09
2026-09-18T20:41:54,Nam,VNPT,linode_singapore,63.0,82.08
2026-09-18T22:17:12,Nam,VNPT,cloudflare,41.0,4.11
2026-09-18T22:17:12,Nam,VNPT,vultr_singapore,282.0,3.65
2026-09-18T22:17:12,Nam,VNPT,vultr_seoul,90.0,7.49
2026-09-18T22:17:12,Nam,VNPT,linode_singapore,61.0,54.36
2026-09-18T22:28:16,Nam,VNPT,cloudflare,44.0,6.49
2026-09-18T22:28:16,Nam,VNPT,vultr_singapore,281.0,14.64
2026-09-18T22:28:16,Nam,VNPT,vultr_seoul,95.0,25.2
2026-09-18T22:28:16,Nam,VNPT,linode_singapore,59.0,73.24
2026-09-18T22:39:14,Nam,VNPT,cloudflare,41.0,3.45
2026-09-18T22:39:14,Nam,VNPT,vultr_singapore,233.0,4.86
2026-09-18T22:39:14,Nam,VNPT,vultr_seoul,90.0,28.37
2026-09-18T22:39:14,Nam,VNPT,linode_singapore,59.0,78.38
2026-09-18T22:50:14,Nam,VNPT,cloudflare,42.0,10.22
2026-09-18T22:50:14,Nam,VNPT,vultr_singapore,231.0,1.43
2026-09-18T22:50:14,Nam,VNPT,vultr_seoul,90.0,23.89
2026-09-18T22:50:14,Nam,VNPT,linode_singapore,57.0,93.46
2026-09-18T23:01:10,Nam,VNPT,cloudflare,45.0,15.05
2026-09-18T23:01:10,Nam,VNPT,vultr_singapore,233.0,1.02
2026-09-18T23:01:10,Nam,VNPT,vultr_seoul,137.0,5.95
2026-09-18T23:01:10,Nam,VNPT,linode_singapore,42.0,0.46
2026-09-18T23:12:11,Nam,VNPT,cloudflare,41.0,4.99
2026-09-18T23:12:11,Nam,VNPT,vultr_singapore,221.0,5.81
2026-09-18T23:12:11,Nam,VNPT,vultr_seoul,106.0,32.85
2026-09-18T23:12:11,Nam,VNPT,linode_singapore,43.0,2.76
2026-09-18T23:23:14,Nam,VNPT,cloudflare,41.0,15.89
2026-09-18T23:23:14,Nam,VNPT,vultr_singapore,220.0,4.66
2026-09-18T23:23:14,Nam,VNPT,vultr_seoul,98.0,65.82
2026-09-18T23:23:14,Nam,VNPT,linode_singapore,44.0,13.78
2026-09-18T23:34:12,Nam,VNPT,cloudflare,42.0,29.36
2026-09-18T23:34:12,Nam,VNPT,vultr_singapore,228.0,51.16
2026-09-18T23:34:12,Nam,VNPT,vultr_seoul,98.0,149.43
2026-09-18T23:34:12,Nam,VNPT,linode_singapore,41.0,95.18
2026-09-18T23:44:57,Nam,VNPT,cloudflare,44.0,23.51
2026-09-18T23:44:57,Nam,VNPT,vultr_singapore,220.0,10.83
2026-09-18T23:44:57,Nam,VNPT,vultr_seoul,98.0,134.43
2026-09-18T23:44:57,Nam,VNPT,linode_singapore,41.0,102.42
2026-09-18T23:55:41,Nam,VNPT,cloudflare,41.0,30.89
2026-09-18T23:55:41,Nam,VNPT,vultr_singapore,220.0,6.96
2026-09-18T23:55:41,Nam,VNPT,vultr_seoul,95.0,122.61
2026-09-18T23:55:41,Nam,VNPT,linode_singapore,43.0,139.59
2026-09-19T00:06:24,Nam,VNPT,cloudflare,41.0,23.1
2026-09-19T00:06:24,Nam,VNPT,vultr_singapore,219.0,2.44
2026-09-19T00:06:24,Nam,VNPT,vultr_seoul,96.0,7.54
2026-09-19T00:06:24,Nam,VNPT,linode_singapore,41.0,119.71
2026-09-19T00:17:17,Nam,VNPT,cloudflare,40.0,27.52
2026-09-19T00:17:17,Nam,VNPT,vultr_singapore,225.0,16.12
2026-09-19T00:17:17,Nam,VNPT,vultr_seoul,96.0,145.97
2026-09-19T00:17:17,Nam,VNPT,linode_singapore,41.0,126.02
2026-09-19T00:28:00,Nam,VNPT,cloudflare,42.0,23.52
2026-09-19T00:28:00,Nam,VNPT,vultr_singapore,224.0,17.15
2026-09-19T00:28:00,Nam,VNPT,vultr_seoul,96.0,155.75
2026-09-19T00:28:00,Nam,VNPT,linode_singapore,44.0,138.32
2026-09-19T00:38:42,Nam,VNPT,cloudflare,40.0,29.34
2026-09-19T00:38:42,Nam,VNPT,vultr_singapore,221.0,26.93
2026-09-19T00:38:42,Nam,VNPT,vultr_seoul,96.0,155.57
2026-09-19T00:38:42,Nam,VNPT,linode_singapore,41.0,150.8
2026-09-19T00:49:22,Nam,VNPT,cloudflare,39.0,28.81
2026-09-19T00:49:22,Nam,VNPT,vultr_singapore,220.0,2.57
2026-09-19T00:49:22,Nam,VNPT,vultr_seoul,96.0,146.88
2026-09-19T00:49:22,Nam,VNPT,linode_singapore,43.0,106.53
2026-09-19T01:00:06,Nam,VNPT,cloudflare,39.0,31.13
2026-09-19T01:00:06,Nam,VNPT,vultr_singapore,233.0,12.51
2026-09-19T01:00:06,Nam,VNPT,vultr_seoul,96.0,144.33
2026-09-19T01:00:06,Nam,VNPT,linode_singapore,41.0,106.18
2026-09-19T01:10:49,Nam,VNPT,cloudflare,40.0,26.51
2026-09-19T01:10:49,Nam,VNPT,vultr_singapore,228.0,13.16
2026-09-19T01:10:49,Nam,VNPT,vultr_seoul,96.0,122.62
2026-09-19T01:10:49,Nam,VNPT,linode_singapore,40.0,100.82
2026-09-19T01:21:34,Nam,VNPT,cloudflare,40.0,30.67
2026-09-19T01:21:34,Nam,VNPT,vultr_singapore,228.0,10.32
2026-09-19T01:21:34,Nam,VNPT,vultr_seoul,96.0,116.69
2026-09-19T01:21:34,Nam,VNPT,linode_singapore,41.0,132.82
2026-09-19T01:32:18,Nam,VNPT,cloudflare,41.0,26.05
2026-09-19T01:32:18,Nam,VNPT,vultr_singapore,228.0,11.1
2026-09-19T01:32:18,Nam,VNPT,vultr_seoul,98.0,153.1
2026-09-19T01:32:18,Nam,VNPT,linode_singapore,41.0,3.74
2026-09-19T01:43:08,Nam,VNPT,cloudflare,40.0,30.68
2026-09-19T01:43:08,Nam,VNPT,vultr_singapore,228.0,7.77
2026-09-19T01:43:08,Nam,VNPT,vultr_seoul,97.0,150.24
2026-09-19T01:43:08,Nam,VNPT,linode_singapore,41.0,118.5
2026-09-19T01:53:51,Nam,VNPT,cloudflare,44.0,30.89
2026-09-19T01:53:51,Nam,VNPT,vultr_singapore,231.0,9.92
2026-09-19T01:53:51,Nam,VNPT,vultr_seoul,97.0,139.97
2026-09-19T01:53:51,Nam,VNPT,linode_singapore,43.0,100.17
2026-09-19T02:04:35,Nam,VNPT,cloudflare,41.0,32.22
2026-09-19T02:04:35,Nam,VNPT,vultr_singapore,227.0,36.52
2026-09-19T02:04:35,Nam,VNPT,vultr_seoul,102.0,112.32
2026-09-19T02:04:35,Nam,VNPT,linode_singapore,40.0,106.7
2026-09-19T02:15:21,Nam,VNPT,cloudflare,40.0,26.15
2026-09-19T02:15:21,Nam,VNPT,vultr_singapore,227.0,42.58
2026-09-19T02:15:21,Nam,VNPT,vultr_seoul,94.0,148.64
2026-09-19T02:15:21,Nam,VNPT,linode_singapore,41.0,157.45
2026-09-19T02:26:01,Nam,VNPT,cloudflare,40.0,29.53
2026-09-19T02:26:01,Nam,VNPT,vultr_singapore,227.0,16.04
2026-09-19T02:26:01,Nam,VNPT,vultr_seoul,94.0,144.04
2026-09-19T02:26:01,Nam,VNPT,linode_singapore,42.0,107.76
2026-09-19T02:36:45,Nam,VNPT,cloudflare,40.0,23.26
2026-09-19T02:36:45,Nam,VNPT,vultr_singapore,228.0,9.12
2026-09-19T02:36:45,Nam,VNPT,vultr_seoul,96.0,138.14
2026-09-19T02:36:45,Nam,VNPT,linode_singapore,44.0,99.92
2026-09-19T02:47:29,Nam,VNPT,cloudflare,41.0,25.07
2026-09-19T02:47:29,Nam,VNPT,vultr_singapore,227.0,2.44
2026-09-19T02:47:29,Nam,VNPT,vultr_seoul,96.0,132.0
2026-09-19T02:47:29,Nam,VNPT,linode_singapore,41.0,104.95
2026-09-19T02:58:14,Nam,VNPT,cloudflare,39.0,24.06
2026-09-19T02:58:14,Nam,VNPT,vultr_singapore,229.0,2.44
2026-09-19T02:58:14,Nam,VNPT,vultr_seoul,95.0,122.75
2026-09-19T02:58:14,Nam,VNPT,linode_singapore,40.0,109.69
2026-09-19T03:08:58,Nam,VNPT,cloudflare,40.0,28.25
2026-09-19T03:08:58,Nam,VNPT,vultr_singapore,228.0,10.55
2026-09-19T03:08:58,Nam,VNPT,vultr_seoul,96.0,28.75
2026-09-19T03:08:58,Nam,VNPT,linode_singapore,41.0,109.81
2026-09-19T03:19:51,Nam,VNPT,cloudflare,43.0,28.33
2026-09-19T03:19:51,Nam,VNPT,vultr_singapore,228.0,8.34
2026-09-19T03:19:51,Nam,VNPT,vultr_seoul,98.0,142.03
2026-09-19T03:19:51,Nam,VNPT,linode_singapore,41.0,131.37
2026-09-19T03:30:33,Nam,VNPT,cloudflare,41.0,25.81
2026-09-19T03:30:33,Nam,VNPT,vultr_singapore,228.0,8.77
2026-09-19T03:30:33,Nam,VNPT,vultr_seoul,95.0,138.14
2026-09-19T03:30:33,Nam,VNPT,linode_singapore,40.0,119.55
2026-09-19T03:41:16,Nam,VNPT,cloudflare,42.0,25.9
2026-09-19T03:41:16,Nam,VNPT,vultr_singapore,228.0,12.37
2026-09-19T03:41:16,Nam,VNPT,vultr_seoul,95.0,133.91
2026-09-19T03:41:16,Nam,VNPT,linode_singapore,41.0,114.56
2026-09-19T03:52:00,Nam,VNPT,cloudflare,41.0,22.41
2026-09-19T03:52:00,Nam,VNPT,vultr_singapore,229.0,48.43
2026-09-19T03:52:00,Nam,VNPT,vultr_seoul,95.0,143.48
2026-09-19T03:52:00,Nam,VNPT,linode_singapore,42.0,126.06
2026-09-19T04:02:43,Nam,VNPT,cloudflare,43.0,25.17
2026-09-19T04:02:43,Nam,VNPT,vultr_singapore,231.0,2.44
2026-09-19T04:02:43,Nam,VNPT,vultr_seoul,98.0,110.3
2026-09-19T04:02:43,Nam,VNPT,linode_singapore,42.0,138.39
2026-09-19T04:13:27,Nam,VNPT,cloudflare,41.0,26.12
2026-09-19T04:13:27,Nam,VNPT,vultr_singapore,228.0,21.21
2026-09-19T04:13:27,Nam,VNPT,vultr_seoul,96.0,30.33
2026-09-19T04:13:27,Nam,VNPT,linode_singapore,45.0,144.45
2026-09-19T04:24:18,Nam,VNPT,cloudflare,42.0,26.66
2026-09-19T04:24:18,Nam,VNPT,vultr_singapore,230.0,12.59
2026-09-19T04:24:18,Nam,VNPT,vultr_seoul,100.0,131.83
2026-09-19T04:24:18,Nam,VNPT,linode_singapore,42.0,129.49
2026-09-19T04:35:00,Nam,VNPT,cloudflare,46.0,18.42
2026-09-19T04:35:00,Nam,VNPT,vultr_singapore,239.0,9.41
2026-09-19T04:35:00,Nam,VNPT,vultr_seoul,95.0,143.07
2026-09-19T04:35:00,Nam,VNPT,linode_singapore,41.0,103.81
2026-09-19T04:45:45,Nam,VNPT,cloudflare,40.0,33.8
2026-09-19T04:45:45,Nam,VNPT,vultr_singapore,227.0,11.86
2026-09-19T04:45:45,Nam,VNPT,vultr_seoul,95.0,157.24
2026-09-19T04:45:45,Nam,VNPT,linode_singapore,41.0,104.17
2026-09-19T04:56:28,Nam,VNPT,cloudflare,39.0,29.96
2026-09-19T04:56:28,Nam,VNPT,vultr_singapore,227.0,29.72
2026-09-19T04:56:28,Nam,VNPT,vultr_seoul,96.0,147.68
2026-09-19T04:56:28,Nam,VNPT,linode_singapore,40.0,97.18
2026-09-19T05:07:12,Nam,VNPT,cloudflare,43.0,30.86
2026-09-19T05:07:12,Nam,VNPT,vultr_singapore,228.0,8.61
2026-09-19T05:07:12,Nam,VNPT,vultr_seoul,96.0,110.75
2026-09-19T05:07:12,Nam,VNPT,linode_singapore,41.0,120.89
2026-09-19T05:17:56,Nam,VNPT,cloudflare,42.0,30.9
2026-09-19T05:17:56,Nam,VNPT,vultr_singapore,233.0,10.73
2026-09-19T05:17:56,Nam,VNPT,vultr_seoul,96.0,147.78
2026-09-19T05:17:56,Nam,VNPT,linode_singapore,41.0,147.67
2026-09-19T05:28:37,Nam,VNPT,cloudflare,41.0,26.76
2026-09-19T05:28:37,Nam,VNPT,vultr_singapore,227.0,8.92
2026-09-19T05:28:37,Nam,VNPT,vultr_seoul,97.0,60.98
2026-09-19T05:28:37,Nam,VNPT,linode_singapore,42.0,112.71
2026-09-21T11:50:23,Nam,VNPT,cloudflare,49.0,22.29
2026-09-21T11:50:23,Nam,VNPT,vultr_singapore,229.0,11.41
2026-09-21T11:50:23,Nam,VNPT,vultr_seoul,97.0,21.74
2026-09-21T11:50:23,Nam,VNPT,linode_singapore,49.0,74.66
2026-09-21T12:01:20,Nam,VNPT,cloudflare,40.0,17.32
2026-09-21T12:01:20,Nam,VNPT,vultr_singapore,228.0,15.63
2026-09-21T12:01:20,Nam,VNPT,vultr_seoul,110.0,45.93
2026-09-21T12:01:20,Nam,VNPT,linode_singapore,50.0,49.18
2026-09-21T12:12:20,Nam,VNPT,cloudflare,43.0,11.53
2026-09-21T12:12:20,Nam,VNPT,vultr_singapore,230.0,12.81
2026-09-21T12:12:20,Nam,VNPT,vultr_seoul,97.0,105.3
2026-09-21T12:12:20,Nam,VNPT,linode_singapore,50.0,68.84
2026-09-21T12:23:12,Nam,VNPT,cloudflare,40.0,27.09
2026-09-21T12:23:12,Nam,VNPT,vultr_singapore,229.0,10.79
2026-09-21T12:23:12,Nam,VNPT,vultr_seoul,96.0,92.46
2026-09-21T12:23:12,Nam,VNPT,linode_singapore,63.0,67.48
2026-09-21T12:34:03,Nam,VNPT,cloudflare,40.0,27.87
2026-09-21T12:34:03,Nam,VNPT,vultr_singapore,230.0,12.24
2026-09-21T12:34:03,Nam,VNPT,vultr_seoul,96.0,111.47
2026-09-21T12:34:03,Nam,VNPT,linode_singapore,49.0,78.78
2026-09-21T12:44:51,Nam,VNPT,cloudflare,41.0,27.13
2026-09-21T12:44:51,Nam,VNPT,vultr_singapore,229.0,13.16
2026-09-21T12:44:51,Nam,VNPT,vultr_seoul,99.0,123.53
2026-09-21T12:44:51,Nam,VNPT,linode_singapore,50.0,84.18
2026-09-21T12:55:39,Nam,VNPT,cloudflare,40.0,27.25
2026-09-21T12:55:39,Nam,VNPT,vultr_singapore,231.0,10.83
2026-09-21T12:55:39,Nam,VNPT,vultr_seoul,96.0,122.16
2026-09-21T12:55:39,Nam,VNPT,linode_singapore,52.0,97.95
2026-09-21T13:06:26,Nam,VNPT,cloudflare,40.0,25.3
2026-09-21T13:06:26,Nam,VNPT,vultr_singapore,228.0,20.11
2026-09-21T13:06:26,Nam,VNPT,vultr_seoul,97.0,134.07
2026-09-21T13:06:26,Nam,VNPT,linode_singapore,54.0,88.94
2026-09-21T13:17:11,Nam,VNPT,cloudflare,42.0,24.05
2026-09-21T13:17:11,Nam,VNPT,vultr_singapore,230.0,13.12
2026-09-21T13:17:11,Nam,VNPT,vultr_seoul,96.0,129.2
2026-09-21T13:17:11,Nam,VNPT,linode_singapore,50.0,78.05
