timestamp,vung_dia_ly,isp,gio,thu_trong_tuan,latency_bat_thuong_cloudflare,latency_bat_thuong_linode_singapore,latency_bat_thuong_vultr_seoul,latency_bat_thuong_vultr_singapore,latency_ms_cloudflare,latency_ms_linode_singapore,latency_ms_vultr_seoul,latency_ms_vultr_singapore,throughput_mbps_cloudflare,throughput_mbps_linode_singapore,throughput_mbps_vultr_seoul,throughput_mbps_vultr_singapore,pop_toi_uu
2026-09-05 08:52:24,Nam,VNPT,8,5,0.0,0.0,0.0,0.0,52.0,42.0,100.0,48.0,10.14,206.71,149.17,0.76,linode_singapore
2026-09-05 09:01:17,Nam,VNPT,9,5,0.0,0.0,0.0,0.0,45.0,43.0,136.0,67.0,19.86,100.04,0.24,0.37,linode_singapore
2026-09-05 09:02:25,Nam,VNPT,9,5,0.0,0.0,0.0,0.0,48.0,40.0,80.0,47.0,2.01,10.77,7.68,0.37,linode_singapore
2026-09-05 09:03:55,Nam,VNPT,9,5,0.0,0.0,0.0,0.0,54.0,55.0,82.0,61.0,31.59,9.17,22.47,42.54,cloudflare
2026-09-11 18:46:53,Nam,VNPT,18,4,0.0,0.0,0.0,0.0,54.0,48.0,83.0,206.0,0.92,151.38,62.35,2.69,linode_singapore
2026-09-12 22:01:59,Nam,VNPT,22,5,0.0,0.0,0.0,0.0,54.0,50.0,81.0,204.0,1.16,164.68,9.35,2.64,linode_singapore
2026-09-12 22:20:57,Nam,VNPT,22,5,0.0,0.0,0.0,0.0,52.0,49.0,80.0,213.0,2.07,130.8,25.3,2.57,linode_singapore
2026-09-12 22:31:58,Nam,VNPT,22,5,0.0,0.0,0.0,0.0,57.0,53.0,82.0,207.0,3.12,149.96,25.14,2.29,linode_singapore
2026-09-12 22:43:02,Nam,VNPT,22,5,0.0,0.0,0.0,0.0,55.0,52.0,82.0,203.0,2.13,298.76,121.0,2.72,linode_singapore
2026-09-12 22:54:08,Nam,VNPT,22,5,0.0,0.0,0.0,0.0,52.0,49.0,81.0,205.0,3.66,113.04,136.09,2.62,linode_singapore
2026-09-12 23:04:58,Nam,VNPT,23,5,0.0,0.0,0.0,0.0,58.0,48.0,82.0,205.0,3.53,133.11,155.85,2.67,linode_singapore
2026-09-12 23:15:43,Nam,VNPT,23,5,0.0,0.0,0.0,0.0,54.0,50.0,81.0,206.0,2.72,243.57,134.72,2.67,linode_singapore
2026-09-12 23:26:28,Nam,VNPT,23,5,0.0,0.0,0.0,0.0,52.0,50.0,81.0,205.0,8.28,210.12,260.6,2.66,linode_singapore
2026-09-12 23:37:06,Nam,VNPT,23,5,0.0,0.0,0.0,0.0,52.0,50.0,80.0,204.0,8.73,154.68,79.41,2.75,linode_singapore
2026-09-12 23:47:53,Nam,VNPT,23,5,0.0,0.0,0.0,0.0,54.0,87.0,80.0,205.0,27.36,224.62,32.7,9.75,cloudflare
2026-09-12 23:58:42,Nam,VNPT,23,5,0.0,0.0,0.0,0.0,53.0,51.0,80.0,205.0,28.92,123.68,247.88,6.06,linode_singapore
2026-09-13 00:09:21,Nam,VNPT,0,6,0.0,0.0,0.0,0.0,53.0,50.0,81.0,205.0,32.02,274.44,36.53,12.0,linode_singapore
2026-09-13 00:20:09,Nam,VNPT,0,6,0.0,0.0,0.0,0.0,53.0,49.0,82.0,205.0,31.15,257.69,65.4,2.69,linode_singapore
2026-09-13 00:30:54,Nam,VNPT,0,6,0.0,0.0,0.0,0.0,52.0,51.0,81.0,203.0,29.99,105.61,197.91,2.81,linode_singapore
2026-09-13 00:41:36,Nam,VNPT,0,6,0.0,0.0,0.0,0.0,52.0,50.0,79.0,204.0,24.75,138.14,238.9,2.7,linode_singapore
2026-09-13 00:52:15,Nam,VNPT,0,6,0.0,0.0,0.0,0.0,52.0,50.0,80.0,205.0,34.12,222.75,46.25,7.63,linode_singapore
2026-09-13 01:03:06,Nam,VNPT,1,6,0.0,0.0,0.0,0.0,52.0,49.0,81.0,207.0,33.69,164.4,222.7,2.68,linode_singapore
2026-09-13 01:13:45,Nam,VNPT,1,6,0.0,0.0,0.0,0.0,76.0,49.0,80.0,204.0,34.83,139.79,229.64,17.29,linode_singapore
2026-09-13 01:24:23,Nam,VNPT,1,6,0.0,0.0,0.0,0.0,52.0,49.0,80.0,204.0,30.44,304.68,47.28,2.69,linode_singapore
2026-09-13 01:35:10,Nam,VNPT,1,6,0.0,0.0,0.0,0.0,52.0,49.0,81.0,206.0,30.66,132.4,173.17,10.14,linode_singapore
2026-09-13 01:45:51,Nam,VNPT,1,6,0.0,0.0,0.0,0.0,53.0,50.0,80.0,204.0,28.09,138.0,207.63,2.7,linode_singapore
2026-09-13 01:56:30,Nam,VNPT,1,6,0.0,0.0,0.0,0.0,52.0,50.0,81.0,205.0,32.17,239.73,198.31,2.61,linode_singapore
2026-09-13 02:07:07,Nam,VNPT,2,6,0.0,0.0,0.0,0.0,53.0,49.0,80.0,205.0,30.51,107.73,44.49,2.54,linode_singapore
2026-09-13 06:55:05,Nam,VNPT,6,6,0.0,0.0,0.0,0.0,51.0,49.0,81.0,207.0,25.63,126.17,234.76,2.64,linode_singapore
2026-09-13 07:05:52,Nam,VNPT,7,6,0.0,0.0,0.0,0.0,58.0,50.0,80.0,205.0,29.66,294.71,116.45,2.49,linode_singapore
2026-09-13 07:16:32,Nam,VNPT,7,6,0.0,0.0,0.0,0.0,56.0,49.0,80.0,203.0,26.85,94.63,38.61,2.62,linode_singapore
2026-09-13 07:27:26,Nam,VNPT,7,6,0.0,0.0,0.0,0.0,58.0,50.0,80.0,208.0,29.09,208.44,56.24,8.23,linode_singapore
2026-09-13 07:38:14,Nam,VNPT,7,6,0.0,0.0,0.0,0.0,52.0,50.0,83.0,207.0,30.83,120.85,236.23,2.51,linode_singapore
2026-09-13 07:48:54,Nam,VNPT,7,6,0.0,0.0,0.0,0.0,52.0,49.0,79.0,205.0,30.1,276.65,246.09,2.72,linode_singapore
2026-09-13 07:59:30,Nam,VNPT,7,6,0.0,0.0,0.0,0.0,52.0,49.0,80.0,206.0,29.64,236.61,228.72,2.67,linode_singapore
2026-09-13 08:10:06,Nam,VNPT,8,6,0.0,0.0,0.0,0.0,53.0,52.0,81.0,204.0,28.81,206.54,251.96,2.75,linode_singapore
2026-09-13 08:20:43,Nam,VNPT,8,6,0.0,0.0,0.0,0.0,51.0,49.0,80.0,204.0,27.04,186.99,254.52,5.93,linode_singapore
2026-09-13 08:31:20,Nam,VNPT,8,6,0.0,0.0,0.0,0.0,52.0,50.0,82.0,206.0,29.24,120.57,245.72,10.88,linode_singapore
2026-09-13 08:42:01,Nam,VNPT,8,6,0.0,0.0,0.0,0.0,52.0,49.0,80.0,204.0,27.37,154.09,117.92,2.85,linode_singapore
2026-09-13 08:52:43,Nam,VNPT,8,6,0.0,0.0,0.0,0.0,52.0,49.0,80.0,205.0,29.47,129.21,154.78,2.5,linode_singapore
2026-09-13 09:03:24,Nam,VNPT,9,6,0.0,0.0,0.0,0.0,51.0,50.0,80.0,206.0,28.13,239.83,231.96,2.55,linode_singapore
2026-09-13 09:14:01,Nam,VNPT,9,6,0.0,0.0,0.0,0.0,52.0,50.0,83.0,205.0,26.8,177.46,226.42,2.69,linode_singapore
2026-09-13 09:24:39,Nam,VNPT,9,6,0.0,0.0,0.0,0.0,52.0,49.0,82.0,204.0,11.59,170.24,232.11,11.85,linode_singapore
2026-09-13 09:35:18,Nam,VNPT,9,6,0.0,0.0,0.0,0.0,53.0,48.0,80.0,205.0,24.76,234.53,243.05,7.34,linode_singapore
2026-09-13 09:45:55,Nam,VNPT,9,6,0.0,0.0,0.0,0.0,91.0,50.0,221.0,205.0,9.18,132.34,56.47,2.69,linode_singapore
2026-09-13 09:56:48,Nam,VNPT,9,6,0.0,0.0,0.0,0.0,51.0,67.0,93.0,206.0,6.45,188.53,231.58,2.46,cloudflare
2026-09-13 10:07:28,Nam,VNPT,10,6,0.0,0.0,0.0,0.0,51.0,50.0,80.0,204.0,1.58,51.7,216.66,2.55,linode_singapore
2026-09-13 10:18:27,Nam,VNPT,10,6,0.0,0.0,0.0,0.0,86.0,56.0,130.0,253.0,0.86,10.89,59.24,2.31,linode_singapore
2026-09-13 10:29:41,Nam,VNPT,10,6,0.0,0.0,0.0,0.0,98.0,99.0,179.0,274.0,4.49,9.46,37.38,2.4,cloudflare
2026-09-13 10:40:44,Nam,VNPT,10,6,0.0,0.0,0.0,0.0,54.0,61.0,84.0,206.0,2.5,13.44,262.05,2.49,cloudflare
2026-09-13 10:51:38,Nam,VNPT,10,6,0.0,0.0,0.0,0.0,215.0,50.0,84.0,206.0,10.88,101.05,108.71,2.34,linode_singapore
2026-09-13 11:02:25,Nam,VNPT,11,6,0.0,0.0,0.0,0.0,52.0,50.0,117.0,207.0,3.47,89.86,66.67,2.63,linode_singapore
2026-09-13 11:13:21,Nam,VNPT,11,6,0.0,0.0,0.0,0.0,52.0,49.0,106.0,206.0,3.68,162.33,154.7,2.67,linode_singapore
2026-09-13 11:24:06,Nam,VNPT,11,6,0.0,0.0,0.0,0.0,53.0,49.0,85.0,205.0,7.95,253.81,210.67,2.66,linode_singapore
2026-09-13 11:34:45,Nam,VNPT,11,6,0.0,0.0,0.0,0.0,52.0,49.0,85.0,205.0,7.13,230.55,227.7,2.72,linode_singapore
2026-09-13 11:45:24,Nam,VNPT,11,6,0.0,0.0,0.0,0.0,52.0,49.0,84.0,241.0,2.12,78.1,132.15,2.62,linode_singapore
2026-09-13 11:56:18,Nam,VNPT,11,6,0.0,0.0,0.0,0.0,53.0,60.0,83.0,207.0,4.15,145.56,179.2,17.16,cloudflare
2026-09-13 12:07:02,Nam,VNPT,12,6,0.0,0.0,0.0,0.0,52.0,58.0,99.0,208.0,4.38,38.83,230.0,2.56,cloudflare
2026-09-13 12:17:53,Nam,VNPT,12,6,0.0,0.0,0.0,0.0,55.0,58.0,95.0,210.0,1.94,170.62,169.4,2.73,cloudflare
2026-09-13 12:28:41,Nam,VNPT,12,6,0.0,0.0,0.0,0.0,141.0,72.0,85.0,206.0,2.37,152.35,77.29,2.75,linode_singapore
2026-09-13 12:42:38,Trung,Viettel,12,6,0.0,0.0,0.0,0.0,48.0,67.0,300.0,52.0,29.06,99.73,109.0,14.82,cloudflare
2026-09-13 12:53:24,Trung,Viettel,12,6,0.0,0.0,0.0,0.0,55.0,61.0,298.0,50.0,29.5,93.71,94.92,20.32,vultr_singapore
2026-09-13 13:04:13,Trung,Viettel,13,6,0.0,0.0,0.0,0.0,60.0,53.0,286.0,49.0,33.35,46.69,97.51,14.13,vultr_singapore
2026-09-13 13:15:07,Trung,Viettel,13,6,0.0,0.0,0.0,0.0,64.0,59.0,247.0,54.0,30.81,57.54,66.45,41.86,vultr_singapore
2026-09-13 13:26:04,Trung,Viettel,13,6,0.0,0.0,0.0,0.0,61.0,64.0,293.0,49.0,33.53,104.33,57.92,13.69,vultr_singapore
2026-09-13 13:36:55,Trung,Viettel,13,6,0.0,0.0,0.0,0.0,83.0,68.0,253.0,48.0,27.89,79.43,37.58,11.3,vultr_singapore
2026-09-13 13:41:55,Nam,VNPT,13,6,0.0,0.0,0.0,0.0,60.0,50.0,86.0,210.0,2.11,111.99,7.75,10.67,linode_singapore
2026-09-13 13:47:50,Trung,Viettel,13,6,0.0,0.0,0.0,0.0,57.0,61.0,255.0,48.0,28.81,86.45,128.53,18.33,vultr_singapore
2026-09-13 13:52:54,Nam,VNPT,13,6,0.0,0.0,0.0,0.0,57.0,53.0,87.0,268.0,6.31,267.34,136.43,2.95,linode_singapore
2026-09-13 13:58:38,Trung,Viettel,13,6,0.0,0.0,0.0,0.0,60.0,61.0,297.0,48.0,31.12,75.04,47.51,14.32,vultr_singapore
2026-09-13 14:03:36,Nam,VNPT,14,6,0.0,0.0,0.0,0.0,55.0,50.0,85.0,246.0,4.85,152.25,19.88,2.94,linode_singapore
2026-09-13 14:07:07,Bac,FPT,14,6,0.0,0.0,0.0,0.0,56.0,45.0,222.0,50.0,34.01,273.6,154.19,17.42,linode_singapore
2026-09-13 14:09:35,Trung,Viettel,14,6,0.0,0.0,0.0,0.0,57.0,61.0,263.0,50.0,26.7,74.15,38.48,15.09,vultr_singapore
2026-09-13 14:14:29,Nam,VNPT,14,6,0.0,0.0,0.0,0.0,58.0,51.0,84.0,306.0,2.34,288.36,200.28,2.9,linode_singapore
2026-09-13 14:17:44,Bac,FPT,14,6,0.0,0.0,0.0,0.0,54.0,45.0,234.0,60.0,26.7,231.69,151.54,14.28,linode_singapore
2026-09-13 14:20:32,Trung,Viettel,14,6,0.0,0.0,0.0,0.0,59.0,55.0,264.0,50.0,32.54,103.85,118.41,14.07,vultr_singapore
2026-09-13 14:25:13,Nam,VNPT,14,6,0.0,0.0,0.0,0.0,58.0,54.0,85.0,262.0,3.64,132.54,245.27,2.32,linode_singapore
2026-09-13 14:28:26,Bac,FPT,14,6,0.0,0.0,0.0,0.0,57.0,45.0,233.0,50.0,24.27,295.72,152.05,42.61,linode_singapore
2026-09-13 14:31:16,Trung,Viettel,14,6,0.0,0.0,0.0,0.0,60.0,58.0,281.0,51.0,26.38,67.53,124.24,13.49,vultr_singapore
2026-09-13 14:35:56,Nam,VNPT,14,6,0.0,0.0,0.0,0.0,56.0,51.0,84.0,259.0,1.55,140.7,155.44,3.02,linode_singapore
2026-09-13 14:39:03,Bac,FPT,14,6,0.0,0.0,0.0,0.0,55.0,45.0,230.0,57.0,25.14,68.8,142.67,11.38,linode_singapore
2026-09-13 14:42:04,Trung,Viettel,14,6,0.0,0.0,0.0,0.0,47.0,56.0,224.0,39.0,30.5,76.78,139.18,20.1,vultr_singapore
2026-09-13 14:46:48,Nam,VNPT,14,6,0.0,0.0,0.0,0.0,55.0,51.0,86.0,293.0,2.79,211.65,215.97,4.0,linode_singapore
2026-09-13 14:49:50,Bac,FPT,14,6,0.0,0.0,0.0,0.0,55.0,45.0,232.0,53.0,25.97,230.43,142.82,11.16,linode_singapore
2026-09-13 14:52:52,Trung,Viettel,14,6,0.0,0.0,0.0,0.0,49.0,64.0,226.0,39.0,32.98,93.65,112.51,19.59,vultr_singapore
2026-09-13 14:57:31,Nam,VNPT,14,6,0.0,0.0,0.0,0.0,55.0,54.0,86.0,251.0,1.82,257.49,239.67,2.21,linode_singapore
2026-09-13 15:00:27,Bac,FPT,15,6,0.0,0.0,0.0,0.0,55.0,45.0,221.0,48.0,24.21,234.74,139.76,13.94,linode_singapore
2026-09-13 15:03:37,Trung,Viettel,15,6,0.0,0.0,0.0,0.0,55.0,57.0,233.0,48.0,33.67,106.47,145.59,12.6,vultr_singapore
2026-09-13 15:11:06,Bac,FPT,15,6,0.0,0.0,0.0,0.0,56.0,45.0,225.0,57.0,25.99,236.25,142.95,17.23,linode_singapore
2026-09-13 15:14:19,Trung,Viettel,15,6,0.0,0.0,0.0,0.0,89.0,78.0,229.0,47.0,28.94,46.67,58.54,18.8,vultr_singapore
2026-09-13 15:21:44,Bac,FPT,15,6,0.0,0.0,0.0,0.0,65.0,49.0,228.0,55.0,22.28,243.53,141.14,10.73,linode_singapore
2026-09-13 15:25:18,Trung,Viettel,15,6,0.0,0.0,0.0,0.0,59.0,54.0,227.0,46.0,27.36,73.89,121.01,34.34,vultr_singapore
2026-09-13 15:32:22,Bac,FPT,15,6,0.0,0.0,0.0,0.0,70.0,44.0,232.0,53.0,28.72,235.44,134.88,11.55,linode_singapore
2026-09-13 15:36:05,Trung,Viettel,15,6,0.0,0.0,0.0,0.0,80.0,62.0,229.0,50.0,32.25,68.73,137.26,28.66,vultr_singapore
2026-09-13 15:43:00,Bac,FPT,15,6,0.0,0.0,0.0,0.0,70.0,44.0,225.0,55.0,25.73,250.36,140.87,11.13,linode_singapore
2026-09-13 15:46:55,Trung,Viettel,15,6,0.0,0.0,0.0,0.0,47.0,52.0,227.0,46.0,33.65,87.28,126.97,13.35,vultr_singapore
2026-09-13 15:53:38,Bac,FPT,15,6,0.0,0.0,0.0,0.0,59.0,44.0,225.0,54.0,29.52,217.19,137.06,11.36,linode_singapore
2026-09-13 15:57:40,Trung,Viettel,15,6,0.0,0.0,0.0,0.0,48.0,63.0,224.0,44.0,32.12,75.73,93.39,14.44,vultr_singapore
2026-09-13 16:04:16,Bac,FPT,16,6,0.0,0.0,0.0,0.0,61.0,45.0,221.0,54.0,24.22,262.4,152.21,19.46,linode_singapore
2026-09-13 16:08:31,Trung,Viettel,16,6,0.0,0.0,0.0,0.0,47.0,63.0,230.0,49.0,35.4,70.98,127.27,14.49,cloudflare
2026-09-13 16:14:53,Bac,FPT,16,6,0.0,0.0,0.0,0.0,61.0,45.0,233.0,54.0,23.91,239.49,142.37,14.42,linode_singapore
2026-09-13 16:19:19,Trung,Viettel,16,6,0.0,0.0,0.0,0.0,49.0,65.0,234.0,47.0,26.07,74.6,122.58,12.87,vultr_singapore
2026-09-13 16:25:31,Bac,FPT,16,6,0.0,0.0,0.0,0.0,60.0,45.0,231.0,40.0,24.75,259.44,113.2,123.57,vultr_singapore
2026-09-13 16:30:10,Trung,Viettel,16,6,0.0,0.0,0.0,0.0,48.0,54.0,234.0,49.0,36.53,92.06,113.82,49.69,cloudflare
2026-09-13 16:36:02,Bac,FPT,16,6,0.0,0.0,0.0,0.0,55.0,46.0,221.0,40.0,25.33,264.77,144.98,29.55,vultr_singapore
2026-09-13 16:40:55,Trung,Viettel,16,6,0.0,0.0,0.0,0.0,40.0,54.0,227.0,38.0,33.14,107.33,136.94,17.68,vultr_singapore
2026-09-13 16:46:40,Bac,FPT,16,6,0.0,0.0,0.0,0.0,58.0,45.0,229.0,48.0,23.87,246.19,127.44,13.61,linode_singapore
2026-09-13 16:51:41,Trung,Viettel,16,6,0.0,0.0,0.0,0.0,48.0,62.0,224.0,36.0,28.4,96.04,127.35,15.53,vultr_singapore
2026-09-13 16:57:18,Bac,FPT,16,6,0.0,0.0,0.0,0.0,59.0,44.0,230.0,47.0,26.59,266.75,142.33,61.86,linode_singapore
2026-09-13 17:02:25,Trung,Viettel,17,6,0.0,0.0,0.0,0.0,58.0,63.0,229.0,48.0,34.23,80.99,109.91,86.87,vultr_singapore
2026-09-13 17:07:54,Bac,FPT,17,6,0.0,0.0,0.0,0.0,58.0,44.0,227.0,58.0,24.9,242.99,142.79,11.98,linode_singapore
2026-09-13 17:11:22,Nam,VNPT,17,6,0.0,0.0,0.0,0.0,55.0,50.0,83.0,207.0,9.71,4.2,123.5,2.69,linode_singapore
2026-09-13 17:13:06,Trung,Viettel,17,6,0.0,0.0,0.0,0.0,51.0,64.0,234.0,50.0,16.3,71.58,75.55,17.83,vultr_singapore
2026-09-13 17:18:32,Bac,FPT,17,6,0.0,0.0,0.0,0.0,59.0,45.0,232.0,39.0,20.56,250.63,142.55,14.23,vultr_singapore
2026-09-13 17:22:15,Nam,VNPT,17,6,0.0,0.0,0.0,0.0,53.0,50.0,84.0,207.0,2.61,187.69,262.32,6.9,linode_singapore
2026-09-13 17:24:00,Trung,Viettel,17,6,0.0,0.0,0.0,0.0,55.0,65.0,232.0,48.0,26.39,72.01,140.76,14.12,vultr_singapore
2026-09-13 17:29:10,Bac,FPT,17,6,0.0,0.0,0.0,0.0,56.0,44.0,224.0,118.0,26.31,256.5,146.42,18.55,linode_singapore
2026-09-13 17:32:58,Nam,VNPT,17,6,0.0,0.0,0.0,0.0,54.0,49.0,84.0,207.0,1.52,171.84,106.53,2.78,linode_singapore
2026-09-13 17:34:54,Trung,Viettel,17,6,0.0,0.0,0.0,0.0,47.0,54.0,233.0,40.0,32.76,92.64,133.18,13.13,vultr_singapore
2026-09-13 17:39:47,Bac,FPT,17,6,0.0,0.0,0.0,0.0,56.0,45.0,226.0,46.0,26.44,250.65,158.62,14.62,linode_singapore
2026-09-13 17:43:52,Nam,VNPT,17,6,0.0,0.0,0.0,0.0,54.0,50.0,83.0,208.0,1.74,260.19,177.02,2.63,linode_singapore
2026-09-13 17:45:39,Trung,Viettel,17,6,0.0,0.0,0.0,0.0,49.0,56.0,223.0,39.0,33.35,95.52,69.15,13.15,vultr_singapore
2026-09-13 17:50:24,Bac,FPT,17,6,0.0,0.0,0.0,0.0,56.0,45.0,231.0,48.0,23.45,228.15,139.07,10.52,linode_singapore
2026-09-13 17:54:39,Nam,VNPT,17,6,0.0,0.0,0.0,0.0,53.0,49.0,83.0,207.0,5.82,141.96,222.37,2.6,linode_singapore
2026-09-13 17:56:29,Trung,Viettel,17,6,0.0,0.0,0.0,0.0,49.0,67.0,227.0,38.0,37.49,66.72,124.74,14.57,vultr_singapore
2026-09-13 18:01:03,Bac,FPT,18,6,0.0,0.0,0.0,0.0,58.0,48.0,258.0,49.0,16.12,248.73,117.99,104.92,linode_singapore
2026-09-13 18:05:21,Nam,VNPT,18,6,0.0,0.0,0.0,0.0,53.0,49.0,84.0,207.0,1.18,104.45,148.6,2.6,linode_singapore
2026-09-13 18:07:18,Trung,Viettel,18,6,0.0,0.0,0.0,0.0,52.0,53.0,233.0,44.0,34.66,66.4,128.17,13.77,vultr_singapore
2026-09-13 18:11:36,Bac,FPT,18,6,0.0,0.0,0.0,0.0,54.0,46.0,234.0,49.0,23.75,253.83,145.64,38.31,linode_singapore
2026-09-13 18:16:19,Nam,VNPT,18,6,0.0,0.0,0.0,0.0,100.0,51.0,84.0,208.0,3.64,144.02,212.11,2.64,linode_singapore
2026-09-13 18:18:09,Trung,Viettel,18,6,0.0,0.0,0.0,0.0,57.0,54.0,234.0,49.0,26.92,65.82,138.99,14.28,vultr_singapore
2026-09-13 18:22:13,Bac,FPT,18,6,0.0,0.0,0.0,0.0,61.0,45.0,245.0,56.0,22.98,220.0,134.15,12.45,linode_singapore
2026-09-13 18:27:03,Nam,VNPT,18,6,0.0,0.0,0.0,0.0,55.0,62.0,101.0,208.0,3.99,8.75,38.94,2.45,cloudflare
2026-09-13 18:28:57,Trung,Viettel,18,6,0.0,0.0,0.0,0.0,50.0,52.0,227.0,46.0,24.97,76.4,137.61,13.69,vultr_singapore
2026-09-13 18:32:52,Bac,FPT,18,6,0.0,0.0,0.0,0.0,69.0,49.0,229.0,64.0,22.69,241.85,144.6,12.64,linode_singapore
2026-09-13 18:38:08,Nam,VNPT,18,6,0.0,0.0,0.0,0.0,98.0,62.0,85.0,248.0,3.75,192.25,22.68,20.62,linode_singapore
2026-09-13 18:39:44,Trung,Viettel,18,6,0.0,0.0,0.0,0.0,60.0,54.0,229.0,46.0,27.41,103.05,110.76,12.52,vultr_singapore
2026-09-13 18:43:34,Bac,FPT,18,6,0.0,0.0,0.0,0.0,71.0,45.0,219.0,51.0,23.35,213.52,143.05,14.9,linode_singapore
2026-09-13 18:49:02,Nam,VNPT,18,6,0.0,0.0,0.0,0.0,54.0,59.0,87.0,246.0,1.66,267.36,238.03,2.51,cloudflare
2026-09-13 18:50:30,Trung,Viettel,18,6,0.0,0.0,0.0,0.0,58.0,64.0,267.0,49.0,25.63,111.62,123.64,14.88,vultr_singapore
2026-09-13 18:54:13,Bac,FPT,18,6,0.0,0.0,0.0,0.0,76.0,46.0,262.0,49.0,21.84,207.51,121.38,17.26,linode_singapore
2026-09-13 18:56:40,Bac,FPT,18,6,0.0,0.0,0.0,0.0,73.0,46.0,261.0,56.0,27.59,179.66,129.73,14.0,linode_singapore
2026-09-13 18:59:48,Nam,VNPT,18,6,0.0,0.0,0.0,0.0,53.0,50.0,85.0,209.0,3.36,244.98,8.92,2.61,linode_singapore
2026-09-13 19:01:14,Trung,Viettel,19,6,0.0,0.0,0.0,0.0,45.0,62.0,218.0,39.0,33.95,94.8,135.49,14.53,vultr_singapore
2026-09-13 19:10:41,Nam,VNPT,19,6,0.0,0.0,0.0,0.0,118.0,50.0,90.0,208.0,1.24,96.78,111.16,2.65,linode_singapore
2026-09-13 19:11:59,Trung,Viettel,19,6,0.0,0.0,0.0,0.0,56.0,53.0,229.0,48.0,24.14,84.81,131.79,100.04,vultr_singapore
2026-09-13 19:21:40,Nam,VNPT,19,6,0.0,0.0,0.0,0.0,53.0,50.0,84.0,209.0,1.49,107.52,30.29,2.63,linode_singapore
2026-09-13 19:22:38,Trung,Viettel,19,6,0.0,0.0,0.0,0.0,58.0,56.0,223.0,49.0,29.96,78.85,112.84,17.73,vultr_singapore
2026-09-13 19:32:44,Nam,VNPT,19,6,0.0,0.0,0.0,0.0,54.0,50.0,89.0,209.0,1.76,101.91,12.46,2.6,linode_singapore
2026-09-13 19:33:27,Trung,Viettel,19,6,0.0,0.0,0.0,0.0,51.0,62.0,229.0,36.0,30.67,82.7,108.93,13.49,vultr_singapore
2026-09-13 19:43:46,Nam,VNPT,19,6,0.0,0.0,0.0,0.0,86.0,82.0,85.0,208.0,1.04,30.58,2.73,2.82,linode_singapore
2026-09-13 19:44:14,Trung,Viettel,19,6,0.0,0.0,0.0,0.0,56.0,64.0,230.0,43.0,35.92,91.65,121.98,18.64,vultr_singapore
2026-09-13 19:55:01,Nam,VNPT,19,6,0.0,0.0,0.0,0.0,55.0,50.0,84.0,210.0,0.56,199.57,9.84,2.63,linode_singapore
2026-09-13 19:55:02,Trung,Viettel,19,6,0.0,0.0,0.0,0.0,57.0,68.0,229.0,44.0,25.77,83.71,125.22,13.13,vultr_singapore
2026-09-13 20:05:49,Trung,Viettel,20,6,0.0,0.0,0.0,0.0,45.0,63.0,219.0,39.0,35.09,77.73,67.93,17.92,vultr_singapore
2026-09-13 20:06:05,Nam,VNPT,20,6,0.0,0.0,0.0,0.0,54.0,49.0,84.0,207.0,1.17,124.5,1.87,2.46,linode_singapore
2026-09-13 20:16:42,Trung,Viettel,20,6,0.0,0.0,0.0,0.0,46.0,52.0,219.0,37.0,35.98,81.84,135.31,14.53,vultr_singapore
2026-09-13 20:17:10,Nam,VNPT,20,6,0.0,0.0,0.0,0.0,69.0,49.0,85.0,208.0,1.77,80.44,3.23,2.71,linode_singapore
2026-09-13 20:27:29,Trung,Viettel,20,6,0.0,0.0,0.0,0.0,56.0,54.0,239.0,48.0,29.12,72.1,107.1,15.12,vultr_singapore
2026-09-13 20:28:14,Nam,VNPT,20,6,0.0,0.0,0.0,0.0,54.0,52.0,83.0,208.0,0.92,159.87,0.63,2.52,linode_singapore
2026-09-13 20:38:17,Trung,Viettel,20,6,0.0,0.0,0.0,0.0,60.0,71.0,233.0,46.0,37.33,84.99,67.32,13.1,vultr_singapore
2026-09-13 20:39:18,Nam,VNPT,20,6,0.0,0.0,0.0,0.0,53.0,49.0,83.0,208.0,1.08,208.6,2.26,2.62,linode_singapore
2026-09-13 20:49:10,Trung,Viettel,20,6,0.0,0.0,0.0,0.0,56.0,63.0,244.0,43.0,27.69,82.1,7.83,13.4,vultr_singapore
2026-09-13 20:50:22,Nam,VNPT,20,6,0.0,0.0,0.0,0.0,54.0,78.0,84.0,208.0,1.17,35.96,1.54,2.6,cloudflare
2026-09-13 21:00:03,Trung,Viettel,21,6,0.0,0.0,0.0,0.0,56.0,64.0,258.0,44.0,31.59,89.32,121.26,14.27,vultr_singapore
2026-09-13 21:01:35,Nam,VNPT,21,6,0.0,0.0,0.0,0.0,54.0,54.0,85.0,207.0,0.57,138.52,2.51,2.74,cloudflare
2026-09-13 21:10:50,Trung,Viettel,21,6,0.0,0.0,0.0,0.0,60.0,64.0,272.0,50.0,23.07,103.31,53.63,16.2,vultr_singapore
2026-09-13 21:12:40,Nam,VNPT,21,6,0.0,0.0,0.0,0.0,52.0,58.0,86.0,209.0,0.51,118.33,9.38,2.46,cloudflare
2026-09-13 21:21:44,Trung,Viettel,21,6,0.0,0.0,0.0,0.0,55.0,135.0,266.0,44.0,37.19,53.53,50.81,13.32,vultr_singapore
2026-09-13 21:23:47,Nam,VNPT,21,6,0.0,0.0,0.0,0.0,54.0,50.0,87.0,209.0,2.85,239.63,21.36,2.59,linode_singapore
2026-09-13 21:30:28,Trung,Viettel,21,6,0.0,0.0,0.0,0.0,57.0,53.0,265.0,48.0,34.04,84.57,3.61,14.62,vultr_singapore
2026-09-13 21:34:40,Nam,VNPT,21,6,0.0,0.0,0.0,0.0,53.0,50.0,84.0,209.0,0.96,179.42,10.36,2.48,linode_singapore
2026-09-13 21:41:23,Trung,Viettel,21,6,0.0,0.0,0.0,0.0,46.0,60.0,245.0,43.0,30.22,82.43,93.5,76.57,vultr_singapore
2026-09-13 21:45:44,Nam,VNPT,21,6,0.0,0.0,0.0,0.0,53.0,50.0,91.0,210.0,0.72,277.39,4.86,2.51,linode_singapore
2026-09-13 21:52:07,Trung,Viettel,21,6,0.0,0.0,0.0,0.0,50.0,66.0,235.0,47.0,32.53,83.84,118.11,121.16,vultr_singapore
2026-09-13 22:02:46,Trung,Viettel,22,6,0.0,0.0,0.0,0.0,56.0,63.0,244.0,47.0,30.43,89.15,26.64,18.12,vultr_singapore
2026-09-13 22:14:49,Trung,Viettel,22,6,0.0,0.0,0.0,0.0,63.0,91.0,258.0,51.0,24.02,48.0,23.87,17.18,vultr_singapore
2026-09-13 22:25:50,Trung,Viettel,22,6,0.0,0.0,0.0,0.0,57.0,65.0,240.0,47.0,20.53,78.16,92.12,18.56,vultr_singapore
2026-09-13 22:29:18,Trung,Viettel,22,6,0.0,0.0,0.0,0.0,56.0,66.0,234.0,47.0,32.3,70.71,126.58,99.03,vultr_singapore
2026-09-13 22:31:47,Trung,Viettel,22,6,0.0,0.0,0.0,0.0,63.0,66.0,248.0,46.0,23.73,79.92,118.08,12.97,vultr_singapore
2026-09-13 22:42:33,Trung,Viettel,22,6,0.0,0.0,0.0,0.0,45.0,55.0,226.0,38.0,31.73,87.13,135.75,58.39,vultr_singapore
2026-09-13 22:43:49,Bac,FPT,22,6,0.0,0.0,0.0,0.0,60.0,64.0,135.0,55.0,30.47,24.23,65.75,10.27,vultr_singapore
2026-09-13 22:53:17,Trung,Viettel,22,6,0.0,0.0,0.0,0.0,55.0,62.0,233.0,48.0,14.39,103.69,121.3,15.54,vultr_singapore
2026-09-13 22:54:49,Bac,FPT,22,6,0.0,0.0,0.0,0.0,78.0,62.0,141.0,58.0,25.4,25.99,144.48,10.65,vultr_singapore
2026-09-13 23:05:46,Bac,FPT,23,6,0.0,0.0,0.0,0.0,67.0,65.0,142.0,55.0,27.68,29.37,142.19,10.6,vultr_singapore
2026-09-13 23:16:51,Bac,FPT,23,6,0.0,0.0,0.0,0.0,64.0,64.0,136.0,55.0,31.8,27.04,105.06,10.11,vultr_singapore
2026-09-13 23:27:43,Bac,FPT,23,6,0.0,0.0,0.0,0.0,80.0,82.0,136.0,60.0,29.09,27.83,154.85,13.1,vultr_singapore
2026-09-13 23:38:32,Bac,FPT,23,6,0.0,0.0,1.0,0.0,67.0,60.0,674.0,56.0,21.79,28.85,173.29,10.45,vultr_singapore
2026-09-13 23:49:30,Bac,FPT,23,6,0.0,0.0,0.0,0.0,62.0,79.0,138.0,55.0,33.37,25.46,113.56,13.25,vultr_singapore
2026-09-13 23:52:11,Nam,VNPT,23,6,0.0,0.0,0.0,0.0,55.0,50.0,113.0,206.0,20.16,9.8,222.17,2.75,linode_singapore
2026-09-14 00:00:32,Bac,FPT,0,0,0.0,0.0,0.0,0.0,111.0,63.0,135.0,53.0,29.61,23.99,147.62,10.64,vultr_singapore
2026-09-14 00:02:59,Nam,VNPT,0,0,0.0,0.0,0.0,0.0,53.0,50.0,83.0,206.0,26.78,155.62,236.56,2.65,linode_singapore
2026-09-14 00:13:38,Nam,VNPT,0,0,0.0,0.0,0.0,0.0,51.0,50.0,84.0,208.0,23.56,148.99,45.1,2.75,linode_singapore
2026-09-14 00:21:03,Bac,FPT,0,0,0.0,0.0,0.0,0.0,100.0,59.0,174.0,56.0,31.06,29.16,149.9,13.86,vultr_singapore
2026-09-14 00:24:28,Nam,VNPT,0,0,0.0,0.0,0.0,0.0,51.0,48.0,83.0,206.0,29.55,185.41,246.93,4.13,linode_singapore
2026-09-14 00:31:52,Bac,FPT,0,0,0.0,0.0,0.0,0.0,60.0,59.0,135.0,53.0,29.88,31.88,172.81,13.31,vultr_singapore
2026-09-14 00:35:06,Nam,VNPT,0,0,0.0,0.0,0.0,0.0,52.0,50.0,102.0,218.0,21.98,159.95,82.99,2.51,linode_singapore
2026-09-14 00:42:40,Bac,FPT,0,0,0.0,0.0,0.0,0.0,58.0,58.0,135.0,53.0,19.45,31.64,127.13,39.84,vultr_singapore
2026-09-14 00:45:52,Nam,VNPT,0,0,0.0,0.0,0.0,0.0,51.0,50.0,85.0,206.0,24.18,151.53,219.65,2.78,linode_singapore
2026-09-14 00:53:31,Bac,FPT,0,0,0.0,0.0,0.0,0.0,58.0,57.0,130.0,53.0,34.7,33.96,156.55,13.94,vultr_singapore
2026-09-14 00:56:31,Nam,VNPT,0,0,0.0,0.0,0.0,0.0,52.0,50.0,83.0,253.0,31.53,178.19,197.48,2.7,linode_singapore
2026-09-14 01:04:19,Bac,FPT,1,0,0.0,0.0,0.0,0.0,58.0,57.0,132.0,54.0,25.95,29.26,81.71,10.35,vultr_singapore
2026-09-14 01:07:10,Nam,VNPT,1,0,0.0,0.0,0.0,0.0,52.0,50.0,83.0,207.0,28.57,190.58,239.34,2.64,linode_singapore
2026-09-14 01:15:13,Bac,FPT,1,0,0.0,0.0,0.0,0.0,59.0,57.0,131.0,52.0,36.1,26.43,170.89,14.62,vultr_singapore
2026-09-14 01:17:48,Nam,VNPT,1,0,0.0,0.0,0.0,0.0,51.0,50.0,85.0,208.0,30.91,152.04,251.92,2.71,linode_singapore
2026-09-14 01:26:01,Bac,FPT,1,0,0.0,0.0,0.0,0.0,58.0,56.0,137.0,56.0,32.57,28.51,170.5,10.45,linode_singapore
2026-09-14 01:28:26,Nam,VNPT,1,0,0.0,0.0,0.0,0.0,51.0,52.0,84.0,209.0,28.01,221.34,224.98,6.38,cloudflare
2026-09-14 01:36:49,Bac,FPT,1,0,0.0,0.0,0.0,0.0,57.0,56.0,132.0,52.0,28.26,30.26,111.8,34.25,vultr_singapore
2026-09-14 01:39:04,Nam,VNPT,1,0,0.0,0.0,0.0,0.0,52.0,49.0,84.0,207.0,25.74,187.63,235.41,2.73,linode_singapore
2026-09-14 01:49:42,Nam,VNPT,1,0,0.0,0.0,0.0,0.0,52.0,50.0,84.0,207.0,29.72,119.38,254.39,2.68,linode_singapore
2026-09-14 02:00:22,Nam,VNPT,2,0,0.0,0.0,0.0,0.0,52.0,49.0,85.0,206.0,24.99,154.28,217.76,2.7,linode_singapore
2026-09-14 02:11:02,Nam,VNPT,2,0,0.0,0.0,0.0,0.0,53.0,50.0,83.0,206.0,26.87,200.48,250.3,2.59,linode_singapore
2026-09-14 02:21:39,Nam,VNPT,2,0,0.0,0.0,0.0,0.0,52.0,49.0,83.0,206.0,24.38,143.58,215.61,2.64,linode_singapore
2026-09-14 02:32:19,Nam,VNPT,2,0,0.0,0.0,0.0,0.0,52.0,50.0,84.0,206.0,27.63,13.09,178.06,2.7,linode_singapore
2026-09-14 02:43:08,Nam,VNPT,2,0,0.0,0.0,0.0,0.0,51.0,49.0,83.0,206.0,25.52,13.71,47.37,2.54,linode_singapore
2026-09-14 02:54:08,Nam,VNPT,2,0,0.0,0.0,0.0,0.0,52.0,49.0,84.0,206.0,19.9,174.56,255.58,6.27,linode_singapore
2026-09-14 03:04:47,Nam,VNPT,3,0,0.0,0.0,0.0,0.0,52.0,50.0,85.0,206.0,26.13,102.77,30.06,2.63,linode_singapore
2026-09-14 03:15:40,Nam,VNPT,3,0,0.0,0.0,0.0,0.0,53.0,49.0,83.0,206.0,29.0,142.79,179.51,6.12,linode_singapore
2026-09-14 03:26:21,Nam,VNPT,3,0,0.0,0.0,0.0,0.0,52.0,50.0,82.0,207.0,26.36,91.74,235.79,2.78,linode_singapore
2026-09-14 03:37:03,Nam,VNPT,3,0,0.0,0.0,0.0,0.0,52.0,51.0,84.0,206.0,19.56,248.43,175.17,2.53,linode_singapore
2026-09-14 03:47:42,Nam,VNPT,3,0,0.0,0.0,0.0,0.0,52.0,50.0,83.0,207.0,34.0,133.78,214.98,2.74,linode_singapore
2026-09-14 03:58:22,Nam,VNPT,3,0,0.0,0.0,0.0,0.0,54.0,51.0,84.0,206.0,27.99,220.75,156.06,2.87,linode_singapore
2026-09-14 04:09:01,Nam,VNPT,4,0,0.0,0.0,0.0,0.0,52.0,50.0,83.0,208.0,25.25,189.56,75.48,2.71,linode_singapore
2026-09-14 04:19:46,Nam,VNPT,4,0,0.0,0.0,0.0,0.0,52.0,49.0,84.0,207.0,24.55,183.5,223.71,2.87,linode_singapore
2026-09-14 04:30:25,Nam,VNPT,4,0,0.0,0.0,0.0,0.0,52.0,50.0,85.0,207.0,30.92,182.86,36.29,2.78,linode_singapore
2026-09-14 04:41:15,Nam,VNPT,4,0,0.0,0.0,0.0,0.0,51.0,49.0,80.0,213.0,25.12,150.55,202.23,2.58,linode_singapore
2026-09-14 04:51:54,Nam,VNPT,4,0,0.0,0.0,0.0,0.0,51.0,50.0,82.0,213.0,29.09,126.72,222.22,2.89,linode_singapore
2026-09-14 05:02:34,Nam,VNPT,5,0,0.0,0.0,0.0,0.0,51.0,50.0,80.0,213.0,28.48,265.82,224.33,2.49,linode_singapore
2026-09-14 05:13:11,Nam,VNPT,5,0,0.0,0.0,0.0,0.0,51.0,51.0,81.0,214.0,25.4,145.38,238.73,2.69,cloudflare
2026-09-14 05:23:51,Nam,VNPT,5,0,0.0,0.0,0.0,0.0,50.0,49.0,81.0,212.0,19.46,5.65,208.94,2.51,linode_singapore
2026-09-14 05:34:47,Nam,VNPT,5,0,0.0,0.0,0.0,0.0,51.0,49.0,83.0,212.0,19.58,121.86,267.16,12.89,linode_singapore
2026-09-14 05:45:27,Nam,VNPT,5,0,0.0,0.0,0.0,0.0,51.0,50.0,81.0,213.0,16.08,116.95,32.5,2.6,linode_singapore
2026-09-14 05:56:20,Nam,VNPT,5,0,0.0,0.0,0.0,0.0,52.0,50.0,81.0,213.0,26.28,163.55,221.23,13.56,linode_singapore
2026-09-14 06:06:59,Nam,VNPT,6,0,0.0,0.0,0.0,0.0,50.0,50.0,82.0,206.0,33.99,17.02,35.65,2.56,cloudflare
2026-09-14 06:17:59,Nam,VNPT,6,0,0.0,0.0,0.0,0.0,50.0,50.0,82.0,209.0,30.12,83.38,232.4,2.71,cloudflare
2026-09-14 06:28:42,Nam,VNPT,6,0,0.0,0.0,0.0,0.0,51.0,51.0,81.0,207.0,25.07,197.81,237.16,2.7,cloudflare
2026-09-14 06:39:20,Nam,VNPT,6,0,0.0,0.0,0.0,0.0,56.0,49.0,80.0,207.0,24.3,144.85,227.29,2.63,linode_singapore
2026-09-14 06:50:00,Nam,VNPT,6,0,0.0,0.0,0.0,0.0,53.0,49.0,81.0,206.0,24.7,161.93,198.6,2.58,linode_singapore
2026-09-14 07:00:39,Nam,VNPT,7,0,0.0,0.0,0.0,0.0,51.0,54.0,83.0,207.0,34.8,287.63,227.37,2.74,cloudflare
2026-09-14 07:11:15,Nam,VNPT,7,0,0.0,0.0,0.0,0.0,53.0,49.0,85.0,206.0,30.78,239.69,16.22,2.54,linode_singapore
2026-09-14 07:22:03,Nam,VNPT,7,0,0.0,0.0,0.0,0.0,80.0,51.0,81.0,233.0,13.17,7.42,224.37,2.48,linode_singapore
2026-09-14 09:33:29,Nam,VNPT,9,0,0.0,0.0,0.0,0.0,55.0,50.0,82.0,221.0,24.44,157.91,255.65,2.86,linode_singapore
2026-09-14 09:44:08,Nam,VNPT,9,0,0.0,0.0,0.0,0.0,53.0,52.0,84.0,261.0,24.02,112.45,12.28,2.63,linode_singapore
2026-09-14 09:55:00,Nam,VNPT,9,0,0.0,0.0,0.0,0.0,53.0,52.0,83.0,296.0,9.65,178.26,122.82,2.95,linode_singapore
2026-09-14 10:05:43,Nam,VNPT,10,0,0.0,0.0,0.0,0.0,53.0,51.0,83.0,239.0,25.22,131.96,200.7,2.78,linode_singapore
2026-09-14 10:16:23,Nam,VNPT,10,0,0.0,0.0,0.0,0.0,53.0,50.0,86.0,231.0,21.48,158.33,67.77,11.68,linode_singapore
2026-09-14 10:27:11,Nam,VNPT,10,0,0.0,0.0,0.0,0.0,52.0,50.0,88.0,235.0,31.03,166.04,220.9,9.4,linode_singapore
2026-09-14 10:37:49,Nam,VNPT,10,0,0.0,0.0,0.0,0.0,52.0,48.0,82.0,206.0,11.26,247.55,223.23,2.65,linode_singapore
2026-09-14 10:48:27,Nam,VNPT,10,0,0.0,0.0,0.0,1.0,52.0,51.0,86.0,481.0,29.29,128.05,247.88,0.79,linode_singapore
2026-09-14 10:59:10,Nam,VNPT,10,0,0.0,0.0,0.0,0.0,269.0,59.0,80.0,280.0,5.12,100.59,182.08,6.43,linode_singapore
2026-09-14 11:09:55,Nam,VNPT,11,0,0.0,0.0,0.0,0.0,55.0,51.0,84.0,258.0,8.37,215.85,242.71,2.9,linode_singapore
2026-09-14 11:20:34,Nam,VNPT,11,0,0.0,0.0,0.0,0.0,53.0,51.0,83.0,225.0,13.79,163.04,254.07,2.7,linode_singapore
2026-09-14 11:31:13,Nam,VNPT,11,0,0.0,0.0,0.0,0.0,52.0,55.0,91.0,256.0,17.3,122.21,130.94,2.79,cloudflare
2026-09-14 11:41:56,Nam,VNPT,11,0,0.0,0.0,0.0,0.0,54.0,51.0,83.0,249.0,10.07,113.02,227.23,2.81,linode_singapore
2026-09-14 11:52:38,Nam,VNPT,11,0,0.0,0.0,0.0,0.0,54.0,49.0,81.0,246.0,13.12,148.58,221.89,13.71,linode_singapore
2026-09-14 12:03:18,Nam,VNPT,12,0,0.0,0.0,0.0,0.0,52.0,51.0,83.0,254.0,2.6,140.8,6.78,2.63,linode_singapore
2026-09-14 12:14:15,Nam,VNPT,12,0,0.0,0.0,0.0,0.0,52.0,51.0,80.0,209.0,1.92,137.92,187.21,2.71,linode_singapore
2026-09-14 12:25:03,Nam,VNPT,12,0,0.0,0.0,0.0,0.0,52.0,51.0,81.0,216.0,4.57,226.51,15.22,3.49,linode_singapore
2026-09-14 12:35:55,Nam,VNPT,12,0,0.0,0.0,0.0,0.0,52.0,50.0,82.0,240.0,1.85,142.79,15.62,2.84,linode_singapore
2026-09-14 12:46:54,Nam,VNPT,12,0,0.0,0.0,0.0,0.0,54.0,50.0,81.0,249.0,2.5,149.38,203.8,3.01,linode_singapore
2026-09-14 12:57:39,Nam,VNPT,12,0,0.0,0.0,0.0,0.0,53.0,50.0,84.0,239.0,5.37,212.23,216.39,2.68,linode_singapore
2026-09-14 13:08:19,Nam,VNPT,13,0,0.0,0.0,0.0,0.0,55.0,50.0,81.0,235.0,6.58,4.17,222.1,2.85,linode_singapore
2026-09-14 13:19:10,Nam,VNPT,13,0,0.0,0.0,0.0,0.0,88.0,52.0,81.0,280.0,4.19,132.39,226.41,2.92,linode_singapore
2026-09-14 13:29:54,Nam,VNPT,13,0,0.0,0.0,0.0,0.0,52.0,51.0,179.0,269.0,6.54,126.28,135.75,4.05,linode_singapore
2026-09-14 13:35:00,Trung,Viettel,13,0,0.0,0.0,0.0,0.0,43.0,53.0,228.0,38.0,32.37,80.63,104.52,20.36,vultr_singapore
2026-09-14 13:40:39,Nam,VNPT,13,0,0.0,0.0,0.0,0.0,52.0,60.0,81.0,274.0,4.98,207.99,214.58,2.83,cloudflare
2026-09-14 13:45:49,Trung,Viettel,13,0,0.0,0.0,0.0,0.0,43.0,53.0,231.0,38.0,18.76,85.29,77.88,13.96,vultr_singapore
2026-09-14 13:49:34,Bac,FPT,13,0,0.0,0.0,0.0,0.0,48.0,55.0,134.0,41.0,32.18,25.52,152.89,13.51,vultr_singapore
2026-09-14 13:51:20,Nam,VNPT,13,0,0.0,0.0,0.0,0.0,53.0,88.0,81.0,238.0,16.26,8.24,150.68,2.83,cloudflare
2026-09-14 13:56:41,Trung,Viettel,13,0,0.0,0.0,0.0,0.0,36.0,52.0,230.0,38.0,27.02,74.3,133.68,99.81,cloudflare
2026-09-14 14:00:23,Bac,FPT,14,0,0.0,0.0,0.0,0.0,47.0,56.0,134.0,41.0,36.69,28.62,137.51,16.21,vultr_singapore
2026-09-14 14:02:11,Nam,VNPT,14,0,0.0,0.0,0.0,0.0,53.0,50.0,83.0,221.0,5.27,122.16,261.71,2.88,linode_singapore
2026-09-14 14:07:20,Trung,Viettel,14,0,0.0,0.0,0.0,0.0,44.0,95.0,231.0,37.0,33.29,84.43,129.78,23.22,vultr_singapore
2026-09-14 14:11:12,Bac,FPT,14,0,0.0,0.0,0.0,0.0,48.0,54.0,140.0,40.0,16.86,28.13,161.4,17.25,vultr_singapore
2026-09-14 14:12:53,Nam,VNPT,14,0,0.0,0.0,0.0,0.0,53.0,51.0,83.0,226.0,7.75,246.73,139.71,5.55,linode_singapore
2026-09-14 14:18:05,Trung,Viettel,14,0,0.0,0.0,0.0,0.0,62.0,126.0,233.0,55.0,15.94,36.09,48.62,11.62,vultr_singapore
2026-09-14 14:22:01,Bac,FPT,14,0,0.0,0.0,0.0,0.0,60.0,55.0,135.0,54.0,31.36,23.03,167.96,26.53,vultr_singapore
2026-09-14 14:23:34,Nam,VNPT,14,0,0.0,0.0,0.0,0.0,51.0,51.0,83.0,231.0,8.01,208.68,245.17,2.89,cloudflare
2026-09-14 14:29:07,Trung,Viettel,14,0,0.0,0.0,0.0,0.0,36.0,53.0,228.0,37.0,18.27,74.02,120.0,13.84,cloudflare
2026-09-14 14:32:49,Bac,FPT,14,0,0.0,0.0,0.0,0.0,61.0,54.0,138.0,50.0,29.57,32.21,146.13,13.45,vultr_singapore
2026-09-14 14:34:12,Nam,VNPT,14,0,0.0,0.0,0.0,0.0,52.0,51.0,96.0,251.0,10.58,159.13,49.69,2.79,linode_singapore
2026-09-14 14:39:55,Trung,Viettel,14,0,0.0,0.0,0.0,0.0,48.0,52.0,235.0,48.0,32.31,80.72,132.58,45.0,cloudflare
2026-09-14 14:43:38,Bac,FPT,14,0,0.0,0.0,0.0,0.0,62.0,55.0,135.0,52.0,35.93,28.19,81.97,48.03,vultr_singapore
2026-09-14 14:45:04,Nam,VNPT,14,0,0.0,0.0,0.0,0.0,51.0,52.0,83.0,224.0,5.61,297.86,189.33,7.18,cloudflare
2026-09-14 14:50:42,Trung,Viettel,14,0,0.0,0.0,0.0,0.0,46.0,53.0,223.0,43.0,34.29,76.04,126.53,18.09,vultr_singapore
2026-09-14 14:54:32,Bac,FPT,14,0,0.0,0.0,0.0,0.0,65.0,56.0,138.0,51.0,31.34,21.93,159.77,61.32,vultr_singapore
2026-09-14 14:55:43,Nam,VNPT,14,0,0.0,0.0,0.0,0.0,54.0,51.0,81.0,206.0,5.89,65.36,78.44,2.9,linode_singapore
2026-09-14 15:01:29,Trung,Viettel,15,0,0.0,0.0,0.0,0.0,50.0,53.0,233.0,43.0,17.75,102.15,109.76,13.0,vultr_singapore
2026-09-14 15:05:19,Bac,FPT,15,0,0.0,0.0,0.0,0.0,63.0,56.0,138.0,52.0,30.07,24.63,50.25,9.88,vultr_singapore
2026-09-14 15:06:39,Nam,VNPT,15,0,0.0,0.0,0.0,0.0,54.0,50.0,83.0,253.0,6.94,133.89,73.42,45.65,linode_singapore
2026-09-14 15:12:14,Trung,Viettel,15,0,0.0,0.0,0.0,0.0,104.0,61.0,235.0,56.0,20.71,45.39,66.79,13.43,vultr_singapore
2026-09-14 15:16:18,Bac,FPT,15,0,0.0,0.0,0.0,0.0,61.0,54.0,136.0,55.0,28.9,27.48,151.42,10.82,linode_singapore
2026-09-14 15:23:12,Trung,Viettel,15,0,0.0,0.0,0.0,0.0,70.0,63.0,226.0,46.0,31.3,71.37,136.28,18.86,vultr_singapore
2026-09-14 15:27:07,Bac,FPT,15,0,0.0,0.0,0.0,0.0,61.0,56.0,136.0,51.0,20.96,25.51,86.33,10.2,vultr_singapore
2026-09-14 15:34:05,Trung,Viettel,15,0,0.0,0.0,0.0,0.0,45.0,52.0,230.0,43.0,29.89,68.49,140.04,94.02,vultr_singapore
2026-09-14 15:38:00,Bac,FPT,15,0,0.0,0.0,0.0,0.0,61.0,58.0,133.0,54.0,31.65,25.62,110.84,31.05,vultr_singapore
2026-09-14 15:44:47,Trung,Viettel,15,0,0.0,0.0,0.0,0.0,49.0,63.0,233.0,46.0,31.15,83.05,140.59,15.76,vultr_singapore
2026-09-14 15:48:51,Bac,FPT,15,0,0.0,0.0,0.0,0.0,62.0,58.0,137.0,52.0,28.72,23.34,167.29,24.06,vultr_singapore
2026-09-14 15:55:36,Trung,Viettel,15,0,0.0,0.0,0.0,0.0,47.0,63.0,226.0,46.0,28.37,95.9,125.99,18.72,vultr_singapore
2026-09-14 15:59:39,Bac,FPT,15,0,0.0,0.0,0.0,0.0,60.0,58.0,137.0,51.0,30.08,27.33,93.24,13.59,vultr_singapore
2026-09-14 16:06:22,Trung,Viettel,16,0,0.0,0.0,0.0,0.0,42.0,63.0,232.0,39.0,31.39,107.74,130.93,14.6,vultr_singapore
2026-09-14 16:10:32,Bac,FPT,16,0,0.0,0.0,0.0,0.0,60.0,57.0,130.0,50.0,21.74,32.72,138.63,80.77,vultr_singapore
2026-09-14 16:17:05,Trung,Viettel,16,0,0.0,0.0,0.0,0.0,52.0,67.0,231.0,49.0,25.35,116.73,64.24,14.85,vultr_singapore
2026-09-14 16:21:16,Bac,FPT,16,0,0.0,0.0,0.0,0.0,61.0,56.0,135.0,51.0,31.82,30.98,162.23,10.98,vultr_singapore
2026-09-14 16:27:57,Trung,Viettel,16,0,0.0,0.0,0.0,0.0,51.0,54.0,228.0,49.0,33.14,92.61,136.81,50.02,vultr_singapore
2026-09-14 16:32:05,Bac,FPT,16,0,0.0,0.0,0.0,0.0,59.0,57.0,133.0,50.0,29.37,26.16,154.31,13.45,vultr_singapore
2026-09-14 16:38:43,Trung,Viettel,16,0,0.0,0.0,0.0,0.0,38.0,62.0,231.0,39.0,34.52,77.41,122.13,18.1,cloudflare
2026-09-14 16:42:54,Bac,FPT,16,0,0.0,0.0,0.0,0.0,59.0,56.0,134.0,52.0,32.11,24.62,83.57,68.92,vultr_singapore
2026-09-14 16:49:32,Trung,Viettel,16,0,0.0,0.0,0.0,0.0,52.0,63.0,225.0,49.0,29.01,75.1,94.19,13.1,vultr_singapore
2026-09-14 16:53:44,Bac,FPT,16,0,0.0,0.0,0.0,0.0,60.0,59.0,134.0,52.0,29.71,30.57,150.78,74.33,vultr_singapore
2026-09-14 17:00:23,Trung,Viettel,17,0,0.0,0.0,0.0,0.0,53.0,53.0,226.0,48.0,27.74,70.15,124.98,14.52,vultr_singapore
2026-09-14 17:04:30,Bac,FPT,17,0,0.0,0.0,0.0,0.0,62.0,56.0,135.0,50.0,32.21,30.59,181.31,35.83,vultr_singapore
2026-09-14 17:11:11,Trung,Viettel,17,0,0.0,0.0,0.0,0.0,60.0,116.0,236.0,64.0,21.87,46.35,37.07,34.16,cloudflare
2026-09-14 17:15:18,Bac,FPT,17,0,0.0,0.0,0.0,0.0,61.0,47.0,135.0,51.0,33.9,35.96,115.99,30.97,linode_singapore
2026-09-14 17:22:12,Trung,Viettel,17,0,0.0,0.0,0.0,0.0,56.0,67.0,240.0,49.0,22.53,59.41,60.81,14.62,vultr_singapore
2026-09-14 17:26:08,Bac,FPT,17,0,0.0,0.0,0.0,0.0,59.0,50.0,134.0,50.0,30.15,27.08,158.09,35.35,linode_singapore
2026-09-14 17:33:14,Trung,Viettel,17,0,0.0,0.0,0.0,0.0,42.0,65.0,230.0,38.0,31.35,82.79,119.06,17.87,vultr_singapore
2026-09-14 17:36:57,Bac,FPT,17,0,0.0,0.0,0.0,0.0,59.0,47.0,137.0,51.0,31.72,32.25,126.81,32.1,linode_singapore
2026-09-14 17:43:59,Trung,Viettel,17,0,0.0,0.0,0.0,0.0,47.0,61.0,224.0,43.0,27.48,62.05,129.33,60.55,vultr_singapore
2026-09-14 17:47:47,Bac,FPT,17,0,0.0,0.0,0.0,0.0,58.0,47.0,135.0,52.0,30.06,29.46,113.74,34.91,linode_singapore
2026-09-14 17:54:49,Trung,Viettel,17,0,0.0,0.0,0.0,0.0,52.0,64.0,229.0,44.0,30.81,88.31,137.53,12.76,vultr_singapore
2026-09-14 18:05:34,Trung,Viettel,18,0,0.0,0.0,0.0,0.0,45.0,62.0,233.0,37.0,32.5,79.82,132.79,14.74,vultr_singapore
2026-09-14 18:16:20,Trung,Viettel,18,0,0.0,0.0,0.0,0.0,55.0,63.0,227.0,50.0,28.36,92.55,46.43,13.91,vultr_singapore
2026-09-14 18:27:13,Trung,Viettel,18,0,0.0,0.0,0.0,0.0,57.0,61.0,224.0,49.0,30.19,126.88,108.36,18.25,vultr_singapore
2026-09-14 18:37:58,Trung,Viettel,18,0,0.0,0.0,0.0,0.0,58.0,52.0,230.0,52.0,31.51,100.48,134.99,18.36,linode_singapore
2026-09-14 18:42:52,Nam,VNPT,18,0,0.0,0.0,0.0,0.0,52.0,49.0,80.0,218.0,5.28,127.61,104.18,2.65,linode_singapore
2026-09-14 18:48:41,Trung,Viettel,18,0,0.0,0.0,0.0,0.0,44.0,61.0,234.0,47.0,28.95,90.59,111.96,15.59,cloudflare
2026-09-14 18:53:29,Nam,VNPT,18,0,0.0,0.0,0.0,0.0,52.0,54.0,82.0,207.0,9.17,168.5,120.24,2.73,cloudflare
2026-09-14 18:59:27,Trung,Viettel,18,0,0.0,0.0,0.0,0.0,45.0,68.0,235.0,44.0,27.03,80.53,124.48,15.58,vultr_singapore
2026-09-14 19:04:12,Nam,VNPT,19,0,0.0,0.0,0.0,0.0,52.0,49.0,82.0,207.0,2.66,184.74,81.87,2.48,linode_singapore
2026-09-14 19:10:16,Trung,Viettel,19,0,0.0,0.0,0.0,0.0,46.0,55.0,226.0,50.0,31.51,90.95,100.0,18.06,cloudflare
2026-09-14 19:15:02,Nam,VNPT,19,0,0.0,0.0,0.0,0.0,86.0,60.0,84.0,207.0,1.3,80.56,28.81,2.58,linode_singapore
2026-09-14 19:21:06,Trung,Viettel,19,0,0.0,0.0,0.0,0.0,46.0,88.0,236.0,43.0,23.35,56.18,49.19,13.91,vultr_singapore
2026-09-14 19:26:09,Nam,VNPT,19,0,0.0,0.0,0.0,0.0,53.0,50.0,82.0,208.0,5.49,185.72,11.27,2.77,linode_singapore
2026-09-14 19:32:05,Trung,Viettel,19,0,0.0,0.0,0.0,0.0,36.0,52.0,232.0,44.0,31.03,86.52,131.45,19.07,cloudflare
2026-09-14 19:37:01,Nam,VNPT,19,0,0.0,0.0,0.0,0.0,51.0,108.0,87.0,207.0,1.97,14.32,23.1,2.68,cloudflare
2026-09-14 19:42:50,Trung,Viettel,19,0,0.0,0.0,0.0,0.0,40.0,63.0,222.0,39.0,30.27,101.63,122.69,18.95,vultr_singapore
2026-09-14 19:48:09,Nam,VNPT,19,0,0.0,0.0,0.0,0.0,52.0,51.0,89.0,206.0,2.94,112.46,2.31,2.52,linode_singapore
2026-09-14 19:53:35,Trung,Viettel,19,0,0.0,0.0,0.0,0.0,45.0,53.0,232.0,38.0,32.97,81.21,115.34,19.52,vultr_singapore
2026-09-14 19:59:06,Nam,VNPT,19,0,0.0,0.0,0.0,0.0,62.0,50.0,81.0,206.0,2.29,145.65,4.81,9.51,linode_singapore
2026-09-14 20:04:23,Trung,Viettel,20,0,0.0,0.0,0.0,0.0,48.0,61.0,228.0,47.0,33.27,71.44,52.22,14.2,vultr_singapore
2026-09-14 20:10:03,Nam,VNPT,20,0,0.0,0.0,0.0,0.0,52.0,50.0,82.0,207.0,1.82,104.29,9.03,2.71,linode_singapore
2026-09-14 20:15:19,Trung,Viettel,20,0,0.0,0.0,0.0,0.0,54.0,62.0,227.0,47.0,25.96,73.09,116.89,15.4,vultr_singapore
2026-09-14 20:15:36,Bac,FPT,20,0,1.0,0.0,0.0,0.0,887.0,54.0,312.0,68.0,2.77,3.49,10.3,1.5,linode_singapore
2026-09-14 20:21:05,Nam,VNPT,20,0,0.0,0.0,0.0,0.0,51.0,50.0,81.0,206.0,2.48,180.66,1.47,2.5,linode_singapore
2026-09-14 20:26:07,Trung,Viettel,20,0,0.0,0.0,0.0,0.0,52.0,62.0,233.0,47.0,31.65,70.99,111.72,18.55,vultr_singapore
2026-09-14 20:26:51,Bac,FPT,20,0,0.0,0.0,1.0,0.0,50.0,48.0,414.0,69.0,6.73,2.76,0.37,0.48,linode_singapore
2026-09-14 20:32:00,Nam,VNPT,20,0,0.0,0.0,0.0,0.0,52.0,50.0,81.0,208.0,1.7,130.57,1.09,2.57,linode_singapore
2026-09-14 20:36:56,Trung,Viettel,20,0,0.0,0.0,0.0,0.0,52.0,60.0,245.0,47.0,19.72,85.67,107.23,15.1,vultr_singapore
2026-09-14 20:37:51,Bac,FPT,20,0,0.0,0.0,0.0,0.0,60.0,48.0,98.0,64.0,3.72,2.49,6.23,5.03,linode_singapore
2026-09-14 20:43:01,Nam,VNPT,20,0,0.0,0.0,0.0,0.0,49.0,50.0,82.0,206.0,1.18,7.11,2.18,2.56,cloudflare
2026-09-14 20:47:45,Trung,Viettel,20,0,0.0,0.0,0.0,0.0,49.0,63.0,229.0,48.0,34.57,62.44,122.98,14.48,vultr_singapore
2026-09-14 20:48:53,Bac,FPT,20,0,1.0,0.0,0.0,0.0,672.0,44.0,168.0,80.0,1.61,5.82,1.47,1.89,linode_singapore
2026-09-14 20:54:14,Nam,VNPT,20,0,0.0,0.0,0.0,0.0,55.0,50.0,82.0,254.0,2.07,67.09,0.83,2.49,linode_singapore
2026-09-14 20:58:34,Trung,Viettel,20,0,0.0,0.0,0.0,0.0,52.0,63.0,231.0,48.0,35.08,65.83,119.24,14.25,vultr_singapore
2026-09-14 21:00:02,Bac,FPT,21,0,0.0,0.0,0.0,0.0,55.0,50.0,96.0,67.0,6.51,0.62,13.87,2.13,linode_singapore
2026-09-14 21:05:20,Nam,VNPT,21,0,0.0,0.0,0.0,0.0,53.0,51.0,82.0,206.0,2.75,237.75,6.15,2.52,linode_singapore
2026-09-14 21:09:24,Trung,Viettel,21,0,0.0,0.0,0.0,0.0,52.0,61.0,239.0,48.0,26.12,85.02,126.32,20.14,vultr_singapore
2026-09-14 21:11:03,Bac,FPT,21,0,0.0,1.0,0.0,0.0,52.0,1327.0,112.0,68.0,11.54,0.6,4.19,4.41,cloudflare
2026-09-14 21:16:14,Nam,VNPT,21,0,0.0,0.0,0.0,0.0,52.0,50.0,85.0,204.0,1.59,236.69,1.53,2.65,linode_singapore
2026-09-14 21:20:10,Trung,Viettel,21,0,0.0,0.0,0.0,0.0,89.0,143.0,233.0,56.0,19.33,36.36,46.32,16.3,vultr_singapore
2026-09-14 21:22:11,Bac,FPT,21,0,0.0,0.0,0.0,0.0,51.0,54.0,86.0,76.0,8.35,4.52,20.33,6.69,cloudflare
2026-09-14 21:31:08,Trung,Viettel,21,0,0.0,0.0,0.0,0.0,45.0,59.0,232.0,49.0,34.07,93.27,109.55,180.02,cloudflare
2026-09-14 21:33:10,Bac,FPT,21,0,0.0,0.0,0.0,0.0,59.0,54.0,98.0,60.0,2.72,3.72,15.94,11.64,linode_singapore
2026-09-14 21:41:44,Trung,Viettel,21,0,0.0,0.0,0.0,0.0,54.0,63.0,230.0,49.0,27.55,83.79,100.74,22.13,vultr_singapore
2026-09-14 21:44:15,Bac,FPT,21,0,0.0,0.0,0.0,0.0,56.0,45.0,110.0,71.0,13.77,4.28,12.88,4.65,linode_singapore
2026-09-14 21:52:33,Trung,Viettel,21,0,0.0,0.0,0.0,0.0,36.0,53.0,233.0,36.0,29.23,84.56,132.39,101.01,cloudflare
2026-09-14 21:55:14,Bac,FPT,21,0,0.0,0.0,0.0,0.0,72.0,49.0,87.0,67.0,10.71,6.87,19.32,7.11,linode_singapore
2026-09-14 22:03:12,Trung,Viettel,22,0,0.0,0.0,0.0,0.0,46.0,64.0,229.0,50.0,34.66,109.65,122.63,19.65,cloudflare
2026-09-14 22:06:17,Bac,FPT,22,0,0.0,0.0,0.0,0.0,71.0,81.0,86.0,69.0,11.72,6.12,23.93,7.47,vultr_singapore
2026-09-14 22:13:54,Trung,Viettel,22,0,0.0,0.0,0.0,0.0,55.0,59.0,237.0,52.0,25.24,43.9,43.42,10.86,vultr_singapore
2026-09-14 22:17:16,Bac,FPT,22,0,0.0,0.0,0.0,0.0,52.0,101.0,85.0,65.0,16.5,7.29,19.93,7.2,cloudflare
2026-09-14 22:24:54,Trung,Viettel,22,0,0.0,0.0,0.0,0.0,52.0,54.0,231.0,46.0,28.48,96.5,123.19,17.78,vultr_singapore
2026-09-14 22:26:01,Nam,VNPT,22,0,0.0,0.0,0.0,0.0,53.0,47.0,82.0,248.0,4.01,130.27,225.54,2.62,linode_singapore
2026-09-14 22:35:39,Trung,Viettel,22,0,0.0,0.0,0.0,0.0,52.0,63.0,235.0,44.0,24.3,81.93,129.89,21.08,vultr_singapore
2026-09-14 22:36:44,Nam,VNPT,22,0,0.0,0.0,0.0,0.0,52.0,50.0,82.0,260.0,3.12,158.6,248.05,6.42,linode_singapore
2026-09-14 22:39:23,Bac,FPT,22,0,0.0,0.0,0.0,0.0,60.0,52.0,135.0,58.0,28.97,25.26,154.02,13.84,linode_singapore
2026-09-14 22:46:25,Trung,Viettel,22,0,0.0,0.0,0.0,0.0,58.0,61.0,231.0,44.0,25.8,77.91,124.6,15.73,vultr_singapore
2026-09-14 22:47:27,Nam,VNPT,22,0,0.0,0.0,0.0,0.0,52.0,50.0,80.0,236.0,3.11,221.96,238.54,2.53,linode_singapore
2026-09-14 22:50:16,Bac,FPT,22,0,0.0,0.0,0.0,0.0,58.0,51.0,144.0,51.0,30.42,28.08,158.01,14.37,linode_singapore
2026-09-14 22:57:12,Trung,Viettel,22,0,0.0,0.0,0.0,0.0,58.0,60.0,228.0,48.0,29.65,80.67,139.46,19.65,vultr_singapore
2026-09-14 22:58:09,Nam,VNPT,22,0,0.0,0.0,0.0,0.0,54.0,50.0,87.0,239.0,8.3,179.96,246.21,2.93,linode_singapore
2026-09-14 23:01:12,Bac,FPT,23,0,0.0,0.0,0.0,0.0,57.0,60.0,135.0,74.0,29.82,25.72,152.05,10.97,cloudflare
2026-09-14 23:07:58,Trung,Viettel,23,0,0.0,0.0,0.0,0.0,51.0,61.0,229.0,46.0,33.94,83.48,124.11,14.34,vultr_singapore
2026-09-14 23:08:48,Nam,VNPT,23,0,0.0,0.0,0.0,0.0,53.0,53.0,82.0,303.0,6.4,176.51,252.83,2.94,cloudflare
2026-09-14 23:12:09,Bac,FPT,23,0,0.0,0.0,0.0,0.0,56.0,79.0,143.0,51.0,32.4,25.83,131.57,13.37,vultr_singapore
2026-09-14 23:18:44,Trung,Viettel,23,0,0.0,0.0,0.0,0.0,70.0,64.0,234.0,38.0,18.67,48.87,51.74,14.91,vultr_singapore
2026-09-14 23:19:28,Nam,VNPT,23,0,0.0,0.0,0.0,0.0,221.0,50.0,265.0,294.0,4.82,20.33,83.04,2.65,linode_singapore
2026-09-14 23:23:02,Bac,FPT,23,0,0.0,0.0,0.0,0.0,57.0,49.0,136.0,57.0,28.95,28.36,93.72,13.08,linode_singapore
2026-09-14 23:29:45,Trung,Viettel,23,0,0.0,0.0,0.0,0.0,52.0,60.0,234.0,47.0,26.09,77.08,120.89,14.42,vultr_singapore
2026-09-14 23:33:55,Bac,FPT,23,0,0.0,0.0,0.0,0.0,72.0,48.0,141.0,48.0,31.05,32.26,119.65,45.7,linode_singapore
2026-09-14 23:40:34,Trung,Viettel,23,0,0.0,0.0,0.0,0.0,52.0,53.0,235.0,51.0,31.42,76.52,127.51,20.17,vultr_singapore
2026-09-14 23:44:45,Bac,FPT,23,0,0.0,0.0,0.0,0.0,56.0,47.0,141.0,49.0,28.19,31.51,106.6,40.49,linode_singapore
2026-09-14 23:51:20,Trung,Viettel,23,0,0.0,0.0,0.0,0.0,38.0,54.0,231.0,39.0,31.54,88.78,122.14,13.62,cloudflare
2026-09-14 23:55:44,Bac,FPT,23,0,0.0,0.0,0.0,0.0,57.0,92.0,135.0,87.0,28.99,27.24,97.56,10.77,cloudflare
2026-09-15 00:02:06,Trung,Viettel,0,1,0.0,0.0,0.0,0.0,53.0,53.0,234.0,47.0,35.28,84.51,133.26,13.05,vultr_singapore
2026-09-15 00:06:40,Bac,FPT,0,1,0.0,0.0,0.0,0.0,57.0,47.0,134.0,51.0,29.03,30.93,160.17,10.84,linode_singapore
2026-09-15 00:12:52,Trung,Viettel,0,1,0.0,0.0,0.0,0.0,67.0,68.0,235.0,51.0,25.01,57.42,69.11,15.42,vultr_singapore
2026-09-15 00:23:47,Trung,Viettel,0,1,0.0,0.0,0.0,0.0,46.0,54.0,226.0,52.0,32.94,76.92,121.26,13.68,cloudflare
2026-09-15 00:34:34,Trung,Viettel,0,1,0.0,0.0,0.0,0.0,55.0,63.0,228.0,48.0,33.55,86.93,124.79,14.76,vultr_singapore
2026-09-15 00:45:21,Trung,Viettel,0,1,0.0,0.0,0.0,0.0,56.0,52.0,234.0,49.0,34.18,70.15,139.44,14.21,vultr_singapore
2026-09-15 00:56:09,Trung,Viettel,0,1,0.0,0.0,0.0,0.0,43.0,53.0,233.0,37.0,31.29,103.67,117.27,54.57,vultr_singapore
2026-09-15 01:06:53,Trung,Viettel,1,1,0.0,0.0,0.0,0.0,48.0,69.0,228.0,39.0,29.42,47.56,29.15,14.27,vultr_singapore
2026-09-15 01:17:53,Trung,Viettel,1,1,0.0,0.0,0.0,0.0,52.0,129.0,240.0,43.0,22.75,59.07,48.25,14.22,vultr_singapore
2026-09-15 01:28:52,Trung,Viettel,1,1,0.0,0.0,0.0,0.0,46.0,62.0,225.0,51.0,34.55,72.3,124.38,79.27,cloudflare
2026-09-15 01:39:36,Trung,Viettel,1,1,0.0,0.0,0.0,0.0,52.0,54.0,227.0,48.0,32.75,112.41,125.06,68.05,vultr_singapore
2026-09-15 01:50:17,Trung,Viettel,1,1,0.0,0.0,0.0,0.0,57.0,54.0,233.0,50.0,31.85,80.12,117.68,14.49,vultr_singapore
2026-09-15 02:01:04,Trung,Viettel,2,1,0.0,0.0,0.0,0.0,48.0,63.0,227.0,38.0,16.22,76.96,118.39,22.62,vultr_singapore
2026-09-15 02:11:52,Trung,Viettel,2,1,0.0,0.0,0.0,0.0,58.0,54.0,228.0,48.0,26.4,73.98,112.32,18.53,vultr_singapore
2026-09-15 02:22:40,Trung,Viettel,2,1,0.0,0.0,0.0,0.0,49.0,54.0,235.0,39.0,33.39,105.51,130.93,14.25,vultr_singapore
2026-09-15 02:33:25,Trung,Viettel,2,1,0.0,0.0,0.0,0.0,58.0,52.0,232.0,52.0,29.77,90.93,129.03,40.0,linode_singapore
2026-09-15 02:44:12,Trung,Viettel,2,1,0.0,0.0,0.0,0.0,59.0,53.0,229.0,49.0,27.28,80.06,122.96,14.84,vultr_singapore
2026-09-15 02:54:59,Trung,Viettel,2,1,0.0,0.0,0.0,0.0,51.0,53.0,227.0,48.0,28.39,87.15,115.78,18.09,vultr_singapore
2026-09-15 03:05:46,Trung,Viettel,3,1,0.0,0.0,0.0,0.0,53.0,53.0,235.0,50.0,25.57,71.36,70.59,14.76,vultr_singapore
2026-09-15 08:09:55,Nam,VNPT,8,1,0.0,0.0,0.0,0.0,79.0,115.0,132.0,114.0,13.34,9.28,45.34,4.52,cloudflare
2026-09-15 08:20:55,Nam,VNPT,8,1,0.0,0.0,0.0,0.0,135.0,72.0,144.0,102.0,8.08,1.84,7.85,2.45,linode_singapore
2026-09-15 08:31:57,Nam,VNPT,8,1,0.0,0.0,0.0,0.0,109.0,84.0,140.0,67.0,5.96,8.23,2.22,20.06,vultr_singapore
2026-09-15 08:42:59,Nam,VNPT,8,1,0.0,0.0,0.0,0.0,93.0,89.0,127.0,93.0,13.08,8.24,68.21,8.48,linode_singapore
2026-09-15 08:53:56,Nam,VNPT,8,1,0.0,1.0,0.0,0.0,129.0,288.0,118.0,100.0,13.86,9.04,84.77,5.82,vultr_singapore
2026-09-15 09:04:52,Nam,VNPT,9,1,0.0,0.0,0.0,0.0,94.0,122.0,172.0,110.0,7.32,86.24,96.55,6.74,cloudflare
2026-09-15 09:15:42,Nam,VNPT,9,1,0.0,0.0,0.0,0.0,108.0,109.0,133.0,89.0,7.19,2.9,30.33,6.24,vultr_singapore
2026-09-15 09:26:44,Nam,VNPT,9,1,0.0,0.0,0.0,0.0,94.0,89.0,126.0,52.0,8.19,1.83,6.57,5.98,vultr_singapore
2026-09-15 09:37:46,Nam,VNPT,9,1,0.0,0.0,0.0,0.0,84.0,130.0,137.0,96.0,5.09,50.72,36.03,18.06,cloudflare
2026-09-15 09:48:49,Nam,VNPT,9,1,0.0,0.0,0.0,0.0,148.0,140.0,187.0,102.0,5.96,12.95,12.09,7.03,vultr_singapore
2026-09-15 09:59:53,Nam,VNPT,9,1,0.0,0.0,0.0,0.0,111.0,74.0,120.0,109.0,4.39,2.02,70.04,7.19,linode_singapore
2026-09-15 10:10:53,Nam,VNPT,10,1,0.0,0.0,0.0,0.0,115.0,98.0,177.0,152.0,7.62,3.0,56.41,5.69,linode_singapore
2026-09-15 10:11:47,Trung,Viettel,10,1,0.0,0.0,0.0,0.0,81.0,55.0,231.0,52.0,20.87,54.31,68.88,13.24,vultr_singapore
2026-09-15 10:21:54,Nam,VNPT,10,1,0.0,0.0,0.0,0.0,125.0,75.0,158.0,183.0,5.38,1.72,37.81,9.5,linode_singapore
2026-09-15 10:22:45,Trung,Viettel,10,1,0.0,0.0,0.0,0.0,52.0,55.0,226.0,48.0,32.0,71.4,104.47,15.69,vultr_singapore
2026-09-15 10:32:57,Nam,VNPT,10,1,1.0,1.0,0.0,0.0,559.0,354.0,183.0,115.0,3.77,30.85,32.03,8.47,vultr_singapore
2026-09-15 10:33:34,Trung,Viettel,10,1,0.0,0.0,0.0,0.0,52.0,64.0,228.0,45.0,31.93,83.89,106.05,14.9,vultr_singapore
2026-09-15 10:44:01,Nam,VNPT,10,1,0.0,0.0,0.0,1.0,256.0,156.0,198.0,508.0,5.01,9.84,10.37,4.64,linode_singapore
2026-09-15 10:44:23,Trung,Viettel,10,1,0.0,0.0,0.0,0.0,54.0,63.0,231.0,49.0,24.57,74.58,136.51,19.85,vultr_singapore
2026-09-15 10:55:05,Nam,VNPT,10,1,0.0,0.0,0.0,0.0,137.0,96.0,155.0,277.0,12.04,2.68,8.85,5.61,linode_singapore
2026-09-15 10:55:09,Trung,Viettel,10,1,0.0,0.0,0.0,0.0,45.0,64.0,227.0,37.0,33.76,92.32,144.37,125.86,vultr_singapore
2026-09-15 11:05:44,Trung,Viettel,11,1,0.0,0.0,0.0,0.0,53.0,64.0,228.0,47.0,0.01,89.88,110.54,17.28,vultr_singapore
2026-09-15 11:06:06,Nam,VNPT,11,1,0.0,0.0,0.0,0.0,91.0,165.0,183.0,162.0,5.66,7.97,10.18,2.38,cloudflare
2026-09-15 11:16:45,Trung,Viettel,11,1,0.0,0.0,0.0,0.0,55.0,64.0,228.0,47.0,31.68,90.58,128.91,18.71,vultr_singapore
2026-09-15 11:17:08,Nam,VNPT,11,1,0.0,0.0,0.0,0.0,107.0,96.0,197.0,115.0,1.82,2.14,1.74,5.84,linode_singapore
2026-09-15 11:27:31,Trung,Viettel,11,1,0.0,0.0,0.0,0.0,48.0,54.0,227.0,37.0,36.78,87.16,125.53,52.55,vultr_singapore
2026-09-15 11:28:17,Nam,VNPT,11,1,0.0,1.0,0.0,0.0,147.0,654.0,231.0,281.0,6.61,32.93,1.43,6.94,cloudflare
2026-09-15 11:38:17,Trung,Viettel,11,1,0.0,0.0,0.0,0.0,52.0,65.0,226.0,47.0,29.23,113.4,119.82,13.82,vultr_singapore
2026-09-15 11:49:01,Trung,Viettel,11,1,0.0,0.0,0.0,0.0,46.0,54.0,226.0,48.0,30.73,99.9,130.89,15.41,cloudflare
2026-09-15 11:59:47,Trung,Viettel,11,1,0.0,0.0,0.0,0.0,57.0,56.0,233.0,48.0,33.89,81.82,121.14,102.06,vultr_singapore
2026-09-15 12:10:28,Trung,Viettel,12,1,0.0,0.0,0.0,0.0,56.0,64.0,229.0,50.0,23.49,76.7,132.17,13.53,vultr_singapore
2026-09-15 12:18:41,Bac,FPT,12,1,0.0,0.0,0.0,0.0,91.0,113.0,191.0,82.0,9.72,1.37,42.74,10.03,vultr_singapore
2026-09-15 12:21:18,Trung,Viettel,12,1,0.0,0.0,0.0,0.0,65.0,57.0,232.0,47.0,21.92,46.84,87.1,16.56,vultr_singapore
2026-09-15 12:29:41,Bac,FPT,12,1,0.0,0.0,0.0,0.0,90.0,113.0,156.0,231.0,6.98,4.87,4.48,6.83,cloudflare
2026-09-15 12:32:16,Trung,Viettel,12,1,0.0,0.0,0.0,0.0,46.0,62.0,222.0,37.0,34.59,84.85,133.8,190.65,vultr_singapore
2026-09-15 12:40:42,Bac,FPT,12,1,0.0,0.0,0.0,0.0,102.0,132.0,178.0,100.0,1.53,4.17,3.38,4.41,vultr_singapore
2026-09-15 12:42:51,Trung,Viettel,12,1,0.0,0.0,0.0,0.0,49.0,54.0,228.0,48.0,28.48,76.41,135.17,14.09,vultr_singapore
2026-09-15 12:51:51,Bac,FPT,12,1,0.0,0.0,0.0,0.0,54.0,54.0,169.0,59.0,30.28,254.19,258.63,11.38,cloudflare
2026-09-15 12:53:37,Trung,Viettel,12,1,0.0,0.0,0.0,0.0,57.0,64.0,228.0,49.0,32.58,81.78,133.29,18.98,vultr_singapore
2026-09-15 13:03:13,Bac,FPT,13,1,0.0,0.0,0.0,0.0,51.0,206.0,48.0,181.0,28.79,1.57,236.48,152.05,vultr_seoul
2026-09-15 13:04:23,Trung,Viettel,13,1,0.0,0.0,0.0,0.0,47.0,63.0,231.0,37.0,31.44,104.02,135.45,20.16,vultr_singapore
2026-09-15 13:14:29,Bac,FPT,13,1,1.0,0.0,0.0,0.0,397.0,47.0,159.0,380.0,1.2,244.36,2.85,1.94,linode_singapore
2026-09-15 13:15:06,Trung,Viettel,13,1,0.0,0.0,0.0,0.0,44.0,53.0,229.0,38.0,32.09,68.45,135.83,75.64,vultr_singapore
2026-09-15 13:25:43,Bac,FPT,13,1,1.0,0.0,0.0,0.0,345.0,163.0,284.0,191.0,1.14,9.9,14.48,1.33,linode_singapore
2026-09-15 13:25:50,Trung,Viettel,13,1,0.0,0.0,0.0,0.0,48.0,60.0,231.0,39.0,26.94,83.84,115.04,18.4,vultr_singapore
2026-09-15 13:36:38,Trung,Viettel,13,1,0.0,0.0,0.0,0.0,56.0,56.0,224.0,47.0,31.49,87.57,114.6,26.35,vultr_singapore
2026-09-15 13:37:00,Bac,FPT,13,1,0.0,1.0,1.0,1.0,252.0,905.0,647.0,499.0,0.9,14.3,1.98,0.99,cloudflare
2026-09-15 13:47:24,Trung,Viettel,13,1,0.0,0.0,0.0,0.0,57.0,55.0,233.0,49.0,24.34,96.82,104.91,14.9,vultr_singapore
2026-09-15 13:48:19,Bac,FPT,13,1,0.0,0.0,0.0,0.0,206.0,194.0,277.0,152.0,4.8,7.78,3.56,1.84,vultr_singapore
2026-09-15 13:58:10,Trung,Viettel,13,1,0.0,0.0,0.0,0.0,56.0,54.0,225.0,44.0,6.18,81.68,124.43,14.05,vultr_singapore
2026-09-15 13:59:21,Bac,FPT,13,1,1.0,0.0,0.0,0.0,366.0,222.0,333.0,301.0,1.37,1.58,8.86,1.65,linode_singapore
2026-09-15 14:09:01,Trung,Viettel,14,1,0.0,0.0,0.0,0.0,56.0,53.0,225.0,44.0,30.64,76.65,129.22,149.25,vultr_singapore
2026-09-15 14:10:36,Bac,FPT,14,1,0.0,1.0,0.0,0.0,232.0,287.0,310.0,149.0,3.81,1.55,3.42,1.35,vultr_singapore
2026-09-15 14:19:37,Trung,Viettel,14,1,0.0,0.0,0.0,0.0,51.0,65.0,234.0,56.0,24.43,65.41,63.72,14.11,cloudflare
2026-09-15 14:21:39,Bac,FPT,14,1,0.0,0.0,0.0,0.0,171.0,128.0,280.0,199.0,5.27,1.39,19.14,2.07,linode_singapore
2026-09-15 14:30:33,Trung,Viettel,14,1,0.0,0.0,0.0,0.0,49.0,55.0,226.0,38.0,39.16,81.3,113.67,59.69,vultr_singapore
2026-09-15 14:32:41,Bac,FPT,14,1,0.0,0.0,0.0,1.0,175.0,215.0,324.0,730.0,2.01,0.96,1.78,1.64,cloudflare
2026-09-15 14:41:21,Trung,Viettel,14,1,0.0,0.0,0.0,0.0,48.0,63.0,229.0,37.0,28.29,80.33,122.07,51.94,vultr_singapore
2026-09-15 14:43:49,Bac,FPT,14,1,0.0,0.0,0.0,0.0,109.0,134.0,131.0,184.0,5.78,1.93,44.05,4.66,cloudflare
2026-09-15 14:52:07,Trung,Viettel,14,1,0.0,0.0,0.0,0.0,45.0,64.0,226.0,47.0,29.99,78.57,123.64,70.32,cloudflare
2026-09-15 14:54:50,Bac,FPT,14,1,0.0,0.0,0.0,0.0,174.0,136.0,199.0,259.0,4.45,2.19,27.77,6.9,linode_singapore
2026-09-15 15:02:51,Trung,Viettel,15,1,0.0,0.0,0.0,0.0,48.0,54.0,229.0,49.0,28.27,74.13,126.25,20.36,cloudflare
2026-09-15 15:05:53,Bac,FPT,15,1,0.0,0.0,0.0,0.0,146.0,231.0,198.0,122.0,7.48,1.67,14.71,3.21,vultr_singapore
2026-09-15 15:13:39,Trung,Viettel,15,1,0.0,0.0,0.0,0.0,48.0,57.0,227.0,46.0,34.91,75.52,124.97,14.67,vultr_singapore
2026-09-15 15:16:54,Bac,FPT,15,1,1.0,0.0,0.0,0.0,276.0,119.0,264.0,188.0,3.67,13.39,2.37,2.18,linode_singapore
2026-09-15 15:24:28,Trung,Viettel,15,1,0.0,0.0,0.0,0.0,46.0,54.0,226.0,36.0,35.04,104.09,134.12,56.87,vultr_singapore
2026-09-15 15:27:58,Bac,FPT,15,1,1.0,1.0,0.0,0.0,294.0,264.0,162.0,162.0,4.47,10.69,2.6,0.5,vultr_seoul
2026-09-15 15:35:11,Trung,Viettel,15,1,0.0,0.0,0.0,0.0,47.0,64.0,229.0,50.0,32.49,123.9,123.95,76.01,cloudflare
2026-09-15 15:39:01,Bac,FPT,15,1,1.0,1.0,0.0,0.0,282.0,627.0,311.0,274.0,3.78,1.24,1.09,0.27,vultr_singapore
2026-09-15 15:45:51,Trung,Viettel,15,1,0.0,0.0,0.0,0.0,47.0,63.0,227.0,36.0,26.21,76.17,137.11,14.66,vultr_singapore
2026-09-15 15:50:05,Bac,FPT,15,1,1.0,1.0,0.0,1.0,650.0,1070.0,324.0,437.0,2.71,4.44,4.37,0.39,vultr_seoul
2026-09-15 15:56:37,Trung,Viettel,15,1,0.0,0.0,0.0,0.0,56.0,65.0,228.0,46.0,27.65,89.63,128.97,68.8,vultr_singapore
2026-09-15 16:01:12,Bac,FPT,16,1,1.0,1.0,1.0,0.0,325.0,381.0,604.0,233.0,0.75,1.09,1.26,1.02,vultr_singapore
2026-09-15 16:07:21,Trung,Viettel,16,1,0.0,0.0,0.0,0.0,54.0,54.0,228.0,45.0,33.49,118.18,111.17,13.36,vultr_singapore
2026-09-15 16:12:27,Bac,FPT,16,1,1.0,0.0,0.0,0.0,1196.0,174.0,234.0,193.0,2.64,7.51,5.64,1.25,linode_singapore
2026-09-15 16:18:08,Trung,Viettel,16,1,0.0,0.0,0.0,0.0,46.0,56.0,223.0,62.0,15.81,48.98,68.98,18.56,cloudflare
2026-09-15 16:23:34,Bac,FPT,16,1,0.0,0.0,0.0,0.0,149.0,86.0,176.0,89.0,5.82,235.89,231.95,5.09,linode_singapore
2026-09-15 16:29:05,Trung,Viettel,16,1,0.0,0.0,0.0,0.0,57.0,56.0,230.0,46.0,30.96,110.94,125.49,14.99,vultr_singapore
2026-09-15 16:37:52,Bac,FPT,16,1,0.0,0.0,0.0,0.0,102.0,85.0,144.0,51.0,11.31,5.62,37.08,9.21,vultr_singapore
2026-09-15 16:39:50,Trung,Viettel,16,1,0.0,0.0,0.0,0.0,57.0,53.0,230.0,46.0,33.79,75.19,76.43,13.31,vultr_singapore
2026-09-15 16:48:54,Bac,FPT,16,1,0.0,0.0,0.0,0.0,85.0,95.0,138.0,73.0,8.67,4.6,10.88,4.44,vultr_singapore
2026-09-15 16:50:45,Trung,Viettel,16,1,0.0,0.0,0.0,0.0,54.0,53.0,230.0,46.0,26.73,76.85,121.07,57.27,vultr_singapore
2026-09-15 16:59:54,Bac,FPT,16,1,0.0,0.0,0.0,0.0,65.0,55.0,167.0,218.0,12.04,10.12,9.23,10.05,linode_singapore
2026-09-15 17:01:32,Trung,Viettel,17,1,0.0,0.0,0.0,0.0,52.0,54.0,232.0,47.0,29.75,95.46,120.61,17.87,vultr_singapore
2026-09-15 17:06:36,Nam,VNPT,17,1,0.0,0.0,0.0,0.0,65.0,64.0,132.0,38.0,17.88,32.75,9.21,56.01,vultr_singapore
2026-09-15 17:10:53,Bac,FPT,17,1,0.0,0.0,0.0,0.0,72.0,39.0,102.0,48.0,25.59,8.91,72.52,15.24,linode_singapore
2026-09-15 17:12:18,Trung,Viettel,17,1,0.0,0.0,0.0,0.0,55.0,53.0,225.0,44.0,33.33,83.81,80.16,13.45,vultr_singapore
2026-09-15 17:17:36,Nam,VNPT,17,1,0.0,0.0,0.0,0.0,124.0,66.0,141.0,73.0,19.92,4.46,45.67,10.97,linode_singapore
2026-09-15 17:23:10,Trung,Viettel,17,1,0.0,0.0,0.0,0.0,55.0,52.0,226.0,43.0,23.68,118.54,75.32,25.88,vultr_singapore
2026-09-15 17:28:36,Nam,VNPT,17,1,0.0,0.0,0.0,0.0,55.0,46.0,110.0,50.0,19.09,18.5,86.54,13.54,linode_singapore
2026-09-15 17:33:57,Trung,Viettel,17,1,0.0,0.0,0.0,0.0,37.0,61.0,236.0,40.0,30.05,65.29,131.7,29.24,cloudflare
2026-09-15 17:44:46,Trung,Viettel,17,1,0.0,0.0,0.0,0.0,48.0,62.0,228.0,46.0,31.2,103.72,132.58,15.45,vultr_singapore
2026-09-15 17:55:30,Trung,Viettel,17,1,0.0,0.0,0.0,0.0,60.0,54.0,233.0,47.0,23.95,103.77,126.55,18.53,vultr_singapore
2026-09-15 18:06:16,Trung,Viettel,18,1,0.0,0.0,0.0,0.0,56.0,63.0,234.0,49.0,27.99,73.34,111.17,13.54,vultr_singapore
2026-09-15 18:17:06,Trung,Viettel,18,1,0.0,0.0,0.0,0.0,55.0,128.0,229.0,47.0,8.44,24.79,18.9,10.47,vultr_singapore
2026-09-15 18:28:09,Trung,Viettel,18,1,0.0,0.0,0.0,0.0,44.0,62.0,231.0,36.0,26.96,64.91,77.91,15.6,vultr_singapore
2026-09-15 18:39:01,Trung,Viettel,18,1,0.0,0.0,0.0,0.0,48.0,64.0,227.0,37.0,31.6,104.26,136.74,101.47,vultr_singapore
2026-09-15 18:49:40,Trung,Viettel,18,1,0.0,0.0,0.0,0.0,61.0,60.0,230.0,47.0,29.35,100.68,116.94,18.86,vultr_singapore
2026-09-15 19:00:26,Trung,Viettel,19,1,0.0,0.0,0.0,0.0,47.0,54.0,228.0,37.0,13.03,84.12,123.72,17.88,vultr_singapore
2026-09-15 19:04:45,Bac,FPT,19,1,0.0,0.0,0.0,0.0,57.0,42.0,139.0,53.0,29.16,25.51,144.48,12.72,linode_singapore
2026-09-15 19:11:14,Trung,Viettel,19,1,0.0,0.0,0.0,0.0,52.0,79.0,239.0,55.0,22.69,11.67,46.43,13.61,cloudflare
2026-09-15 19:15:34,Bac,FPT,19,1,0.0,0.0,0.0,0.0,79.0,43.0,135.0,53.0,19.29,30.87,160.08,10.46,linode_singapore
2026-09-15 19:22:13,Trung,Viettel,19,1,0.0,0.0,0.0,0.0,59.0,53.0,224.0,47.0,32.39,104.5,129.04,18.8,vultr_singapore
2026-09-15 19:26:23,Bac,FPT,19,1,0.0,0.0,0.0,0.0,59.0,43.0,132.0,53.0,26.5,25.14,132.29,12.43,linode_singapore
2026-09-15 19:33:00,Trung,Viettel,19,1,0.0,0.0,0.0,0.0,53.0,60.0,223.0,44.0,23.87,102.7,142.06,19.21,vultr_singapore
2026-09-15 19:37:13,Bac,FPT,19,1,0.0,0.0,0.0,0.0,58.0,42.0,137.0,54.0,28.77,27.87,76.57,10.12,linode_singapore
2026-09-15 19:43:45,Trung,Viettel,19,1,0.0,0.0,0.0,0.0,56.0,76.0,225.0,49.0,35.72,66.2,136.07,14.37,vultr_singapore
2026-09-15 19:48:08,Bac,FPT,19,1,0.0,0.0,0.0,0.0,58.0,42.0,140.0,55.0,27.86,25.97,156.87,10.35,linode_singapore
2026-09-15 19:54:33,Trung,Viettel,19,1,0.0,0.0,0.0,0.0,60.0,61.0,240.0,49.0,29.37,66.52,111.04,14.78,vultr_singapore
2026-09-15 19:58:56,Bac,FPT,19,1,0.0,0.0,0.0,0.0,59.0,41.0,135.0,54.0,20.87,26.25,155.31,87.68,linode_singapore
2026-09-15 20:05:24,Trung,Viettel,20,1,0.0,0.0,0.0,0.0,57.0,62.0,232.0,48.0,25.74,80.27,116.07,18.18,vultr_singapore
2026-09-15 20:09:40,Bac,FPT,20,1,0.0,0.0,0.0,0.0,59.0,47.0,133.0,52.0,28.43,29.37,53.51,10.63,linode_singapore
2026-09-15 20:16:13,Trung,Viettel,20,1,0.0,0.0,0.0,0.0,45.0,60.0,231.0,37.0,31.68,43.3,118.24,14.1,vultr_singapore
2026-09-15 20:20:38,Bac,FPT,20,1,0.0,0.0,0.0,0.0,57.0,42.0,133.0,54.0,29.63,27.92,146.08,124.66,linode_singapore
2026-09-15 20:27:07,Trung,Viettel,20,1,0.0,0.0,0.0,0.0,46.0,52.0,226.0,36.0,27.97,77.16,98.63,18.44,vultr_singapore
2026-09-15 20:31:19,Bac,FPT,20,1,0.0,0.0,0.0,0.0,61.0,41.0,134.0,54.0,28.93,31.12,142.1,14.74,linode_singapore
2026-09-15 20:37:57,Trung,Viettel,20,1,0.0,0.0,0.0,0.0,45.0,53.0,224.0,36.0,31.22,85.37,92.29,14.2,vultr_singapore
2026-09-15 20:42:08,Bac,FPT,20,1,0.0,0.0,0.0,0.0,58.0,43.0,135.0,53.0,29.28,28.37,143.38,11.22,linode_singapore
2026-09-15 20:48:45,Trung,Viettel,20,1,0.0,0.0,0.0,0.0,40.0,53.0,226.0,38.0,31.25,94.52,131.82,20.94,vultr_singapore
2026-09-15 20:52:57,Bac,FPT,20,1,0.0,0.0,0.0,0.0,59.0,43.0,134.0,55.0,31.0,27.06,92.25,11.8,linode_singapore
2026-09-15 20:59:31,Trung,Viettel,20,1,0.0,0.0,0.0,0.0,45.0,62.0,231.0,38.0,24.89,69.04,94.52,17.64,vultr_singapore
2026-09-15 21:03:50,Bac,FPT,21,1,0.0,0.0,0.0,0.0,60.0,43.0,137.0,59.0,28.64,27.33,139.69,9.85,linode_singapore
2026-09-15 21:14:39,Bac,FPT,21,1,0.0,0.0,0.0,0.0,58.0,41.0,137.0,55.0,30.83,26.32,162.59,10.86,linode_singapore
2026-09-15 21:25:28,Bac,FPT,21,1,0.0,0.0,0.0,0.0,59.0,41.0,141.0,55.0,26.93,22.08,107.37,14.4,linode_singapore
2026-09-15 21:36:19,Bac,FPT,21,1,0.0,0.0,0.0,0.0,59.0,43.0,138.0,58.0,30.8,28.72,142.86,10.69,linode_singapore
2026-09-15 21:47:08,Bac,FPT,21,1,0.0,0.0,0.0,0.0,63.0,41.0,132.0,52.0,25.01,28.36,148.56,9.64,linode_singapore
2026-09-15 21:57:57,Bac,FPT,21,1,0.0,0.0,0.0,0.0,59.0,42.0,137.0,53.0,27.75,24.14,104.99,11.82,linode_singapore
2026-09-15 22:08:49,Bac,FPT,22,1,0.0,0.0,0.0,0.0,57.0,42.0,136.0,55.0,29.52,24.37,133.02,10.0,linode_singapore
2026-09-15 22:19:38,Bac,FPT,22,1,0.0,0.0,0.0,0.0,58.0,43.0,154.0,56.0,30.06,26.25,132.95,10.7,linode_singapore
2026-09-15 22:23:00,Trung,Viettel,22,1,0.0,0.0,0.0,0.0,36.0,63.0,232.0,35.0,28.82,93.2,136.26,15.63,vultr_singapore
2026-09-15 22:30:28,Bac,FPT,22,1,0.0,0.0,0.0,0.0,59.0,44.0,137.0,55.0,27.62,25.96,154.93,9.99,linode_singapore
2026-09-15 22:33:46,Trung,Viettel,22,1,0.0,0.0,0.0,0.0,46.0,52.0,223.0,48.0,35.32,77.88,115.07,19.29,cloudflare
2026-09-15 22:41:17,Bac,FPT,22,1,0.0,0.0,0.0,0.0,59.0,74.0,137.0,54.0,28.43,27.01,104.29,10.56,vultr_singapore
2026-09-15 22:44:34,Trung,Viettel,22,1,0.0,0.0,0.0,0.0,54.0,57.0,231.0,49.0,21.99,104.95,65.32,14.98,vultr_singapore
2026-09-15 22:52:09,Bac,FPT,22,1,0.0,0.0,0.0,0.0,56.0,45.0,136.0,55.0,28.38,25.65,134.09,12.61,linode_singapore
2026-09-15 22:55:26,Trung,Viettel,22,1,0.0,0.0,0.0,0.0,56.0,65.0,231.0,43.0,25.24,112.3,135.12,15.34,vultr_singapore
2026-09-15 22:58:07,Nam,VNPT,22,1,0.0,0.0,0.0,0.0,249.0,52.0,109.0,54.0,2.64,18.03,11.56,7.38,linode_singapore
2026-09-15 23:02:59,Bac,FPT,23,1,0.0,0.0,0.0,0.0,64.0,44.0,130.0,56.0,28.96,25.54,152.29,13.57,linode_singapore
2026-09-15 23:06:08,Trung,Viettel,23,1,0.0,0.0,0.0,0.0,56.0,64.0,227.0,45.0,32.0,99.87,99.85,14.13,vultr_singapore
2026-09-15 23:13:48,Bac,FPT,23,1,0.0,0.0,0.0,0.0,61.0,40.0,133.0,57.0,33.83,25.94,111.69,13.0,linode_singapore
2026-09-15 23:16:54,Trung,Viettel,23,1,0.0,0.0,0.0,0.0,61.0,62.0,237.0,54.0,22.28,55.6,80.7,15.24,vultr_singapore
2026-09-15 23:24:39,Bac,FPT,23,1,0.0,0.0,0.0,0.0,61.0,42.0,140.0,67.0,31.66,28.57,99.43,11.89,linode_singapore
2026-09-15 23:27:49,Trung,Viettel,23,1,0.0,0.0,0.0,0.0,50.0,66.0,229.0,54.0,31.92,91.52,134.13,14.64,cloudflare
2026-09-15 23:35:31,Bac,FPT,23,1,0.0,0.0,0.0,1.0,66.0,41.0,134.0,686.0,26.79,25.98,97.66,43.8,linode_singapore
2026-09-15 23:38:34,Trung,Viettel,23,1,0.0,0.0,0.0,0.0,55.0,64.0,231.0,48.0,32.39,107.39,113.32,20.18,vultr_singapore
2026-09-15 23:46:29,Bac,FPT,23,1,0.0,0.0,0.0,0.0,99.0,43.0,136.0,57.0,30.6,25.07,145.97,10.37,linode_singapore
2026-09-15 23:49:19,Trung,Viettel,23,1,0.0,0.0,0.0,0.0,46.0,66.0,231.0,40.0,30.6,89.78,135.33,12.83,vultr_singapore
2026-09-15 23:57:18,Bac,FPT,23,1,0.0,0.0,0.0,0.0,65.0,45.0,136.0,56.0,31.92,22.13,81.16,9.44,linode_singapore
2026-09-16 00:00:05,Trung,Viettel,0,2,0.0,0.0,0.0,0.0,47.0,65.0,230.0,37.0,28.52,96.21,82.98,19.16,vultr_singapore
2026-09-16 00:08:12,Bac,FPT,0,2,0.0,0.0,0.0,0.0,62.0,54.0,192.0,60.0,29.08,24.38,69.31,10.31,linode_singapore
2026-09-16 00:10:55,Trung,Viettel,0,2,0.0,0.0,0.0,0.0,51.0,55.0,242.0,45.0,24.88,64.6,75.85,14.71,vultr_singapore
2026-09-16 00:19:08,Bac,FPT,0,2,0.0,0.0,0.0,0.0,62.0,44.0,183.0,56.0,33.11,24.78,91.72,11.17,linode_singapore
2026-09-16 00:21:48,Trung,Viettel,0,2,0.0,0.0,0.0,0.0,46.0,56.0,230.0,38.0,31.93,97.4,122.03,18.51,vultr_singapore
2026-09-16 00:30:00,Bac,FPT,0,2,0.0,0.0,0.0,0.0,64.0,63.0,142.0,56.0,26.17,29.17,84.83,27.85,vultr_singapore
2026-09-16 00:32:32,Trung,Viettel,0,2,0.0,0.0,0.0,0.0,59.0,64.0,234.0,50.0,31.05,112.18,135.42,15.15,vultr_singapore
2026-09-16 00:40:54,Bac,FPT,0,2,0.0,0.0,0.0,0.0,61.0,41.0,172.0,55.0,28.31,24.01,103.6,11.39,linode_singapore
2026-09-16 00:43:16,Trung,Viettel,0,2,0.0,0.0,0.0,0.0,45.0,64.0,231.0,38.0,29.36,115.95,116.68,13.3,vultr_singapore
2026-09-16 00:54:00,Trung,Viettel,0,2,0.0,0.0,0.0,0.0,59.0,55.0,225.0,53.0,33.16,86.35,94.32,14.24,vultr_singapore
2026-09-16 01:04:48,Trung,Viettel,1,2,0.0,0.0,0.0,0.0,53.0,64.0,234.0,46.0,25.61,100.83,118.66,14.98,vultr_singapore
2026-09-16 01:15:33,Trung,Viettel,1,2,0.0,0.0,0.0,0.0,47.0,66.0,256.0,92.0,6.17,54.92,76.25,15.35,cloudflare
2026-09-16 01:26:34,Trung,Viettel,1,2,0.0,0.0,0.0,0.0,59.0,53.0,230.0,52.0,26.42,106.53,126.84,13.9,vultr_singapore
2026-09-16 01:37:18,Trung,Viettel,1,2,0.0,0.0,0.0,0.0,57.0,65.0,229.0,49.0,26.75,111.0,83.42,13.79,vultr_singapore
2026-09-16 01:48:07,Trung,Viettel,1,2,0.0,0.0,0.0,0.0,56.0,66.0,234.0,49.0,27.77,84.18,142.25,37.78,vultr_singapore
2026-09-16 01:58:51,Trung,Viettel,1,2,0.0,0.0,0.0,0.0,53.0,64.0,227.0,51.0,29.27,75.78,112.43,14.49,vultr_singapore
2026-09-16 02:09:41,Trung,Viettel,2,2,0.0,0.0,0.0,0.0,35.0,65.0,228.0,38.0,26.83,98.33,74.33,13.34,cloudflare
2026-09-16 02:20:34,Trung,Viettel,2,2,0.0,0.0,0.0,0.0,45.0,64.0,227.0,39.0,35.28,77.12,118.64,14.52,vultr_singapore
2026-09-16 02:31:20,Trung,Viettel,2,2,0.0,0.0,0.0,0.0,55.0,67.0,231.0,204.0,24.9,62.44,125.13,13.63,cloudflare
2026-09-16 02:42:08,Trung,Viettel,2,2,0.0,0.0,0.0,0.0,55.0,68.0,227.0,48.0,31.43,76.14,114.97,20.16,vultr_singapore
2026-09-16 02:52:56,Trung,Viettel,2,2,0.0,0.0,0.0,0.0,48.0,61.0,226.0,51.0,34.57,70.36,135.98,13.97,cloudflare
2026-09-16 03:03:45,Trung,Viettel,3,2,0.0,0.0,0.0,0.0,57.0,62.0,229.0,49.0,33.76,69.1,97.11,19.15,vultr_singapore
2026-09-16 03:14:37,Trung,Viettel,3,2,0.0,0.0,0.0,0.0,47.0,59.0,269.0,36.0,32.97,47.23,74.25,15.51,vultr_singapore
2026-09-16 03:25:34,Trung,Viettel,3,2,0.0,0.0,0.0,0.0,53.0,61.0,240.0,49.0,29.66,76.04,77.07,64.9,vultr_singapore
2026-09-16 03:36:24,Trung,Viettel,3,2,0.0,0.0,0.0,0.0,56.0,58.0,227.0,48.0,32.08,81.33,106.88,19.34,vultr_singapore
2026-09-16 03:47:15,Trung,Viettel,3,2,0.0,0.0,0.0,0.0,56.0,60.0,230.0,49.0,32.28,111.97,143.01,13.65,vultr_singapore
2026-09-16 03:57:58,Trung,Viettel,3,2,0.0,0.0,0.0,0.0,59.0,57.0,228.0,49.0,34.41,100.13,119.11,14.27,vultr_singapore
2026-09-16 04:08:44,Trung,Viettel,4,2,0.0,0.0,0.0,0.0,55.0,69.0,235.0,49.0,27.64,80.97,74.88,72.17,vultr_singapore
2026-09-16 04:19:36,Trung,Viettel,4,2,0.0,0.0,0.0,0.0,59.0,59.0,248.0,54.0,26.97,85.45,90.6,31.53,vultr_singapore
2026-09-16 04:30:25,Trung,Viettel,4,2,0.0,0.0,0.0,0.0,52.0,59.0,230.0,47.0,29.58,105.11,116.67,45.92,vultr_singapore
2026-09-16 04:41:08,Trung,Viettel,4,2,0.0,0.0,0.0,0.0,53.0,57.0,234.0,46.0,34.12,92.33,123.77,14.65,vultr_singapore
2026-09-16 04:51:53,Trung,Viettel,4,2,0.0,0.0,0.0,0.0,59.0,60.0,229.0,48.0,29.14,111.07,76.29,19.31,vultr_singapore
2026-09-16 05:02:43,Trung,Viettel,5,2,0.0,0.0,0.0,0.0,54.0,59.0,223.0,49.0,31.74,85.94,93.78,69.73,vultr_singapore
2026-09-16 05:13:29,Trung,Viettel,5,2,0.0,0.0,0.0,0.0,82.0,59.0,234.0,50.0,25.36,100.15,85.67,14.3,vultr_singapore
2026-09-16 05:24:17,Trung,Viettel,5,2,0.0,0.0,0.0,0.0,53.0,58.0,233.0,48.0,33.71,95.42,102.74,14.8,vultr_singapore
2026-09-16 05:35:04,Trung,Viettel,5,2,0.0,0.0,0.0,0.0,59.0,58.0,228.0,50.0,31.58,88.02,114.7,41.48,vultr_singapore
2026-09-16 05:45:51,Trung,Viettel,5,2,0.0,0.0,0.0,0.0,57.0,64.0,224.0,48.0,34.64,81.29,114.79,15.3,vultr_singapore
2026-09-16 05:56:38,Trung,Viettel,5,2,0.0,0.0,0.0,0.0,46.0,57.0,229.0,38.0,32.03,69.45,75.55,12.89,vultr_singapore
2026-09-16 06:07:31,Trung,Viettel,6,2,0.0,0.0,0.0,0.0,56.0,66.0,231.0,55.0,20.02,93.84,110.21,15.65,vultr_singapore
2026-09-16 06:18:17,Trung,Viettel,6,2,0.0,0.0,0.0,0.0,60.0,71.0,231.0,53.0,21.16,60.59,55.78,14.8,vultr_singapore
2026-09-16 06:29:15,Trung,Viettel,6,2,0.0,0.0,0.0,0.0,58.0,67.0,231.0,50.0,34.32,82.1,98.04,12.9,vultr_singapore
2026-09-16 06:40:04,Trung,Viettel,6,2,0.0,0.0,0.0,0.0,47.0,58.0,228.0,49.0,17.48,89.16,119.87,13.95,cloudflare
2026-09-16 06:50:51,Trung,Viettel,6,2,0.0,0.0,0.0,0.0,47.0,60.0,226.0,40.0,29.01,92.97,129.85,15.48,vultr_singapore
2026-09-16 07:01:36,Trung,Viettel,7,2,0.0,0.0,0.0,0.0,49.0,60.0,227.0,49.0,28.33,67.26,54.36,22.6,cloudflare
2026-09-16 07:05:39,Nam,VNPT,7,2,0.0,0.0,0.0,0.0,58.0,49.0,153.0,75.0,17.82,19.56,14.05,6.54,linode_singapore
2026-09-16 07:12:35,Trung,Viettel,7,2,0.0,0.0,0.0,0.0,54.0,58.0,232.0,47.0,33.95,116.62,113.85,28.11,vultr_singapore
2026-09-16 07:16:38,Nam,VNPT,7,2,0.0,0.0,0.0,0.0,58.0,53.0,127.0,56.0,19.09,19.1,28.64,10.0,linode_singapore
2026-09-16 07:23:21,Trung,Viettel,7,2,0.0,0.0,0.0,0.0,49.0,58.0,237.0,49.0,37.86,106.38,107.07,14.14,cloudflare
2026-09-16 07:27:38,Nam,VNPT,7,2,0.0,0.0,0.0,0.0,50.0,50.0,136.0,54.0,23.5,16.84,24.98,17.04,cloudflare
2026-09-16 07:34:06,Trung,Viettel,7,2,0.0,0.0,0.0,0.0,54.0,70.0,234.0,49.0,29.85,93.12,122.54,14.93,vultr_singapore
2026-09-16 07:38:38,Nam,VNPT,7,2,0.0,0.0,0.0,0.0,52.0,50.0,185.0,55.0,19.21,39.02,4.81,7.13,linode_singapore
2026-09-16 07:44:50,Trung,Viettel,7,2,0.0,0.0,0.0,0.0,45.0,58.0,229.0,36.0,27.35,106.69,23.24,19.78,vultr_singapore
2026-09-16 07:49:38,Nam,VNPT,7,2,0.0,0.0,0.0,0.0,53.0,49.0,190.0,56.0,24.53,63.27,21.49,12.87,linode_singapore
2026-09-16 07:55:43,Trung,Viettel,7,2,0.0,0.0,0.0,0.0,58.0,66.0,236.0,46.0,30.25,85.53,101.7,14.47,vultr_singapore
2026-09-16 08:00:36,Nam,VNPT,8,2,0.0,0.0,0.0,0.0,57.0,65.0,164.0,72.0,17.86,35.2,40.44,6.15,cloudflare
2026-09-16 08:06:30,Trung,Viettel,8,2,0.0,0.0,0.0,0.0,54.0,60.0,226.0,48.0,27.05,62.72,36.48,13.42,vultr_singapore
2026-09-16 08:11:39,Nam,VNPT,8,2,0.0,0.0,0.0,0.0,52.0,52.0,162.0,54.0,15.6,58.08,50.78,26.76,cloudflare
2026-09-16 08:17:28,Trung,Viettel,8,2,0.0,0.0,0.0,0.0,54.0,94.0,235.0,52.0,22.07,54.74,51.74,14.67,vultr_singapore
2026-09-16 08:22:38,Nam,VNPT,8,2,0.0,0.0,0.0,0.0,55.0,52.0,166.0,56.0,20.06,50.64,42.85,2.67,linode_singapore
2026-09-16 08:28:27,Trung,Viettel,8,2,0.0,0.0,0.0,0.0,54.0,65.0,236.0,47.0,27.11,81.11,90.45,19.78,vultr_singapore
2026-09-16 08:33:38,Nam,VNPT,8,2,0.0,0.0,0.0,0.0,50.0,50.0,203.0,55.0,18.25,16.41,4.91,6.46,cloudflare
2026-09-16 08:39:15,Trung,Viettel,8,2,0.0,0.0,0.0,0.0,45.0,64.0,237.0,39.0,30.08,93.37,132.2,16.2,vultr_singapore
2026-09-16 08:44:38,Nam,VNPT,8,2,0.0,0.0,0.0,0.0,52.0,79.0,134.0,56.0,15.39,11.32,11.9,2.87,cloudflare
2026-09-16 08:50:00,Trung,Viettel,8,2,0.0,0.0,0.0,0.0,53.0,68.0,226.0,48.0,28.16,84.08,75.29,12.78,vultr_singapore
2026-09-16 08:55:38,Nam,VNPT,8,2,0.0,0.0,0.0,0.0,52.0,50.0,153.0,84.0,16.02,17.5,5.13,5.67,linode_singapore
2026-09-16 09:00:50,Trung,Viettel,9,2,0.0,0.0,0.0,0.0,57.0,66.0,232.0,48.0,33.68,102.15,105.2,20.55,vultr_singapore
2026-09-16 09:06:38,Nam,VNPT,9,2,0.0,0.0,0.0,0.0,50.0,58.0,117.0,55.0,12.39,17.56,11.26,5.84,cloudflare
2026-09-16 09:11:36,Trung,Viettel,9,2,0.0,0.0,0.0,0.0,48.0,59.0,234.0,41.0,18.78,84.53,125.87,13.96,vultr_singapore
2026-09-16 09:17:38,Nam,VNPT,9,2,0.0,0.0,0.0,0.0,57.0,50.0,140.0,55.0,18.2,34.16,12.66,9.56,linode_singapore
2026-09-16 09:22:22,Trung,Viettel,9,2,0.0,0.0,0.0,0.0,47.0,67.0,230.0,36.0,31.02,76.66,97.45,16.98,vultr_singapore
2026-09-16 09:28:37,Nam,VNPT,9,2,0.0,0.0,0.0,0.0,52.0,87.0,111.0,57.0,15.55,14.55,22.68,6.23,cloudflare
2026-09-16 09:33:11,Trung,Viettel,9,2,0.0,0.0,0.0,0.0,55.0,58.0,226.0,48.0,31.58,75.81,130.72,14.68,vultr_singapore
2026-09-16 09:39:37,Nam,VNPT,9,2,0.0,0.0,0.0,0.0,54.0,62.0,157.0,58.0,13.45,36.36,16.47,11.71,cloudflare
2026-09-16 09:43:58,Trung,Viettel,9,2,0.0,0.0,0.0,0.0,57.0,62.0,231.0,52.0,30.58,104.43,122.71,56.87,vultr_singapore
2026-09-16 09:50:37,Nam,VNPT,9,2,0.0,0.0,0.0,0.0,53.0,63.0,346.0,53.0,18.74,21.13,2.32,35.66,cloudflare
2026-09-16 09:54:42,Trung,Viettel,9,2,0.0,0.0,0.0,0.0,51.0,46.0,225.0,38.0,29.12,92.94,71.72,45.19,vultr_singapore
2026-09-16 10:01:41,Nam,VNPT,10,2,0.0,0.0,0.0,0.0,50.0,78.0,139.0,52.0,22.01,25.6,24.94,7.95,cloudflare
2026-09-16 10:04:10,Nam,VNPT,10,2,0.0,0.0,0.0,0.0,60.0,58.0,108.0,214.0,21.1,88.74,25.02,11.81,linode_singapore
2026-09-16 10:05:32,Trung,Viettel,10,2,0.0,0.0,0.0,0.0,57.0,54.0,232.0,47.0,29.07,81.05,100.01,19.43,vultr_singapore
2026-09-16 10:15:04,Nam,VNPT,10,2,0.0,0.0,0.0,0.0,74.0,59.0,108.0,214.0,19.66,40.37,94.66,2.78,linode_singapore
2026-09-16 10:16:19,Trung,Viettel,10,2,0.0,0.0,0.0,0.0,62.0,55.0,245.0,55.0,21.23,51.44,62.09,16.85,linode_singapore
2026-09-16 10:25:57,Nam,VNPT,10,2,0.0,0.0,0.0,0.0,62.0,55.0,109.0,216.0,18.59,101.51,78.23,2.51,linode_singapore
2026-09-16 10:27:19,Trung,Viettel,10,2,0.0,0.0,0.0,0.0,55.0,52.0,219.0,47.0,23.6,98.56,125.52,26.76,vultr_singapore
2026-09-16 10:34:00,Bac,FPT,10,2,0.0,0.0,0.0,0.0,62.0,42.0,137.0,59.0,27.29,27.56,124.14,13.79,linode_singapore
2026-09-16 10:36:46,Nam,VNPT,10,2,0.0,0.0,0.0,0.0,62.0,58.0,108.0,214.0,19.52,112.4,62.18,2.11,linode_singapore
2026-09-16 10:38:05,Trung,Viettel,10,2,0.0,0.0,0.0,0.0,57.0,53.0,230.0,44.0,24.41,69.7,104.34,13.02,vultr_singapore
2026-09-16 10:44:50,Bac,FPT,10,2,0.0,0.0,0.0,0.0,56.0,42.0,133.0,52.0,29.19,26.48,58.14,11.14,linode_singapore
2026-09-16 10:47:37,Nam,VNPT,10,2,0.0,0.0,0.0,0.0,63.0,59.0,108.0,215.0,20.23,49.79,6.38,2.55,linode_singapore
2026-09-16 10:48:57,Trung,Viettel,10,2,0.0,0.0,0.0,0.0,60.0,35.0,228.0,47.0,30.82,107.29,128.33,18.42,linode_singapore
2026-09-16 10:55:48,Bac,FPT,10,2,0.0,0.0,0.0,0.0,56.0,42.0,135.0,50.0,31.59,27.46,30.12,13.82,linode_singapore
2026-09-16 10:58:37,Nam,VNPT,10,2,0.0,0.0,0.0,0.0,61.0,56.0,107.0,215.0,18.97,102.76,118.91,11.08,linode_singapore
2026-09-16 10:59:41,Trung,Viettel,10,2,0.0,0.0,0.0,0.0,56.0,55.0,231.0,49.0,21.69,82.33,75.54,19.54,vultr_singapore
2026-09-16 11:06:46,Bac,FPT,11,2,0.0,0.0,0.0,0.0,56.0,41.0,137.0,55.0,23.25,28.5,135.15,10.64,linode_singapore
2026-09-16 11:09:23,Nam,VNPT,11,2,0.0,0.0,0.0,0.0,67.0,61.0,106.0,215.0,19.48,49.56,88.58,2.61,linode_singapore
2026-09-16 11:10:31,Trung,Viettel,11,2,0.0,0.0,0.0,0.0,53.0,55.0,227.0,49.0,31.03,91.82,108.32,19.04,vultr_singapore
2026-09-16 11:17:36,Bac,FPT,11,2,0.0,0.0,0.0,0.0,56.0,40.0,135.0,51.0,30.05,27.67,146.14,11.22,linode_singapore
2026-09-16 11:20:17,Nam,VNPT,11,2,0.0,0.0,0.0,0.0,60.0,57.0,107.0,215.0,21.66,67.49,135.1,2.52,linode_singapore
2026-09-16 11:21:20,Trung,Viettel,11,2,0.0,0.0,0.0,0.0,45.0,57.0,227.0,46.0,34.05,104.58,101.26,20.39,cloudflare
2026-09-16 11:28:25,Bac,FPT,11,2,0.0,0.0,0.0,0.0,56.0,40.0,134.0,52.0,30.41,30.78,113.07,14.1,linode_singapore
2026-09-16 11:31:05,Nam,VNPT,11,2,0.0,0.0,0.0,0.0,61.0,58.0,113.0,216.0,19.34,31.52,34.74,2.76,linode_singapore
2026-09-16 11:32:05,Trung,Viettel,11,2,0.0,0.0,0.0,0.0,46.0,58.0,231.0,37.0,26.44,73.43,125.69,65.47,vultr_singapore
2026-09-16 11:39:16,Bac,FPT,11,2,0.0,0.0,0.0,0.0,56.0,40.0,135.0,52.0,31.67,28.48,157.14,11.41,linode_singapore
2026-09-16 11:42:05,Nam,VNPT,11,2,0.0,0.0,0.0,0.0,63.0,72.0,108.0,221.0,20.42,28.43,56.28,2.71,cloudflare
2026-09-16 11:42:50,Trung,Viettel,11,2,0.0,0.0,0.0,0.0,59.0,52.0,235.0,49.0,32.0,65.11,96.86,13.64,vultr_singapore
2026-09-16 11:50:04,Bac,FPT,11,2,0.0,0.0,0.0,0.0,56.0,42.0,132.0,51.0,29.64,25.02,59.81,14.83,linode_singapore
2026-09-16 11:53:05,Nam,VNPT,11,2,0.0,0.0,0.0,0.0,62.0,57.0,107.0,215.0,14.97,28.58,78.29,2.73,linode_singapore
2026-09-16 11:53:40,Trung,Viettel,11,2,0.0,0.0,0.0,0.0,48.0,54.0,236.0,48.0,33.74,101.42,94.9,17.65,cloudflare
2026-09-16 12:01:02,Bac,FPT,12,2,0.0,0.0,0.0,0.0,59.0,44.0,140.0,52.0,28.16,28.69,155.06,14.45,linode_singapore
2026-09-16 12:04:01,Nam,VNPT,12,2,0.0,0.0,0.0,0.0,64.0,63.0,110.0,214.0,16.77,25.89,15.7,2.46,linode_singapore
2026-09-16 12:04:26,Trung,Viettel,12,2,0.0,0.0,0.0,0.0,59.0,52.0,232.0,49.0,35.45,76.07,130.34,14.38,vultr_singapore
2026-09-16 12:11:50,Bac,FPT,12,2,0.0,0.0,0.0,0.0,57.0,43.0,134.0,54.0,30.81,27.78,86.28,63.27,linode_singapore
2026-09-16 12:15:01,Nam,VNPT,12,2,0.0,0.0,0.0,0.0,67.0,66.0,113.0,219.0,17.8,27.25,93.75,2.75,linode_singapore
2026-09-16 12:15:14,Trung,Viettel,12,2,0.0,0.0,0.0,0.0,57.0,55.0,223.0,49.0,33.85,95.83,116.14,14.14,vultr_singapore
2026-09-16 12:22:42,Bac,FPT,12,2,0.0,0.0,0.0,0.0,55.0,39.0,139.0,55.0,32.64,25.83,104.28,9.1,linode_singapore
2026-09-16 12:25:55,Nam,VNPT,12,2,0.0,0.0,0.0,0.0,64.0,65.0,108.0,222.0,19.26,66.75,72.73,2.61,cloudflare
2026-09-16 12:26:01,Trung,Viettel,12,2,0.0,0.0,0.0,0.0,49.0,45.0,226.0,44.0,33.72,78.96,124.62,13.49,vultr_singapore
2026-09-16 12:33:33,Bac,FPT,12,2,0.0,0.0,0.0,0.0,105.0,42.0,138.0,53.0,29.75,25.2,150.41,10.45,linode_singapore
2026-09-16 12:36:49,Nam,VNPT,12,2,0.0,0.0,0.0,0.0,63.0,58.0,110.0,216.0,21.06,87.23,93.6,33.44,linode_singapore
2026-09-16 12:44:22,Bac,FPT,12,2,0.0,0.0,0.0,0.0,57.0,62.0,142.0,54.0,30.69,22.94,70.43,10.32,vultr_singapore
2026-09-16 12:47:38,Nam,VNPT,12,2,0.0,0.0,0.0,0.0,62.0,58.0,108.0,214.0,17.51,55.54,79.25,2.65,linode_singapore
2026-09-16 12:55:21,Bac,FPT,12,2,0.0,0.0,0.0,0.0,58.0,43.0,141.0,107.0,26.69,22.04,72.99,9.82,linode_singapore
2026-09-16 12:58:33,Nam,VNPT,12,2,0.0,0.0,0.0,0.0,64.0,58.0,109.0,218.0,18.69,63.02,72.24,2.73,linode_singapore
2026-09-16 13:06:20,Bac,FPT,13,2,0.0,0.0,0.0,0.0,57.0,42.0,169.0,62.0,29.84,23.91,124.63,10.38,linode_singapore
2026-09-16 13:09:28,Nam,VNPT,13,2,0.0,0.0,0.0,0.0,62.0,59.0,114.0,220.0,17.97,28.69,15.04,2.41,linode_singapore
2026-09-16 13:17:10,Bac,FPT,13,2,0.0,0.0,0.0,0.0,57.0,83.0,133.0,62.0,29.2,23.85,102.34,13.02,cloudflare
2026-09-16 13:20:28,Nam,VNPT,13,2,0.0,0.0,0.0,0.0,61.0,64.0,107.0,217.0,16.65,66.15,56.95,2.52,cloudflare
2026-09-16 13:28:02,Bac,FPT,13,2,0.0,0.0,0.0,0.0,57.0,42.0,140.0,54.0,32.34,23.39,103.75,10.24,linode_singapore
2026-09-16 13:31:26,Nam,VNPT,13,2,0.0,0.0,0.0,0.0,63.0,57.0,113.0,216.0,16.62,33.69,65.91,2.57,linode_singapore
2026-09-16 13:38:53,Bac,FPT,13,2,0.0,0.0,0.0,0.0,57.0,70.0,157.0,52.0,27.46,22.33,98.78,54.73,vultr_singapore
2026-09-16 13:42:23,Nam,VNPT,13,2,0.0,0.0,0.0,0.0,64.0,58.0,107.0,222.0,19.39,37.96,44.57,2.57,linode_singapore
2026-09-16 13:49:45,Bac,FPT,13,2,0.0,0.0,0.0,0.0,56.0,42.0,135.0,52.0,28.37,34.38,76.92,12.94,linode_singapore
2026-09-16 13:53:23,Nam,VNPT,13,2,0.0,0.0,0.0,0.0,62.0,59.0,109.0,215.0,16.29,46.58,15.09,2.59,linode_singapore
2026-09-16 14:00:44,Bac,FPT,14,2,0.0,0.0,0.0,0.0,57.0,42.0,142.0,55.0,23.94,27.23,92.61,10.15,linode_singapore
2026-09-16 14:04:23,Nam,VNPT,14,2,0.0,0.0,0.0,0.0,60.0,62.0,108.0,215.0,18.06,55.87,47.17,2.54,cloudflare
2026-09-16 14:11:40,Bac,FPT,14,2,0.0,0.0,0.0,0.0,56.0,47.0,133.0,59.0,27.26,33.51,147.51,72.94,linode_singapore
2026-09-16 14:15:23,Nam,VNPT,14,2,0.0,0.0,0.0,0.0,61.0,60.0,109.0,224.0,19.89,92.73,55.82,2.69,linode_singapore
2026-09-16 14:22:38,Bac,FPT,14,2,0.0,0.0,0.0,0.0,59.0,48.0,150.0,52.0,26.28,16.49,139.95,47.63,linode_singapore
2026-09-16 14:26:17,Nam,VNPT,14,2,0.0,0.0,0.0,0.0,64.0,58.0,109.0,214.0,16.97,98.35,57.68,2.68,linode_singapore
2026-09-16 14:33:27,Bac,FPT,14,2,0.0,0.0,0.0,0.0,56.0,93.0,137.0,53.0,31.49,24.36,134.55,10.68,vultr_singapore
2026-09-16 14:37:10,Nam,VNPT,14,2,0.0,0.0,0.0,0.0,61.0,58.0,107.0,214.0,19.49,85.27,103.68,2.63,linode_singapore
2026-09-16 14:44:17,Bac,FPT,14,2,0.0,0.0,0.0,0.0,106.0,42.0,201.0,52.0,29.32,26.81,92.02,11.54,linode_singapore
2026-09-16 14:47:57,Nam,VNPT,14,2,0.0,0.0,0.0,0.0,62.0,56.0,107.0,215.0,19.25,41.46,38.53,10.59,linode_singapore
2026-09-16 14:55:10,Bac,FPT,14,2,0.0,0.0,0.0,0.0,96.0,43.0,138.0,52.0,26.12,26.15,96.97,12.02,linode_singapore
2026-09-16 14:58:57,Nam,VNPT,14,2,0.0,0.0,0.0,0.0,61.0,56.0,108.0,230.0,17.66,86.49,103.16,2.7,linode_singapore
2026-09-16 15:06:06,Bac,FPT,15,2,0.0,0.0,0.0,0.0,57.0,95.0,139.0,58.0,28.42,28.27,59.45,13.01,cloudflare
2026-09-16 15:09:45,Nam,VNPT,15,2,0.0,0.0,0.0,0.0,60.0,58.0,111.0,215.0,18.5,97.81,108.06,2.64,linode_singapore
2026-09-16 15:17:08,Bac,FPT,15,2,0.0,0.0,0.0,0.0,57.0,54.0,141.0,55.0,27.74,27.81,147.1,10.49,linode_singapore
2026-09-16 15:20:31,Nam,VNPT,15,2,0.0,0.0,0.0,0.0,60.0,58.0,108.0,216.0,21.62,72.99,101.83,2.5,linode_singapore
2026-09-16 15:28:00,Bac,FPT,15,2,0.0,0.0,0.0,0.0,60.0,46.0,136.0,61.0,27.58,26.08,13.72,14.53,linode_singapore
2026-09-16 15:31:21,Nam,VNPT,15,2,0.0,0.0,0.0,0.0,63.0,58.0,111.0,215.0,16.15,75.41,96.69,2.61,linode_singapore
2026-09-16 15:38:59,Bac,FPT,15,2,0.0,0.0,0.0,0.0,62.0,43.0,141.0,78.0,31.18,24.46,151.01,26.49,linode_singapore
2026-09-16 15:42:11,Nam,VNPT,15,2,0.0,0.0,0.0,0.0,64.0,58.0,108.0,215.0,17.7,28.45,10.62,2.94,linode_singapore
2026-09-16 15:53:11,Nam,VNPT,15,2,0.0,0.0,0.0,0.0,60.0,57.0,109.0,214.0,20.51,54.23,25.15,2.43,linode_singapore
2026-09-16 16:04:11,Nam,VNPT,16,2,0.0,0.0,0.0,0.0,63.0,60.0,109.0,215.0,17.89,77.24,57.06,2.62,linode_singapore
2026-09-16 16:15:06,Nam,VNPT,16,2,0.0,0.0,0.0,0.0,64.0,57.0,108.0,215.0,22.7,69.69,66.66,2.72,linode_singapore
2026-09-16 16:26:01,Nam,VNPT,16,2,0.0,0.0,0.0,0.0,60.0,59.0,108.0,216.0,19.47,82.06,114.61,2.56,linode_singapore
2026-09-16 16:36:49,Nam,VNPT,16,2,0.0,0.0,0.0,0.0,66.0,57.0,109.0,215.0,16.64,68.95,108.79,2.6,linode_singapore
2026-09-16 17:53:21,Nam,VNPT,17,2,0.0,0.0,0.0,0.0,61.0,55.0,107.0,214.0,18.69,178.65,223.61,2.65,linode_singapore
2026-09-16 18:03:59,Nam,VNPT,18,2,0.0,0.0,0.0,0.0,62.0,59.0,108.0,213.0,13.88,94.26,208.3,2.63,linode_singapore
2026-09-16 18:14:41,Nam,VNPT,18,2,0.0,0.0,0.0,0.0,61.0,59.0,109.0,214.0,18.89,157.12,189.81,2.52,linode_singapore
2026-09-16 18:25:21,Nam,VNPT,18,2,0.0,0.0,0.0,0.0,62.0,58.0,108.0,214.0,17.13,128.04,201.65,2.45,linode_singapore
2026-09-16 18:36:01,Nam,VNPT,18,2,0.0,0.0,0.0,0.0,61.0,57.0,108.0,213.0,21.67,107.07,180.81,2.53,linode_singapore
2026-09-16 18:41:32,Bac,FPT,18,2,0.0,0.0,0.0,0.0,93.0,44.0,138.0,56.0,27.76,27.64,86.91,12.06,linode_singapore
2026-09-16 18:46:43,Nam,VNPT,18,2,0.0,0.0,0.0,0.0,60.0,55.0,107.0,214.0,18.64,184.45,138.7,2.64,linode_singapore
2026-09-16 18:52:33,Bac,FPT,18,2,0.0,0.0,0.0,0.0,66.0,49.0,136.0,53.0,26.69,22.08,66.34,13.52,linode_singapore
2026-09-16 18:57:23,Nam,VNPT,18,2,0.0,0.0,0.0,0.0,61.0,56.0,110.0,214.0,18.31,109.34,93.34,4.59,linode_singapore
2026-09-16 19:03:29,Bac,FPT,19,2,0.0,0.0,0.0,0.0,72.0,43.0,139.0,56.0,25.71,26.44,80.71,10.07,linode_singapore
2026-09-16 19:08:09,Nam,VNPT,19,2,0.0,0.0,0.0,0.0,61.0,56.0,108.0,214.0,19.08,80.43,208.57,6.52,linode_singapore
2026-09-16 19:14:27,Bac,FPT,19,2,0.0,0.0,0.0,0.0,63.0,42.0,137.0,57.0,23.21,27.56,78.15,11.38,linode_singapore
2026-09-16 19:18:53,Nam,VNPT,19,2,0.0,0.0,0.0,0.0,62.0,58.0,108.0,213.0,19.1,129.48,161.36,2.62,linode_singapore
2026-09-16 19:25:21,Bac,FPT,19,2,0.0,0.0,0.0,0.0,76.0,43.0,136.0,55.0,29.85,22.93,93.88,76.0,linode_singapore
2026-09-16 19:29:35,Nam,VNPT,19,2,0.0,0.0,0.0,0.0,61.0,57.0,109.0,218.0,19.54,140.95,176.11,2.66,linode_singapore
2026-09-16 19:36:14,Bac,FPT,19,2,0.0,0.0,0.0,0.0,72.0,43.0,155.0,57.0,23.07,27.89,99.76,12.33,linode_singapore
2026-09-16 19:40:18,Nam,VNPT,19,2,0.0,0.0,0.0,0.0,80.0,66.0,119.0,263.0,9.4,125.7,198.41,2.45,linode_singapore
2026-09-16 19:47:17,Bac,FPT,19,2,0.0,0.0,0.0,0.0,127.0,44.0,139.0,57.0,26.9,21.81,85.46,96.64,linode_singapore
2026-09-16 19:50:59,Nam,VNPT,19,2,0.0,0.0,0.0,0.0,73.0,57.0,108.0,215.0,18.78,4.54,115.92,2.55,linode_singapore
2026-09-16 19:58:20,Bac,FPT,19,2,0.0,0.0,0.0,0.0,73.0,80.0,139.0,104.0,24.19,22.99,119.9,11.18,cloudflare
2026-09-16 20:01:51,Nam,VNPT,20,2,0.0,0.0,0.0,0.0,74.0,73.0,110.0,216.0,18.06,21.94,110.38,2.64,linode_singapore
2026-09-16 20:09:10,Bac,FPT,20,2,0.0,0.0,0.0,0.0,63.0,42.0,180.0,65.0,29.38,25.65,138.7,11.96,linode_singapore
2026-09-16 20:12:44,Nam,VNPT,20,2,0.0,0.0,0.0,0.0,60.0,73.0,140.0,265.0,19.09,140.8,21.09,1.02,cloudflare
2026-09-16 20:20:08,Bac,FPT,20,2,0.0,0.0,0.0,0.0,62.0,53.0,140.0,59.0,29.78,26.54,99.87,12.04,linode_singapore
2026-09-16 20:23:34,Nam,VNPT,20,2,0.0,0.0,0.0,0.0,190.0,56.0,119.0,214.0,18.57,193.07,143.09,2.67,linode_singapore
2026-09-16 20:31:00,Bac,FPT,20,2,0.0,0.0,0.0,0.0,67.0,72.0,179.0,83.0,26.06,25.1,143.92,9.78,cloudflare
2026-09-16 20:34:15,Nam,VNPT,20,2,0.0,0.0,0.0,0.0,69.0,61.0,129.0,214.0,10.86,44.42,188.43,2.64,linode_singapore
2026-09-16 20:41:49,Bac,FPT,20,2,0.0,0.0,0.0,0.0,62.0,42.0,134.0,56.0,30.43,19.53,122.21,11.72,linode_singapore
2026-09-16 20:45:05,Nam,VNPT,20,2,0.0,0.0,0.0,0.0,62.0,57.0,150.0,223.0,10.59,118.15,98.54,1.65,linode_singapore
2026-09-16 20:52:40,Bac,FPT,20,2,0.0,0.0,0.0,0.0,61.0,42.0,134.0,57.0,28.49,25.45,15.44,10.07,linode_singapore
2026-09-16 20:55:51,Nam,VNPT,20,2,0.0,0.0,0.0,0.0,64.0,60.0,144.0,222.0,20.08,20.34,201.11,0.48,linode_singapore
2026-09-16 21:03:38,Bac,FPT,21,2,0.0,0.0,0.0,0.0,71.0,42.0,135.0,58.0,25.46,20.79,84.06,9.45,linode_singapore
2026-09-16 21:06:44,Nam,VNPT,21,2,0.0,0.0,0.0,0.0,65.0,58.0,108.0,215.0,19.01,108.49,199.4,2.67,linode_singapore
2026-09-16 21:14:32,Bac,FPT,21,2,0.0,0.0,0.0,0.0,60.0,63.0,140.0,65.0,29.17,27.89,107.81,11.89,cloudflare
2026-09-16 21:17:25,Nam,VNPT,21,2,0.0,0.0,0.0,0.0,60.0,57.0,108.0,215.0,22.17,157.7,195.59,2.49,linode_singapore
2026-09-16 21:25:31,Bac,FPT,21,2,0.0,0.0,0.0,0.0,63.0,43.0,139.0,55.0,28.7,25.57,144.79,10.17,linode_singapore
2026-09-16 21:28:05,Nam,VNPT,21,2,0.0,0.0,0.0,0.0,61.0,55.0,108.0,214.0,20.12,137.65,200.95,2.75,linode_singapore
2026-09-16 21:36:20,Bac,FPT,21,2,0.0,0.0,0.0,0.0,58.0,44.0,135.0,102.0,28.93,25.76,101.14,9.56,linode_singapore
2026-09-16 21:38:45,Nam,VNPT,21,2,0.0,0.0,0.0,0.0,60.0,60.0,109.0,214.0,19.43,164.11,216.71,2.58,cloudflare
2026-09-16 21:47:12,Bac,FPT,21,2,0.0,0.0,0.0,0.0,62.0,47.0,142.0,53.0,28.48,21.87,109.29,11.59,linode_singapore
2026-09-16 21:58:03,Bac,FPT,21,2,0.0,0.0,0.0,0.0,58.0,45.0,136.0,58.0,29.27,29.27,128.56,9.88,linode_singapore
2026-09-16 22:08:53,Bac,FPT,22,2,0.0,0.0,0.0,0.0,60.0,43.0,133.0,57.0,27.31,23.4,145.5,84.88,linode_singapore
2026-09-16 22:19:37,Bac,FPT,22,2,0.0,0.0,0.0,0.0,62.0,42.0,141.0,53.0,28.53,22.42,120.91,9.31,linode_singapore
2026-09-16 22:30:28,Bac,FPT,22,2,0.0,0.0,0.0,0.0,59.0,43.0,137.0,55.0,31.51,16.64,138.16,9.69,linode_singapore
2026-09-16 22:32:23,Trung,Viettel,22,2,0.0,0.0,0.0,0.0,48.0,44.0,227.0,46.0,37.32,105.1,105.53,13.39,linode_singapore
2026-09-16 22:36:13,Nam,VNPT,22,2,0.0,0.0,0.0,0.0,61.0,57.0,129.0,215.0,20.22,237.3,202.94,17.22,linode_singapore
2026-09-16 22:41:17,Bac,FPT,22,2,0.0,0.0,0.0,0.0,65.0,42.0,131.0,55.0,32.52,21.86,71.07,13.87,linode_singapore
2026-09-16 22:43:09,Trung,Viettel,22,2,0.0,0.0,0.0,0.0,36.0,55.0,231.0,36.0,34.37,113.47,98.77,13.99,cloudflare
2026-09-16 22:46:51,Nam,VNPT,22,2,0.0,0.0,0.0,0.0,63.0,59.0,170.0,253.0,20.24,129.79,213.56,2.69,linode_singapore
2026-09-16 22:52:12,Bac,FPT,22,2,0.0,0.0,0.0,0.0,60.0,42.0,134.0,55.0,29.5,28.21,111.22,10.38,linode_singapore
2026-09-16 22:53:54,Trung,Viettel,22,2,0.0,0.0,0.0,0.0,38.0,45.0,226.0,36.0,33.12,93.05,123.31,15.35,vultr_singapore
2026-09-16 22:57:32,Nam,VNPT,22,2,0.0,0.0,0.0,0.0,62.0,57.0,119.0,237.0,19.32,307.08,218.13,2.83,linode_singapore
2026-09-16 23:03:03,Bac,FPT,23,2,0.0,0.0,0.0,0.0,59.0,42.0,133.0,56.0,30.87,25.1,122.11,11.73,linode_singapore
2026-09-16 23:04:40,Trung,Viettel,23,2,0.0,0.0,0.0,0.0,68.0,47.0,247.0,64.0,25.96,25.41,73.2,12.7,linode_singapore
2026-09-16 23:08:08,Nam,VNPT,23,2,0.0,0.0,0.0,0.0,63.0,57.0,128.0,292.0,19.97,174.85,32.14,2.93,linode_singapore
2026-09-16 23:13:53,Bac,FPT,23,2,0.0,0.0,0.0,0.0,60.0,43.0,133.0,58.0,31.07,40.98,122.72,14.82,linode_singapore
2026-09-16 23:15:39,Trung,Viettel,23,2,0.0,0.0,0.0,0.0,55.0,46.0,225.0,55.0,33.78,77.81,2.39,14.84,linode_singapore
2026-09-16 23:18:59,Nam,VNPT,23,2,0.0,0.0,0.0,0.0,61.0,57.0,113.0,243.0,17.34,121.63,127.65,2.83,linode_singapore
2026-09-16 23:24:43,Bac,FPT,23,2,0.0,0.0,0.0,0.0,59.0,44.0,153.0,62.0,29.79,25.77,87.38,9.86,linode_singapore
2026-09-16 23:26:36,Trung,Viettel,23,2,0.0,0.0,0.0,0.0,56.0,48.0,227.0,47.0,23.23,76.46,126.14,13.59,vultr_singapore
2026-09-16 23:29:42,Nam,VNPT,23,2,0.0,0.0,0.0,0.0,62.0,58.0,140.0,248.0,18.25,214.33,205.08,2.79,linode_singapore
2026-09-16 23:35:37,Bac,FPT,23,2,0.0,0.0,0.0,0.0,264.0,43.0,139.0,63.0,22.93,20.04,152.82,11.52,linode_singapore
2026-09-16 23:37:23,Trung,Viettel,23,2,0.0,0.0,0.0,0.0,46.0,42.0,226.0,37.0,15.63,87.1,112.53,17.97,vultr_singapore
2026-09-16 23:40:21,Nam,VNPT,23,2,0.0,0.0,0.0,0.0,61.0,60.0,170.0,293.0,17.5,174.76,193.29,2.93,linode_singapore
2026-09-16 23:46:30,Bac,FPT,23,2,0.0,0.0,0.0,0.0,63.0,65.0,136.0,56.0,29.95,26.25,59.77,10.86,vultr_singapore
2026-09-16 23:48:09,Trung,Viettel,23,2,0.0,0.0,0.0,0.0,54.0,46.0,230.0,47.0,26.64,86.66,121.02,29.38,linode_singapore
2026-09-16 23:51:00,Nam,VNPT,23,2,0.0,0.0,0.0,0.0,61.0,58.0,138.0,261.0,19.84,301.97,198.89,2.9,linode_singapore
2026-09-16 23:57:27,Bac,FPT,23,2,0.0,0.0,0.0,0.0,59.0,62.0,137.0,58.0,28.58,26.59,140.69,9.85,vultr_singapore
2026-09-16 23:58:59,Trung,Viettel,23,2,0.0,0.0,0.0,0.0,46.0,80.0,224.0,37.0,36.44,81.29,51.0,23.45,vultr_singapore
2026-09-17 00:01:38,Nam,VNPT,0,3,0.0,0.0,0.0,0.0,64.0,58.0,123.0,294.0,18.58,124.32,199.34,2.97,linode_singapore
2026-09-17 00:08:17,Bac,FPT,0,3,0.0,0.0,0.0,0.0,60.0,44.0,134.0,59.0,31.16,20.86,155.46,13.43,linode_singapore
2026-09-17 00:09:55,Trung,Viettel,0,3,0.0,0.0,0.0,0.0,46.0,43.0,225.0,35.0,26.87,84.94,108.22,13.69,vultr_singapore
2026-09-17 00:12:19,Nam,VNPT,0,3,0.0,0.0,0.0,0.0,62.0,58.0,144.0,295.0,19.29,190.41,189.21,3.17,linode_singapore
2026-09-17 00:19:06,Bac,FPT,0,3,0.0,0.0,0.0,0.0,57.0,42.0,131.0,58.0,29.4,28.99,83.24,37.07,linode_singapore
2026-09-17 00:20:45,Trung,Viettel,0,3,0.0,0.0,0.0,0.0,46.0,42.0,226.0,37.0,26.31,82.03,2.34,18.2,vultr_singapore
2026-09-17 00:22:59,Nam,VNPT,0,3,0.0,0.0,0.0,0.0,62.0,57.0,107.0,216.0,23.59,115.46,218.17,2.64,linode_singapore
2026-09-17 00:30:00,Bac,FPT,0,3,0.0,0.0,0.0,0.0,60.0,49.0,133.0,57.0,31.19,26.19,147.66,55.67,linode_singapore
2026-09-17 00:31:40,Trung,Viettel,0,3,0.0,0.0,0.0,0.0,57.0,52.0,226.0,47.0,32.52,90.83,118.51,12.95,vultr_singapore
2026-09-17 00:33:39,Nam,VNPT,0,3,0.0,0.0,0.0,0.0,61.0,57.0,108.0,216.0,20.61,121.15,49.22,41.61,linode_singapore
2026-09-17 00:40:49,Bac,FPT,0,3,0.0,0.0,0.0,0.0,58.0,43.0,137.0,58.0,28.96,29.39,142.26,12.77,linode_singapore
2026-09-17 00:42:26,Trung,Viettel,0,3,0.0,0.0,0.0,0.0,56.0,53.0,232.0,47.0,36.97,61.47,96.44,43.91,vultr_singapore
2026-09-17 00:44:31,Nam,VNPT,0,3,0.0,0.0,0.0,0.0,61.0,57.0,107.0,216.0,18.34,181.7,202.08,2.52,linode_singapore
2026-09-17 00:51:42,Bac,FPT,0,3,0.0,0.0,0.0,0.0,60.0,40.0,138.0,68.0,30.66,26.66,132.01,12.19,linode_singapore
2026-09-17 00:53:18,Trung,Viettel,0,3,0.0,0.0,0.0,0.0,46.0,43.0,229.0,47.0,26.39,100.41,127.43,14.14,linode_singapore
2026-09-17 00:55:09,Nam,VNPT,0,3,0.0,0.0,0.0,0.0,65.0,57.0,106.0,216.0,20.73,261.43,234.84,2.52,linode_singapore
2026-09-17 01:02:32,Bac,FPT,1,3,0.0,0.0,0.0,0.0,60.0,43.0,134.0,59.0,29.76,26.52,156.82,11.94,linode_singapore
2026-09-17 01:04:02,Trung,Viettel,1,3,0.0,0.0,0.0,0.0,58.0,53.0,226.0,46.0,27.89,73.23,127.62,14.71,vultr_singapore
2026-09-17 01:05:46,Nam,VNPT,1,3,0.0,0.0,0.0,0.0,62.0,56.0,106.0,216.0,20.74,110.94,65.41,2.59,linode_singapore
2026-09-17 01:13:21,Bac,FPT,1,3,0.0,0.0,0.0,0.0,60.0,42.0,136.0,59.0,32.02,26.49,158.91,79.73,linode_singapore
2026-09-17 01:14:50,Trung,Viettel,1,3,0.0,0.0,0.0,0.0,48.0,55.0,227.0,36.0,32.28,82.3,2.64,41.25,vultr_singapore
2026-09-17 01:16:36,Nam,VNPT,1,3,0.0,0.0,0.0,0.0,60.0,58.0,104.0,216.0,20.19,124.83,151.33,2.61,linode_singapore
2026-09-17 01:24:05,Bac,FPT,1,3,0.0,0.0,0.0,0.0,58.0,44.0,138.0,56.0,31.91,23.51,149.31,12.98,linode_singapore
2026-09-17 01:25:44,Trung,Viettel,1,3,0.0,0.0,0.0,0.0,46.0,50.0,232.0,36.0,34.84,80.14,120.0,36.97,vultr_singapore
2026-09-17 01:27:18,Nam,VNPT,1,3,0.0,0.0,0.0,0.0,60.0,57.0,102.0,215.0,19.88,251.06,76.64,2.53,linode_singapore
2026-09-17 01:34:54,Bac,FPT,1,3,0.0,0.0,0.0,0.0,112.0,46.0,133.0,57.0,29.06,24.48,85.5,10.4,linode_singapore
2026-09-17 01:36:32,Trung,Viettel,1,3,0.0,0.0,0.0,0.0,55.0,44.0,229.0,47.0,28.65,69.41,120.98,15.65,linode_singapore
2026-09-17 01:38:02,Nam,VNPT,1,3,0.0,0.0,0.0,0.0,60.0,58.0,103.0,216.0,21.24,108.48,198.92,2.66,linode_singapore
2026-09-17 01:45:47,Bac,FPT,1,3,0.0,0.0,0.0,0.0,58.0,40.0,135.0,57.0,33.17,22.3,122.52,20.78,linode_singapore
2026-09-17 01:47:19,Trung,Viettel,1,3,0.0,0.0,0.0,0.0,56.0,50.0,222.0,48.0,28.41,75.4,124.75,14.97,vultr_singapore
2026-09-17 01:48:44,Nam,VNPT,1,3,0.0,0.0,0.0,0.0,62.0,56.0,103.0,216.0,20.18,119.89,215.69,2.73,linode_singapore
2026-09-17 01:56:37,Bac,FPT,1,3,0.0,0.0,0.0,0.0,57.0,43.0,132.0,59.0,31.03,26.22,75.14,12.83,linode_singapore
2026-09-17 01:58:08,Trung,Viettel,1,3,0.0,0.0,0.0,0.0,55.0,45.0,232.0,48.0,24.75,105.9,58.66,13.2,linode_singapore
2026-09-17 01:59:24,Nam,VNPT,1,3,0.0,0.0,0.0,0.0,62.0,57.0,102.0,219.0,23.27,101.68,44.73,2.6,linode_singapore
2026-09-17 02:07:32,Bac,FPT,2,3,0.0,0.0,0.0,0.0,56.0,40.0,137.0,59.0,28.94,28.03,64.18,12.48,linode_singapore
2026-09-17 02:09:00,Trung,Viettel,2,3,0.0,0.0,0.0,0.0,60.0,44.0,240.0,52.0,31.96,85.44,102.68,12.71,linode_singapore
2026-09-17 02:10:17,Nam,VNPT,2,3,0.0,0.0,0.0,0.0,61.0,57.0,102.0,216.0,24.57,174.18,209.32,16.0,linode_singapore
2026-09-17 02:19:49,Trung,Viettel,2,3,0.0,0.0,0.0,0.0,56.0,47.0,227.0,48.0,27.61,82.53,96.27,18.61,linode_singapore
2026-09-17 02:20:56,Nam,VNPT,2,3,0.0,0.0,0.0,0.0,61.0,56.0,103.0,215.0,19.51,160.99,202.66,2.63,linode_singapore
2026-09-17 02:30:38,Trung,Viettel,2,3,0.0,0.0,0.0,0.0,51.0,51.0,230.0,48.0,25.98,94.87,101.96,12.91,vultr_singapore
2026-09-17 02:31:35,Nam,VNPT,2,3,0.0,0.0,0.0,0.0,60.0,56.0,102.0,215.0,20.27,140.85,110.62,2.52,linode_singapore
2026-09-17 02:41:26,Trung,Viettel,2,3,0.0,0.0,0.0,0.0,46.0,51.0,231.0,37.0,27.32,72.8,127.32,14.72,vultr_singapore
2026-09-17 02:42:19,Nam,VNPT,2,3,0.0,0.0,0.0,0.0,61.0,57.0,103.0,214.0,20.28,155.2,209.37,2.58,linode_singapore
2026-09-17 02:52:13,Trung,Viettel,2,3,0.0,0.0,0.0,0.0,83.0,43.0,227.0,47.0,27.15,102.67,114.31,15.55,linode_singapore
2026-09-17 02:52:58,Nam,VNPT,2,3,0.0,0.0,0.0,0.0,61.0,57.0,103.0,216.0,17.55,158.42,223.07,2.59,linode_singapore
2026-09-17 03:02:59,Trung,Viettel,3,3,0.0,0.0,0.0,0.0,55.0,49.0,230.0,47.0,36.49,86.79,85.9,15.91,vultr_singapore
2026-09-17 03:03:37,Nam,VNPT,3,3,0.0,0.0,0.0,0.0,60.0,57.0,103.0,225.0,25.34,132.8,185.97,2.66,linode_singapore
2026-09-17 03:13:47,Trung,Viettel,3,3,0.0,0.0,0.0,0.0,55.0,48.0,224.0,49.0,29.59,72.93,102.05,39.38,linode_singapore
2026-09-17 03:14:17,Nam,VNPT,3,3,0.0,0.0,0.0,0.0,62.0,57.0,103.0,227.0,21.74,283.94,147.32,2.49,linode_singapore
2026-09-17 03:24:35,Trung,Viettel,3,3,0.0,0.0,0.0,0.0,55.0,52.0,224.0,48.0,36.18,77.42,125.28,28.69,vultr_singapore
2026-09-17 03:24:55,Nam,VNPT,3,3,0.0,0.0,0.0,0.0,60.0,56.0,102.0,224.0,19.88,163.32,192.54,2.51,linode_singapore
2026-09-17 03:35:23,Trung,Viettel,3,3,0.0,0.0,0.0,0.0,55.0,55.0,226.0,48.0,27.67,79.22,116.82,13.94,vultr_singapore
2026-09-17 03:35:35,Nam,VNPT,3,3,0.0,0.0,0.0,0.0,63.0,56.0,102.0,216.0,21.38,129.36,216.38,2.57,linode_singapore
2026-09-17 03:46:09,Trung,Viettel,3,3,0.0,0.0,0.0,0.0,57.0,53.0,226.0,47.0,30.18,84.19,110.0,72.67,vultr_singapore
2026-09-17 03:46:15,Nam,VNPT,3,3,0.0,0.0,0.0,0.0,61.0,57.0,103.0,216.0,23.6,193.59,218.38,2.71,linode_singapore
2026-09-17 03:56:52,Nam,VNPT,3,3,0.0,0.0,0.0,0.0,61.0,57.0,102.0,216.0,18.75,290.83,14.74,2.56,linode_singapore
2026-09-17 03:56:52,Trung,Viettel,3,3,0.0,0.0,0.0,0.0,48.0,46.0,289.0,38.0,31.41,81.23,80.35,48.6,vultr_singapore
2026-09-17 04:07:40,Nam,VNPT,4,3,0.0,0.0,0.0,0.0,61.0,56.0,103.0,215.0,25.39,180.94,215.66,2.51,linode_singapore
2026-09-17 04:07:42,Trung,Viettel,4,3,0.0,0.0,0.0,0.0,57.0,46.0,230.0,57.0,28.25,45.58,69.4,19.4,linode_singapore
2026-09-17 04:18:18,Nam,VNPT,4,3,0.0,0.0,0.0,0.0,61.0,55.0,104.0,217.0,23.69,229.64,112.73,6.63,linode_singapore
2026-09-17 04:18:41,Trung,Viettel,4,3,0.0,0.0,0.0,0.0,57.0,57.0,224.0,47.0,27.65,103.39,42.75,18.83,vultr_singapore
2026-09-17 04:28:59,Nam,VNPT,4,3,0.0,0.0,0.0,0.0,62.0,57.0,102.0,217.0,20.51,222.16,215.22,2.69,linode_singapore
2026-09-17 04:29:37,Trung,Viettel,4,3,0.0,0.0,0.0,0.0,57.0,45.0,232.0,47.0,31.58,72.0,18.01,13.07,linode_singapore
2026-09-17 04:39:36,Nam,VNPT,4,3,0.0,0.0,0.0,0.0,61.0,56.0,101.0,214.0,20.45,173.85,196.18,2.67,linode_singapore
2026-09-17 04:40:34,Trung,Viettel,4,3,0.0,0.0,0.0,0.0,55.0,53.0,236.0,48.0,33.1,106.52,127.52,13.94,vultr_singapore
2026-09-17 04:50:15,Nam,VNPT,4,3,0.0,0.0,0.0,0.0,64.0,57.0,103.0,216.0,19.24,131.07,112.91,2.66,linode_singapore
2026-09-17 04:51:18,Trung,Viettel,4,3,0.0,0.0,0.0,0.0,54.0,52.0,232.0,47.0,34.74,80.65,59.2,36.86,vultr_singapore
2026-09-17 05:00:59,Nam,VNPT,5,3,0.0,0.0,0.0,0.0,60.0,58.0,104.0,217.0,21.78,112.5,82.74,2.57,linode_singapore
2026-09-17 05:02:12,Trung,Viettel,5,3,0.0,0.0,0.0,0.0,55.0,45.0,227.0,48.0,33.29,79.45,107.47,13.43,linode_singapore
2026-09-17 05:11:46,Nam,VNPT,5,3,0.0,0.0,0.0,0.0,61.0,57.0,103.0,215.0,21.34,200.55,212.56,16.85,linode_singapore
2026-09-17 05:13:00,Trung,Viettel,5,3,0.0,0.0,0.0,0.0,56.0,55.0,230.0,47.0,28.3,94.9,129.53,18.38,vultr_singapore
2026-09-17 05:22:24,Nam,VNPT,5,3,0.0,0.0,0.0,0.0,61.0,56.0,102.0,216.0,20.17,307.18,187.45,2.56,linode_singapore
2026-09-17 05:23:46,Trung,Viettel,5,3,0.0,0.0,0.0,0.0,48.0,42.0,230.0,37.0,34.34,98.31,135.58,17.51,vultr_singapore
2026-09-17 05:33:01,Nam,VNPT,5,3,0.0,0.0,0.0,0.0,60.0,58.0,102.0,215.0,22.7,229.31,101.03,2.57,linode_singapore
2026-09-17 05:34:32,Trung,Viettel,5,3,0.0,0.0,0.0,0.0,55.0,57.0,237.0,47.0,26.87,75.07,111.75,60.06,vultr_singapore
2026-09-17 05:43:42,Nam,VNPT,5,3,0.0,0.0,0.0,0.0,60.0,56.0,279.0,215.0,20.0,141.82,1.69,5.3,linode_singapore
2026-09-17 05:45:20,Trung,Viettel,5,3,0.0,0.0,0.0,0.0,55.0,54.0,235.0,47.0,26.02,108.1,133.68,14.81,vultr_singapore
2026-09-17 05:54:33,Nam,VNPT,5,3,0.0,0.0,0.0,0.0,60.0,57.0,104.0,216.0,22.86,228.9,173.96,6.37,linode_singapore
2026-09-17 05:56:05,Trung,Viettel,5,3,0.0,0.0,0.0,0.0,56.0,49.0,227.0,47.0,31.46,72.63,20.5,15.49,vultr_singapore
2026-09-17 06:05:11,Nam,VNPT,6,3,0.0,0.0,0.0,0.0,61.0,58.0,109.0,219.0,20.32,105.46,198.41,2.61,linode_singapore
2026-09-17 06:07:05,Trung,Viettel,6,3,0.0,0.0,0.0,0.0,55.0,54.0,245.0,47.0,36.67,86.7,116.87,12.79,vultr_singapore
2026-09-17 06:15:53,Nam,VNPT,6,3,0.0,0.0,0.0,0.0,61.0,56.0,105.0,214.0,20.0,130.31,152.8,2.48,linode_singapore
2026-09-17 06:17:51,Trung,Viettel,6,3,0.0,0.0,0.0,0.0,57.0,58.0,225.0,47.0,33.71,92.81,86.69,46.93,vultr_singapore
2026-09-17 06:26:35,Nam,VNPT,6,3,0.0,0.0,0.0,0.0,60.0,57.0,108.0,216.0,19.72,125.85,63.01,2.68,linode_singapore
2026-09-17 06:28:39,Trung,Viettel,6,3,0.0,0.0,0.0,0.0,56.0,51.0,232.0,48.0,29.19,66.63,128.87,92.45,vultr_singapore
2026-09-17 06:37:24,Nam,VNPT,6,3,0.0,0.0,0.0,0.0,62.0,56.0,104.0,218.0,20.87,163.13,185.3,2.77,linode_singapore
2026-09-17 06:39:22,Trung,Viettel,6,3,0.0,0.0,0.0,0.0,46.0,50.0,225.0,38.0,27.45,93.05,42.44,13.28,vultr_singapore
2026-09-17 06:50:16,Trung,Viettel,6,3,0.0,0.0,0.0,0.0,54.0,50.0,224.0,47.0,36.38,72.88,129.61,32.46,vultr_singapore
2026-09-17 07:01:02,Trung,Viettel,7,3,0.0,0.0,0.0,0.0,55.0,44.0,222.0,47.0,27.3,84.69,95.87,18.45,linode_singapore
2026-09-17 07:11:50,Trung,Viettel,7,3,0.0,0.0,0.0,0.0,40.0,37.0,230.0,36.0,31.52,111.15,69.14,13.86,vultr_singapore
2026-09-17 07:22:41,Trung,Viettel,7,3,0.0,0.0,0.0,0.0,45.0,44.0,236.0,36.0,29.2,103.93,113.09,89.58,vultr_singapore
2026-09-17 07:33:22,Trung,Viettel,7,3,0.0,0.0,0.0,0.0,50.0,52.0,231.0,47.0,27.43,113.03,101.82,17.3,vultr_singapore
2026-09-17 07:44:08,Trung,Viettel,7,3,0.0,0.0,0.0,0.0,54.0,43.0,227.0,48.0,33.13,81.33,108.21,20.86,linode_singapore
2026-09-17 07:54:54,Trung,Viettel,7,3,0.0,0.0,0.0,0.0,55.0,48.0,253.0,47.0,30.53,77.63,59.19,18.36,vultr_singapore
2026-09-17 08:05:49,Trung,Viettel,8,3,0.0,0.0,0.0,0.0,57.0,54.0,239.0,51.0,22.2,69.28,69.47,17.6,vultr_singapore
2026-09-17 08:16:42,Trung,Viettel,8,3,0.0,0.0,0.0,0.0,47.0,55.0,231.0,38.0,30.64,71.96,109.28,43.75,vultr_singapore
2026-09-17 08:26:20,Nam,VNPT,8,3,0.0,0.0,0.0,0.0,63.0,56.0,107.0,222.0,19.52,112.39,24.97,2.81,linode_singapore
2026-09-17 08:27:30,Trung,Viettel,8,3,0.0,0.0,0.0,0.0,45.0,47.0,226.0,36.0,14.97,69.45,127.92,20.24,vultr_singapore
2026-09-17 08:37:12,Nam,VNPT,8,3,0.0,0.0,0.0,0.0,62.0,59.0,118.0,214.0,23.5,103.82,71.35,2.64,linode_singapore
2026-09-17 08:38:19,Trung,Viettel,8,3,0.0,0.0,0.0,0.0,53.0,51.0,238.0,48.0,23.44,88.82,113.65,14.83,vultr_singapore
2026-09-17 08:48:02,Nam,VNPT,8,3,0.0,0.0,0.0,0.0,63.0,57.0,112.0,215.0,19.43,117.53,7.73,2.76,linode_singapore
2026-09-17 08:49:04,Trung,Viettel,8,3,0.0,0.0,0.0,0.0,55.0,48.0,234.0,47.0,33.2,82.86,124.15,14.4,vultr_singapore
2026-09-17 08:58:54,Nam,VNPT,8,3,0.0,0.0,0.0,0.0,64.0,56.0,103.0,220.0,17.72,78.84,76.15,2.69,linode_singapore
2026-09-17 08:59:51,Trung,Viettel,8,3,0.0,0.0,0.0,0.0,49.0,36.0,226.0,45.0,32.6,74.5,6.29,14.23,linode_singapore
2026-09-17 09:09:46,Nam,VNPT,9,3,0.0,0.0,0.0,0.0,66.0,58.0,108.0,216.0,20.9,93.49,109.01,2.63,linode_singapore
2026-09-17 09:10:51,Trung,Viettel,9,3,0.0,0.0,0.0,0.0,45.0,50.0,233.0,38.0,33.62,116.66,96.96,29.55,vultr_singapore
2026-09-17 09:20:32,Nam,VNPT,9,3,0.0,0.0,0.0,0.0,63.0,57.0,105.0,216.0,19.59,83.51,57.26,2.46,linode_singapore
2026-09-17 09:21:35,Trung,Viettel,9,3,0.0,0.0,0.0,0.0,55.0,52.0,230.0,48.0,33.51,80.05,2.44,14.58,vultr_singapore
2026-09-17 09:31:27,Nam,VNPT,9,3,0.0,0.0,0.0,0.0,63.0,58.0,112.0,216.0,19.45,53.83,5.05,2.72,linode_singapore
2026-09-17 09:32:30,Trung,Viettel,9,3,0.0,0.0,0.0,0.0,55.0,55.0,230.0,47.0,26.83,91.14,66.33,51.58,vultr_singapore
2026-09-17 09:42:27,Nam,VNPT,9,3,0.0,0.0,0.0,0.0,62.0,56.0,108.0,215.0,19.33,33.34,49.97,2.65,linode_singapore
2026-09-17 09:43:22,Trung,Viettel,9,3,0.0,0.0,0.0,0.0,55.0,57.0,234.0,48.0,22.15,67.7,125.01,19.23,vultr_singapore
2026-09-17 09:53:28,Nam,VNPT,9,3,0.0,0.0,0.0,0.0,61.0,56.0,104.0,214.0,16.28,51.24,93.32,2.51,linode_singapore
2026-09-17 09:54:11,Trung,Viettel,9,3,0.0,0.0,0.0,0.0,57.0,55.0,232.0,47.0,19.83,79.0,19.51,65.01,vultr_singapore
2026-09-17 10:04:22,Nam,VNPT,10,3,0.0,0.0,0.0,0.0,64.0,58.0,104.0,218.0,23.53,107.33,67.32,2.53,linode_singapore
2026-09-17 10:05:04,Trung,Viettel,10,3,0.0,0.0,0.0,0.0,56.0,51.0,231.0,47.0,32.55,76.14,59.82,15.67,vultr_singapore
2026-09-17 10:15:12,Nam,VNPT,10,3,0.0,0.0,0.0,0.0,65.0,58.0,107.0,216.0,21.16,77.59,32.63,4.66,linode_singapore
2026-09-17 10:16:00,Trung,Viettel,10,3,0.0,0.0,0.0,0.0,48.0,47.0,232.0,52.0,29.36,83.75,97.99,12.91,linode_singapore
2026-09-17 10:26:08,Nam,VNPT,10,3,0.0,0.0,0.0,0.0,64.0,58.0,106.0,216.0,20.16,85.3,105.05,2.46,linode_singapore
2026-09-17 10:26:48,Trung,Viettel,10,3,0.0,0.0,0.0,0.0,49.0,52.0,231.0,38.0,34.8,66.63,70.26,15.53,vultr_singapore
2026-09-17 10:36:55,Nam,VNPT,10,3,0.0,0.0,0.0,0.0,64.0,58.0,105.0,215.0,20.14,85.4,106.3,2.71,linode_singapore
2026-09-17 10:37:41,Trung,Viettel,10,3,0.0,0.0,0.0,0.0,51.0,43.0,269.0,44.0,31.71,97.88,138.44,18.7,linode_singapore
2026-09-17 10:47:43,Nam,VNPT,10,3,0.0,0.0,0.0,0.0,61.0,59.0,105.0,216.0,22.07,101.42,81.0,2.89,linode_singapore
2026-09-17 10:48:24,Trung,Viettel,10,3,0.0,0.0,0.0,0.0,53.0,45.0,229.0,48.0,30.76,78.63,108.87,60.51,linode_singapore
2026-09-17 10:58:31,Nam,VNPT,10,3,0.0,0.0,0.0,0.0,64.0,88.0,109.0,217.0,16.74,82.28,37.63,2.68,cloudflare
2026-09-17 10:59:11,Trung,Viettel,10,3,0.0,0.0,0.0,0.0,56.0,53.0,231.0,44.0,30.57,89.46,90.12,14.53,vultr_singapore
2026-09-17 11:08:55,Bac,FPT,11,3,0.0,0.0,0.0,0.0,61.0,41.0,131.0,55.0,30.8,23.22,87.12,12.07,linode_singapore
2026-09-17 11:09:26,Nam,VNPT,11,3,0.0,0.0,0.0,0.0,60.0,58.0,104.0,216.0,19.72,93.74,95.01,2.53,linode_singapore
2026-09-17 11:19:48,Bac,FPT,11,3,0.0,0.0,0.0,0.0,59.0,40.0,137.0,54.0,35.37,31.92,143.72,10.5,linode_singapore
2026-09-17 11:20:14,Nam,VNPT,11,3,0.0,0.0,0.0,0.0,65.0,59.0,106.0,216.0,22.7,63.62,26.33,4.27,linode_singapore
2026-09-17 11:30:37,Bac,FPT,11,3,0.0,0.0,0.0,0.0,58.0,41.0,132.0,54.0,30.02,25.08,3.87,18.15,linode_singapore
2026-09-17 11:31:11,Nam,VNPT,11,3,0.0,0.0,0.0,0.0,60.0,62.0,107.0,215.0,20.92,105.63,111.43,2.49,cloudflare
2026-09-17 11:41:36,Bac,FPT,11,3,0.0,0.0,0.0,0.0,58.0,41.0,134.0,55.0,30.62,27.22,71.76,7.94,linode_singapore
2026-09-17 11:41:56,Nam,VNPT,11,3,0.0,0.0,0.0,0.0,60.0,57.0,105.0,217.0,21.2,61.24,72.9,2.56,linode_singapore
2026-09-17 11:52:31,Bac,FPT,11,3,0.0,0.0,0.0,0.0,60.0,43.0,133.0,57.0,26.57,25.38,137.1,9.41,linode_singapore
2026-09-17 11:52:51,Nam,VNPT,11,3,0.0,0.0,0.0,0.0,61.0,61.0,106.0,224.0,19.65,2.92,52.46,0.78,cloudflare
2026-09-17 12:03:20,Bac,FPT,12,3,0.0,0.0,0.0,0.0,58.0,42.0,135.0,59.0,30.26,26.19,75.21,10.67,linode_singapore
2026-09-17 12:03:59,Nam,VNPT,12,3,0.0,0.0,0.0,0.0,68.0,58.0,107.0,226.0,17.15,104.53,14.85,0.05,linode_singapore
2026-09-17 12:14:15,Bac,FPT,12,3,0.0,0.0,0.0,0.0,58.0,41.0,133.0,53.0,31.58,27.31,57.23,82.46,linode_singapore
2026-09-17 12:14:55,Nam,VNPT,12,3,0.0,0.0,0.0,0.0,61.0,60.0,106.0,229.0,15.93,95.16,104.42,0.52,linode_singapore
2026-09-17 12:25:08,Bac,FPT,12,3,0.0,0.0,0.0,0.0,77.0,100.0,158.0,70.0,30.03,25.04,100.69,10.04,vultr_singapore
2026-09-17 12:25:42,Nam,VNPT,12,3,0.0,0.0,0.0,0.0,61.0,58.0,109.0,224.0,19.81,96.11,27.74,0.74,linode_singapore
2026-09-17 12:36:08,Bac,FPT,12,3,0.0,0.0,0.0,0.0,58.0,62.0,141.0,55.0,27.59,27.95,166.4,20.11,vultr_singapore
2026-09-17 12:36:36,Nam,VNPT,12,3,0.0,0.0,0.0,0.0,62.0,59.0,106.0,224.0,22.72,51.18,36.18,0.89,linode_singapore
2026-09-17 12:46:56,Bac,FPT,12,3,0.0,0.0,0.0,0.0,162.0,42.0,133.0,58.0,30.04,27.52,97.73,12.47,linode_singapore
2026-09-17 12:47:39,Nam,VNPT,12,3,0.0,0.0,0.0,0.0,62.0,58.0,104.0,224.0,19.03,90.37,13.93,1.27,linode_singapore
2026-09-17 12:58:33,Nam,VNPT,12,3,0.0,0.0,0.0,0.0,40.0,58.0,89.0,227.0,8.66,95.52,21.7,12.85,cloudflare
2026-09-17 18:31:59,Bac,FPT,18,3,0.0,0.0,0.0,0.0,50.0,47.0,189.0,57.0,16.97,289.52,260.85,17.42,linode_singapore
2026-09-17 18:42:14,Bac,FPT,18,3,0.0,0.0,0.0,0.0,50.0,49.0,177.0,57.0,31.17,221.84,94.6,14.28,linode_singapore
2026-09-17 18:52:54,Bac,FPT,18,3,0.0,0.0,0.0,0.0,51.0,48.0,186.0,56.0,33.56,264.53,242.06,73.23,linode_singapore
2026-09-17 19:03:27,Bac,FPT,19,3,1.0,0.0,0.0,0.0,288.0,69.0,104.0,92.0,14.66,4.51,22.83,7.89,linode_singapore
2026-09-17 19:14:26,Bac,FPT,19,3,0.0,0.0,0.0,0.0,51.0,54.0,116.0,64.0,8.77,6.03,28.02,10.42,cloudflare
2026-09-17 19:25:30,Bac,FPT,19,3,0.0,0.0,1.0,0.0,55.0,52.0,628.0,53.0,14.49,6.6,27.82,9.27,linode_singapore
2026-09-17 19:30:04,Nam,VNPT,19,3,0.0,0.0,0.0,0.0,41.0,58.0,94.0,229.0,17.72,104.9,88.63,10.78,cloudflare
2026-09-17 19:36:31,Bac,FPT,19,3,0.0,0.0,0.0,0.0,268.0,126.0,125.0,52.0,3.92,0.58,23.97,8.79,vultr_singapore
2026-09-17 19:40:50,Nam,VNPT,19,3,0.0,0.0,0.0,0.0,40.0,58.0,94.0,228.0,23.89,116.34,126.33,6.15,cloudflare
2026-09-17 19:47:34,Bac,FPT,19,3,0.0,0.0,0.0,0.0,92.0,148.0,168.0,72.0,9.38,1.67,1.16,3.0,vultr_singapore
2026-09-17 19:51:34,Nam,VNPT,19,3,0.0,0.0,0.0,0.0,42.0,60.0,92.0,228.0,10.39,82.93,85.38,10.53,cloudflare
2026-09-17 19:58:34,Bac,FPT,19,3,0.0,0.0,0.0,0.0,205.0,52.0,88.0,41.0,14.56,6.23,31.23,8.07,vultr_singapore
2026-09-17 20:02:24,Nam,VNPT,20,3,0.0,0.0,0.0,0.0,41.0,56.0,92.0,229.0,7.88,112.04,35.98,10.79,cloudflare
2026-09-17 20:09:33,Bac,FPT,20,3,0.0,0.0,0.0,0.0,50.0,52.0,92.0,45.0,15.54,7.47,32.79,10.57,vultr_singapore
2026-09-17 20:13:18,Nam,VNPT,20,3,0.0,0.0,0.0,0.0,41.0,56.0,92.0,229.0,7.29,120.22,9.2,14.57,cloudflare
2026-09-17 20:20:36,Bac,FPT,20,3,0.0,0.0,1.0,0.0,195.0,52.0,693.0,45.0,13.17,7.2,28.26,5.96,vultr_singapore
2026-09-17 20:24:12,Nam,VNPT,20,3,0.0,0.0,0.0,0.0,40.0,57.0,92.0,230.0,8.37,97.46,4.61,3.25,cloudflare
2026-09-17 20:31:42,Bac,FPT,20,3,0.0,0.0,1.0,0.0,56.0,52.0,1091.0,102.0,14.68,7.01,23.16,5.18,linode_singapore
2026-09-17 20:35:07,Nam,VNPT,20,3,0.0,0.0,0.0,0.0,41.0,60.0,95.0,227.0,9.0,87.04,9.83,3.9,cloudflare
2026-09-17 20:42:44,Bac,FPT,20,3,0.0,0.0,0.0,0.0,50.0,53.0,91.0,91.0,5.5,5.29,7.89,3.53,cloudflare
2026-09-17 20:46:02,Nam,VNPT,20,3,0.0,0.0,0.0,0.0,41.0,58.0,92.0,267.0,3.42,78.83,4.31,2.55,cloudflare
2026-09-17 20:53:45,Bac,FPT,20,3,1.0,0.0,0.0,0.0,299.0,51.0,123.0,333.0,12.65,7.97,13.72,4.27,linode_singapore
2026-09-17 20:57:02,Nam,VNPT,20,3,0.0,0.0,0.0,0.0,40.0,57.0,92.0,228.0,3.51,80.61,12.68,3.27,cloudflare
2026-09-17 21:04:51,Bac,FPT,21,3,0.0,0.0,0.0,1.0,167.0,50.0,93.0,794.0,0.74,7.73,26.33,2.55,linode_singapore
2026-09-17 21:08:01,Nam,VNPT,21,3,0.0,0.0,0.0,0.0,40.0,60.0,93.0,228.0,5.35,79.65,3.02,3.3,cloudflare
2026-09-17 21:16:14,Bac,FPT,21,3,0.0,0.0,0.0,0.0,50.0,53.0,90.0,42.0,17.49,6.85,32.65,11.25,vultr_singapore
2026-09-17 21:18:59,Nam,VNPT,21,3,0.0,0.0,0.0,0.0,45.0,59.0,93.0,231.0,6.21,68.84,4.15,1.25,cloudflare
2026-09-17 21:27:13,Bac,FPT,21,3,1.0,0.0,0.0,0.0,1333.0,114.0,100.0,62.0,3.81,4.08,14.15,11.1,vultr_singapore
2026-09-17 21:29:58,Nam,VNPT,21,3,0.0,0.0,0.0,0.0,40.0,59.0,94.0,229.0,4.08,53.15,11.46,14.04,cloudflare
2026-09-17 21:38:18,Bac,FPT,21,3,0.0,0.0,0.0,0.0,55.0,153.0,93.0,58.0,14.15,5.14,25.27,6.38,cloudflare
2026-09-17 21:41:01,Nam,VNPT,21,3,0.0,0.0,0.0,0.0,40.0,59.0,93.0,228.0,5.46,105.32,10.76,3.21,cloudflare
2026-09-17 21:49:17,Bac,FPT,21,3,0.0,0.0,0.0,0.0,48.0,50.0,89.0,51.0,15.2,5.77,33.2,9.51,cloudflare
2026-09-17 21:52:28,Nam,VNPT,21,3,0.0,0.0,0.0,0.0,42.0,59.0,94.0,229.0,6.05,86.59,3.17,17.77,cloudflare
2026-09-17 22:00:16,Bac,FPT,22,3,0.0,0.0,0.0,0.0,53.0,65.0,124.0,56.0,14.95,4.15,24.31,14.57,cloudflare
2026-09-17 22:03:25,Nam,VNPT,22,3,0.0,0.0,0.0,0.0,42.0,60.0,93.0,227.0,4.12,58.45,1.85,2.44,cloudflare
2026-09-17 22:11:15,Bac,FPT,22,3,1.0,0.0,0.0,0.0,540.0,58.0,260.0,293.0,5.3,2.08,6.96,1.23,linode_singapore
2026-09-17 22:14:28,Nam,VNPT,22,3,0.0,0.0,0.0,0.0,41.0,59.0,93.0,228.0,3.53,28.16,7.64,1.34,cloudflare
2026-09-17 22:22:26,Bac,FPT,22,3,0.0,0.0,0.0,0.0,49.0,52.0,96.0,55.0,10.69,6.23,32.74,7.24,cloudflare
2026-09-17 22:25:32,Nam,VNPT,22,3,0.0,0.0,0.0,0.0,42.0,60.0,92.0,229.0,5.5,87.89,20.62,13.49,cloudflare
2026-09-17 22:33:25,Bac,FPT,22,3,0.0,0.0,0.0,0.0,51.0,51.0,105.0,51.0,12.21,5.97,21.61,6.14,cloudflare
2026-09-17 22:36:28,Nam,VNPT,22,3,0.0,0.0,0.0,0.0,42.0,60.0,108.0,235.0,9.49,25.29,15.09,3.97,cloudflare
2026-09-17 22:37:17,Trung,Viettel,22,3,0.0,0.0,0.0,0.0,53.0,62.0,270.0,45.0,30.78,66.69,107.49,19.97,vultr_singapore
2026-09-17 22:47:29,Nam,VNPT,22,3,0.0,0.0,0.0,0.0,41.0,60.0,98.0,232.0,11.75,65.13,74.19,5.61,cloudflare
2026-09-17 22:48:06,Trung,Viettel,22,3,0.0,0.0,0.0,0.0,57.0,60.0,240.0,48.0,24.68,49.75,80.95,18.52,vultr_singapore
2026-09-17 22:58:23,Nam,VNPT,22,3,0.0,0.0,0.0,0.0,42.0,58.0,94.0,228.0,21.75,100.74,111.91,2.14,cloudflare
2026-09-17 22:59:01,Trung,Viettel,22,3,0.0,0.0,0.0,0.0,56.0,65.0,227.0,47.0,34.3,107.6,1.95,12.59,vultr_singapore
2026-09-17 23:06:03,Bac,FPT,23,3,0.0,0.0,0.0,0.0,62.0,129.0,134.0,58.0,26.9,30.14,79.26,13.31,vultr_singapore
2026-09-17 23:09:09,Nam,VNPT,23,3,0.0,0.0,0.0,0.0,46.0,89.0,99.0,228.0,12.6,16.69,103.14,65.37,cloudflare
2026-09-17 23:09:54,Trung,Viettel,23,3,0.0,0.0,0.0,0.0,46.0,64.0,226.0,38.0,32.71,73.06,133.39,71.42,vultr_singapore
2026-09-17 23:16:58,Bac,FPT,23,3,0.0,0.0,0.0,0.0,68.0,62.0,135.0,52.0,28.18,25.21,152.35,13.75,vultr_singapore
2026-09-17 23:20:01,Nam,VNPT,23,3,0.0,0.0,0.0,0.0,41.0,67.0,100.0,231.0,10.3,25.38,93.49,50.11,cloudflare
2026-09-17 23:20:39,Trung,Viettel,23,3,0.0,0.0,0.0,0.0,36.0,56.0,271.0,37.0,32.48,79.48,93.75,15.2,cloudflare
2026-09-17 23:27:47,Bac,FPT,23,3,0.0,0.0,0.0,0.0,63.0,75.0,170.0,53.0,27.54,23.44,149.81,12.36,vultr_singapore
2026-09-17 23:30:56,Nam,VNPT,23,3,0.0,0.0,0.0,0.0,44.0,61.0,95.0,228.0,23.8,49.64,83.29,61.31,cloudflare
2026-09-17 23:31:29,Trung,Viettel,23,3,0.0,0.0,0.0,0.0,45.0,56.0,230.0,38.0,29.24,70.86,117.55,17.07,vultr_singapore
2026-09-17 23:38:40,Bac,FPT,23,3,0.0,0.0,0.0,0.0,62.0,66.0,138.0,59.0,27.13,27.93,169.11,10.26,vultr_singapore
2026-09-17 23:41:50,Nam,VNPT,23,3,0.0,0.0,0.0,0.0,41.0,65.0,95.0,230.0,29.39,23.67,105.66,55.4,cloudflare
2026-09-17 23:42:17,Trung,Viettel,23,3,0.0,0.0,0.0,0.0,45.0,65.0,232.0,37.0,26.44,88.77,123.28,13.72,vultr_singapore
2026-09-17 23:49:28,Bac,FPT,23,3,0.0,0.0,0.0,0.0,59.0,64.0,135.0,53.0,26.88,24.02,167.44,9.94,vultr_singapore
2026-09-17 23:52:43,Nam,VNPT,23,3,0.0,0.0,0.0,0.0,49.0,58.0,95.0,232.0,15.01,87.35,117.31,50.13,cloudflare
2026-09-17 23:53:03,Trung,Viettel,23,3,0.0,0.0,0.0,0.0,46.0,78.0,240.0,37.0,28.92,41.39,60.89,13.99,vultr_singapore
2026-09-18 00:00:17,Bac,FPT,0,4,0.0,0.0,0.0,0.0,62.0,62.0,139.0,53.0,26.8,22.04,149.97,12.29,vultr_singapore
2026-09-18 00:03:30,Nam,VNPT,0,4,0.0,0.0,0.0,0.0,42.0,61.0,93.0,229.0,25.12,54.39,113.38,46.15,cloudflare
2026-09-18 00:04:01,Trung,Viettel,0,4,0.0,0.0,0.0,0.0,55.0,62.0,230.0,47.0,34.73,74.22,92.56,18.2,vultr_singapore
2026-09-18 00:11:06,Bac,FPT,0,4,0.0,0.0,0.0,0.0,66.0,62.0,139.0,56.0,23.03,21.21,157.24,10.17,vultr_singapore
2026-09-18 00:14:22,Nam,VNPT,0,4,0.0,0.0,0.0,0.0,46.0,59.0,98.0,284.0,15.88,63.07,101.12,39.9,cloudflare
2026-09-18 00:14:50,Trung,Viettel,0,4,0.0,0.0,0.0,0.0,57.0,64.0,234.0,46.0,26.59,85.86,100.36,13.57,vultr_singapore
2026-09-18 00:21:55,Bac,FPT,0,4,0.0,0.0,0.0,0.0,119.0,63.0,140.0,53.0,27.42,28.2,94.87,10.93,vultr_singapore
2026-09-18 00:25:14,Nam,VNPT,0,4,0.0,0.0,0.0,0.0,40.0,99.0,93.0,242.0,17.06,68.7,109.2,58.05,cloudflare
2026-09-18 00:25:40,Trung,Viettel,0,4,0.0,0.0,0.0,0.0,39.0,66.0,230.0,38.0,34.1,82.13,129.3,18.65,vultr_singapore
2026-09-18 00:36:03,Nam,VNPT,0,4,0.0,0.0,0.0,0.0,42.0,59.0,94.0,229.0,26.98,72.17,112.94,62.59,cloudflare
2026-09-18 00:36:26,Trung,Viettel,0,4,0.0,0.0,0.0,0.0,57.0,64.0,227.0,47.0,33.41,92.92,135.09,18.39,vultr_singapore
2026-09-18 00:46:51,Nam,VNPT,0,4,0.0,0.0,0.0,0.0,41.0,59.0,93.0,229.0,24.56,28.52,121.65,49.29,cloudflare
2026-09-18 00:47:12,Trung,Viettel,0,4,0.0,0.0,0.0,0.0,56.0,67.0,227.0,50.0,23.93,39.18,85.92,14.11,vultr_singapore
2026-09-18 00:57:42,Nam,VNPT,0,4,0.0,0.0,0.0,0.0,41.0,58.0,93.0,227.0,27.09,66.74,98.47,55.76,cloudflare
2026-09-18 00:58:07,Trung,Viettel,0,4,0.0,0.0,0.0,0.0,54.0,56.0,229.0,46.0,34.5,74.93,76.41,13.21,vultr_singapore
2026-09-18 01:08:33,Nam,VNPT,1,4,0.0,0.0,0.0,0.0,41.0,60.0,92.0,229.0,29.3,82.35,121.02,61.9,cloudflare
2026-09-18 01:08:59,Trung,Viettel,1,4,0.0,0.0,0.0,0.0,48.0,64.0,234.0,47.0,31.69,105.16,101.95,63.86,vultr_singapore
2026-09-18 01:19:19,Nam,VNPT,1,4,0.0,0.0,0.0,0.0,40.0,59.0,93.0,226.0,26.86,82.09,135.17,54.14,cloudflare
2026-09-18 01:19:41,Trung,Viettel,1,4,0.0,0.0,0.0,0.0,57.0,66.0,231.0,52.0,34.43,79.3,70.02,18.3,vultr_singapore
2026-09-18 01:30:05,Nam,VNPT,1,4,0.0,0.0,0.0,0.0,42.0,59.0,93.0,228.0,23.74,94.53,125.65,57.01,cloudflare
2026-09-18 01:30:35,Trung,Viettel,1,4,0.0,0.0,0.0,0.0,44.0,66.0,223.0,37.0,34.53,107.32,141.76,18.58,vultr_singapore
2026-09-18 01:40:50,Nam,VNPT,1,4,0.0,0.0,0.0,0.0,41.0,58.0,93.0,227.0,28.69,105.74,117.89,51.34,cloudflare
2026-09-18 01:41:17,Trung,Viettel,1,4,0.0,0.0,0.0,0.0,36.0,65.0,228.0,37.0,33.96,71.8,115.91,15.83,cloudflare
2026-09-18 01:51:35,Nam,VNPT,1,4,0.0,0.0,0.0,0.0,39.0,57.0,95.0,229.0,31.94,103.39,6.52,42.34,cloudflare
2026-09-18 02:02:28,Nam,VNPT,2,4,0.0,0.0,0.0,0.0,41.0,60.0,96.0,241.0,24.51,101.01,132.82,14.59,cloudflare
2026-09-18 02:13:13,Nam,VNPT,2,4,0.0,0.0,0.0,0.0,40.0,59.0,92.0,229.0,30.69,79.31,118.19,58.85,cloudflare
2026-09-18 02:23:59,Nam,VNPT,2,4,0.0,0.0,0.0,0.0,43.0,59.0,93.0,227.0,27.96,66.74,116.67,87.32,cloudflare
2026-09-18 02:34:43,Nam,VNPT,2,4,0.0,0.0,0.0,0.0,40.0,58.0,94.0,228.0,26.46,94.97,141.74,49.36,cloudflare
2026-09-18 02:45:28,Nam,VNPT,2,4,0.0,0.0,0.0,0.0,42.0,60.0,96.0,230.0,24.9,85.19,122.32,14.65,cloudflare
2026-09-18 02:56:15,Nam,VNPT,2,4,0.0,0.0,0.0,0.0,43.0,58.0,93.0,228.0,28.13,89.67,19.76,35.32,cloudflare
2026-09-18 03:07:09,Nam,VNPT,3,4,0.0,0.0,0.0,0.0,41.0,58.0,106.0,229.0,26.55,52.02,94.04,55.03,cloudflare
2026-09-18 03:18:03,Nam,VNPT,3,4,0.0,0.0,0.0,0.0,40.0,59.0,94.0,235.0,28.46,43.55,117.5,58.03,cloudflare
2026-09-18 03:28:54,Nam,VNPT,3,4,0.0,0.0,0.0,0.0,41.0,57.0,93.0,228.0,27.9,106.55,109.18,15.9,cloudflare
2026-09-18 03:39:39,Nam,VNPT,3,4,0.0,0.0,0.0,0.0,40.0,58.0,92.0,229.0,23.54,88.58,19.86,15.06,cloudflare
2026-09-18 03:50:34,Nam,VNPT,3,4,0.0,0.0,0.0,0.0,42.0,59.0,93.0,228.0,17.37,31.44,50.15,54.1,cloudflare
2026-09-18 04:01:34,Nam,VNPT,4,4,0.0,0.0,0.0,0.0,41.0,58.0,94.0,233.0,28.38,103.87,112.99,54.76,cloudflare
2026-09-18 04:12:19,Nam,VNPT,4,4,0.0,0.0,0.0,0.0,41.0,58.0,94.0,231.0,28.49,64.19,113.22,56.6,cloudflare
2026-09-18 04:23:09,Nam,VNPT,4,4,0.0,0.0,0.0,0.0,40.0,58.0,92.0,228.0,27.96,99.95,42.98,69.57,cloudflare
2026-09-18 04:34:00,Nam,VNPT,4,4,0.0,0.0,0.0,0.0,41.0,59.0,93.0,229.0,19.67,72.9,113.4,73.39,cloudflare
2026-09-18 04:44:45,Nam,VNPT,4,4,0.0,0.0,0.0,0.0,40.0,58.0,95.0,230.0,26.36,93.55,123.46,71.15,cloudflare
2026-09-18 04:55:27,Nam,VNPT,4,4,0.0,0.0,0.0,0.0,41.0,57.0,94.0,232.0,24.13,74.89,116.77,76.74,cloudflare
2026-09-18 05:06:11,Nam,VNPT,5,4,0.0,0.0,0.0,0.0,44.0,57.0,94.0,229.0,28.0,73.19,109.38,36.79,cloudflare
2026-09-18 05:17:00,Nam,VNPT,5,4,0.0,0.0,0.0,0.0,41.0,59.0,93.0,231.0,28.67,76.07,15.29,24.36,cloudflare
2026-09-18 05:27:57,Nam,VNPT,5,4,0.0,0.0,0.0,0.0,42.0,58.0,93.0,228.0,26.11,99.23,58.76,70.4,cloudflare
2026-09-18 05:38:47,Nam,VNPT,5,4,0.0,0.0,0.0,0.0,42.0,57.0,93.0,231.0,27.41,91.26,109.13,72.6,cloudflare
2026-09-18 05:49:30,Nam,VNPT,5,4,0.0,0.0,0.0,0.0,40.0,60.0,92.0,231.0,26.15,90.11,102.01,23.92,cloudflare
2026-09-18 06:00:17,Nam,VNPT,6,4,0.0,0.0,0.0,0.0,43.0,59.0,96.0,231.0,27.24,78.26,96.86,64.61,cloudflare
2026-09-18 06:11:05,Nam,VNPT,6,4,0.0,0.0,0.0,0.0,41.0,59.0,92.0,229.0,28.33,38.34,109.62,67.94,cloudflare
2026-09-18 06:21:54,Nam,VNPT,6,4,0.0,0.0,0.0,0.0,41.0,60.0,100.0,228.0,28.91,64.88,103.9,23.28,cloudflare
2026-09-18 06:32:46,Nam,VNPT,6,4,0.0,0.0,0.0,0.0,39.0,58.0,93.0,232.0,25.44,99.65,113.21,83.58,cloudflare
2026-09-18 06:43:26,Nam,VNPT,6,4,0.0,0.0,0.0,0.0,42.0,57.0,92.0,228.0,31.43,103.91,117.43,22.77,cloudflare
2026-09-18 06:54:11,Nam,VNPT,6,4,0.0,0.0,0.0,0.0,45.0,64.0,96.0,231.0,24.37,13.54,68.64,43.75,cloudflare
2026-09-18 07:05:09,Nam,VNPT,7,4,0.0,0.0,0.0,0.0,41.0,59.0,92.0,229.0,30.71,107.91,35.18,73.86,cloudflare
2026-09-18 07:15:58,Nam,VNPT,7,4,0.0,0.0,0.0,0.0,41.0,57.0,94.0,229.0,26.24,71.92,56.4,38.8,cloudflare
2026-09-18 07:26:54,Nam,VNPT,7,4,0.0,0.0,0.0,0.0,39.0,61.0,93.0,227.0,31.32,42.81,129.7,66.75,cloudflare
2026-09-18 07:37:42,Nam,VNPT,7,4,0.0,0.0,0.0,0.0,41.0,57.0,93.0,234.0,32.27,93.76,150.42,44.26,cloudflare
2026-09-18 07:48:27,Nam,VNPT,7,4,0.0,0.0,0.0,0.0,44.0,56.0,93.0,232.0,24.14,87.76,51.8,109.38,cloudflare
2026-09-18 07:59:13,Nam,VNPT,7,4,0.0,0.0,0.0,0.0,41.0,59.0,95.0,229.0,24.82,98.58,88.35,43.97,cloudflare
2026-09-18 08:10:01,Nam,VNPT,8,4,0.0,0.0,0.0,0.0,40.0,57.0,93.0,227.0,22.08,88.49,121.46,28.38,cloudflare
2026-09-18 08:20:47,Nam,VNPT,8,4,0.0,0.0,0.0,0.0,39.0,56.0,92.0,227.0,25.15,89.04,62.98,126.77,cloudflare
2026-09-18 08:31:31,Nam,VNPT,8,4,0.0,0.0,0.0,0.0,40.0,55.0,93.0,227.0,24.22,117.32,116.83,17.41,cloudflare
2026-09-18 08:42:15,Nam,VNPT,8,4,0.0,0.0,0.0,0.0,41.0,56.0,93.0,230.0,25.6,66.19,67.37,85.23,cloudflare
2026-09-18 08:53:05,Nam,VNPT,8,4,0.0,0.0,0.0,0.0,39.0,57.0,92.0,226.0,25.04,95.31,121.28,48.98,cloudflare
2026-09-18 09:03:50,Nam,VNPT,9,4,0.0,0.0,0.0,0.0,41.0,56.0,92.0,233.0,20.31,105.76,117.27,94.15,cloudflare
2026-09-18 09:14:29,Nam,VNPT,9,4,0.0,0.0,0.0,0.0,42.0,55.0,93.0,227.0,22.82,47.68,98.71,86.88,cloudflare
2026-09-18 09:25:17,Nam,VNPT,9,4,0.0,0.0,0.0,0.0,40.0,55.0,91.0,227.0,29.36,77.57,107.11,104.8,cloudflare
2026-09-18 09:35:58,Nam,VNPT,9,4,0.0,0.0,0.0,0.0,55.0,58.0,93.0,228.0,28.79,87.3,103.26,20.54,cloudflare
2026-09-18 09:44:05,Bac,FPT,9,4,0.0,0.0,0.0,0.0,58.0,61.0,133.0,51.0,29.36,27.61,165.14,10.97,vultr_singapore
2026-09-18 09:46:45,Nam,VNPT,9,4,0.0,0.0,0.0,0.0,41.0,55.0,92.0,229.0,28.86,79.82,127.64,60.24,cloudflare
2026-09-18 09:54:53,Bac,FPT,9,4,0.0,0.0,0.0,0.0,70.0,106.0,142.0,52.0,30.15,29.1,164.51,14.07,vultr_singapore
2026-09-18 09:57:31,Nam,VNPT,9,4,0.0,0.0,0.0,0.0,42.0,56.0,93.0,230.0,25.6,65.98,128.3,80.52,cloudflare
2026-09-18 10:05:42,Bac,FPT,10,4,0.0,0.0,0.0,0.0,60.0,61.0,135.0,62.0,24.53,22.99,119.27,10.21,cloudflare
2026-09-18 10:08:15,Nam,VNPT,10,4,0.0,0.0,0.0,0.0,43.0,56.0,91.0,226.0,28.35,109.95,121.11,111.13,cloudflare
2026-09-18 10:16:37,Bac,FPT,10,4,0.0,0.0,0.0,0.0,85.0,82.0,135.0,57.0,24.91,29.15,78.71,13.01,vultr_singapore
2026-09-18 10:18:52,Nam,VNPT,10,4,0.0,0.0,0.0,0.0,41.0,57.0,94.0,229.0,28.53,90.33,102.8,121.07,cloudflare
2026-09-18 10:27:31,Bac,FPT,10,4,0.0,0.0,0.0,0.0,60.0,78.0,131.0,54.0,28.9,25.7,155.12,10.58,vultr_singapore
2026-09-18 10:29:31,Nam,VNPT,10,4,0.0,0.0,0.0,0.0,42.0,57.0,97.0,230.0,24.12,84.33,111.67,55.79,cloudflare
2026-09-18 10:38:24,Bac,FPT,10,4,0.0,0.0,0.0,0.0,70.0,61.0,137.0,55.0,28.93,26.29,157.33,13.15,vultr_singapore
2026-09-18 10:40:18,Nam,VNPT,10,4,0.0,0.0,0.0,0.0,44.0,57.0,94.0,228.0,28.35,115.59,66.23,95.18,cloudflare
2026-09-18 10:49:16,Bac,FPT,10,4,0.0,0.0,0.0,0.0,59.0,61.0,135.0,52.0,31.47,25.85,69.5,11.35,vultr_singapore
2026-09-18 10:51:02,Nam,VNPT,10,4,0.0,0.0,0.0,0.0,39.0,66.0,93.0,230.0,30.89,61.05,135.66,61.18,cloudflare
2026-09-18 11:00:12,Bac,FPT,11,4,0.0,0.0,0.0,0.0,58.0,63.0,134.0,52.0,31.91,28.8,26.43,14.13,vultr_singapore
2026-09-18 11:01:50,Nam,VNPT,11,4,0.0,0.0,0.0,0.0,41.0,57.0,92.0,230.0,13.44,73.49,103.63,117.47,cloudflare
2026-09-18 11:11:10,Bac,FPT,11,4,0.0,0.0,0.0,0.0,59.0,61.0,133.0,53.0,31.29,27.8,162.42,10.12,vultr_singapore
2026-09-18 11:12:31,Nam,VNPT,11,4,0.0,0.0,0.0,0.0,40.0,58.0,93.0,229.0,26.61,86.68,102.36,92.69,cloudflare
2026-09-18 11:21:59,Bac,FPT,11,4,0.0,0.0,0.0,0.0,60.0,61.0,131.0,53.0,29.87,30.98,148.31,9.43,vultr_singapore
2026-09-18 11:23:13,Nam,VNPT,11,4,0.0,0.0,0.0,0.0,42.0,55.0,93.0,229.0,15.83,74.31,101.02,65.04,cloudflare
2026-09-18 11:32:48,Bac,FPT,11,4,0.0,0.0,0.0,0.0,61.0,63.0,133.0,51.0,29.78,28.18,133.69,12.17,vultr_singapore
2026-09-18 11:34:00,Nam,VNPT,11,4,0.0,0.0,0.0,0.0,40.0,57.0,92.0,230.0,23.5,73.97,117.28,85.64,cloudflare
2026-09-18 11:44:43,Nam,VNPT,11,4,0.0,0.0,0.0,0.0,40.0,56.0,116.0,227.0,11.05,78.52,68.05,107.59,cloudflare
2026-09-18 11:54:48,Bac,FPT,11,4,0.0,0.0,0.0,0.0,76.0,61.0,134.0,54.0,30.44,30.01,101.63,13.42,vultr_singapore
2026-09-18 11:55:29,Nam,VNPT,11,4,0.0,0.0,0.0,0.0,41.0,57.0,91.0,230.0,7.9,90.36,66.05,6.38,cloudflare
2026-09-18 12:05:39,Bac,FPT,12,4,0.0,0.0,0.0,0.0,60.0,61.0,133.0,52.0,30.57,24.41,153.38,10.33,vultr_singapore
2026-09-18 12:06:22,Nam,VNPT,12,4,0.0,0.0,0.0,0.0,42.0,61.0,92.0,226.0,8.64,95.46,53.14,20.77,cloudflare
2026-09-18 12:16:28,Bac,FPT,12,4,0.0,0.0,0.0,0.0,59.0,61.0,132.0,52.0,28.58,27.35,163.56,10.01,vultr_singapore
2026-09-18 12:17:17,Nam,VNPT,12,4,0.0,0.0,0.0,0.0,43.0,58.0,93.0,229.0,4.98,85.43,9.17,83.83,cloudflare
2026-09-18 12:27:17,Bac,FPT,12,4,0.0,0.0,0.0,0.0,59.0,62.0,134.0,52.0,28.12,24.21,175.54,13.34,vultr_singapore
2026-09-18 12:28:10,Nam,VNPT,12,4,0.0,0.0,0.0,0.0,45.0,57.0,91.0,227.0,9.88,80.83,27.58,104.63,cloudflare
2026-09-18 12:38:05,Bac,FPT,12,4,0.0,0.0,0.0,0.0,60.0,66.0,130.0,53.0,29.26,24.98,146.32,13.58,vultr_singapore
2026-09-18 12:38:59,Nam,VNPT,12,4,0.0,0.0,0.0,0.0,40.0,57.0,96.0,231.0,13.29,83.87,18.75,90.49,cloudflare
2026-09-18 12:48:54,Bac,FPT,12,4,0.0,0.0,0.0,0.0,59.0,62.0,132.0,54.0,33.57,33.19,102.82,10.34,vultr_singapore
2026-09-18 12:49:48,Nam,VNPT,12,4,0.0,0.0,0.0,0.0,41.0,58.0,91.0,228.0,7.26,91.13,5.07,61.92,cloudflare
2026-09-18 12:59:45,Bac,FPT,12,4,0.0,0.0,0.0,0.0,60.0,61.0,137.0,52.0,31.4,29.1,100.6,10.07,vultr_singapore
2026-09-18 13:00:42,Nam,VNPT,13,4,0.0,0.0,0.0,0.0,41.0,57.0,96.0,232.0,3.78,66.88,10.06,22.38,cloudflare
2026-09-18 13:10:37,Bac,FPT,13,4,0.0,0.0,0.0,0.0,59.0,61.0,133.0,52.0,31.38,26.5,112.31,9.64,vultr_singapore
2026-09-18 13:11:43,Nam,VNPT,13,4,0.0,0.0,0.0,0.0,40.0,57.0,97.0,228.0,15.6,76.77,21.77,3.3,cloudflare
2026-09-18 13:21:28,Bac,FPT,13,4,0.0,0.0,0.0,0.0,58.0,62.0,134.0,52.0,29.37,31.91,158.24,134.2,vultr_singapore
2026-09-18 13:22:39,Nam,VNPT,13,4,0.0,0.0,0.0,0.0,40.0,58.0,95.0,228.0,8.24,118.27,81.61,40.6,cloudflare
2026-09-18 13:32:08,Bac,FPT,13,4,0.0,0.0,0.0,0.0,58.0,62.0,137.0,53.0,30.62,27.24,148.85,13.38,vultr_singapore
2026-09-18 13:33:27,Nam,VNPT,13,4,0.0,0.0,0.0,0.0,40.0,55.0,95.0,229.0,11.92,104.39,20.45,100.66,cloudflare
2026-09-18 13:42:57,Bac,FPT,13,4,0.0,0.0,0.0,0.0,59.0,61.0,132.0,52.0,24.43,26.41,110.24,13.5,vultr_singapore
2026-09-18 13:44:14,Nam,VNPT,13,4,0.0,0.0,0.0,0.0,42.0,56.0,97.0,229.0,17.4,80.4,83.2,18.68,cloudflare
2026-09-18 13:53:48,Bac,FPT,13,4,0.0,0.0,0.0,0.0,58.0,62.0,134.0,51.0,31.86,25.85,104.75,11.05,vultr_singapore
2026-09-18 14:04:39,Bac,FPT,14,4,0.0,0.0,0.0,0.0,59.0,65.0,187.0,54.0,29.35,27.54,76.03,14.13,vultr_singapore
2026-09-18 14:15:33,Bac,FPT,14,4,0.0,0.0,0.0,0.0,59.0,61.0,137.0,52.0,34.02,29.08,158.37,108.65,vultr_singapore
2026-09-18 14:26:15,Bac,FPT,14,4,0.0,0.0,0.0,0.0,58.0,60.0,137.0,53.0,30.08,28.14,151.38,46.63,vultr_singapore
2026-09-18 14:37:04,Bac,FPT,14,4,0.0,0.0,0.0,0.0,59.0,63.0,139.0,55.0,25.54,27.26,155.55,10.68,vultr_singapore
2026-09-18 14:47:52,Bac,FPT,14,4,0.0,0.0,0.0,0.0,59.0,67.0,134.0,52.0,29.54,36.1,156.07,11.82,vultr_singapore
2026-09-18 14:58:41,Bac,FPT,14,4,0.0,0.0,0.0,0.0,58.0,63.0,137.0,52.0,30.28,27.27,125.66,48.33,vultr_singapore
2026-09-18 15:09:31,Bac,FPT,15,4,0.0,0.0,0.0,0.0,58.0,62.0,143.0,53.0,28.05,32.14,143.03,32.34,vultr_singapore
2026-09-18 15:20:21,Bac,FPT,15,4,0.0,0.0,0.0,0.0,59.0,62.0,131.0,55.0,28.03,32.92,98.56,10.12,vultr_singapore
2026-09-18 15:31:13,Bac,FPT,15,4,0.0,0.0,0.0,0.0,59.0,62.0,132.0,53.0,32.39,25.88,126.19,12.57,vultr_singapore
2026-09-18 15:42:02,Bac,FPT,15,4,0.0,0.0,0.0,0.0,59.0,62.0,134.0,53.0,29.23,31.1,164.61,11.9,vultr_singapore
2026-09-18 15:52:51,Bac,FPT,15,4,0.0,0.0,0.0,0.0,59.0,61.0,132.0,56.0,30.64,27.92,142.17,11.67,vultr_singapore
2026-09-18 16:03:40,Bac,FPT,16,4,0.0,0.0,0.0,0.0,59.0,61.0,134.0,52.0,28.64,29.75,152.79,12.39,vultr_singapore
2026-09-18 16:14:29,Bac,FPT,16,4,0.0,0.0,0.0,0.0,58.0,62.0,137.0,53.0,30.08,28.76,91.92,66.36,vultr_singapore
2026-09-18 16:25:19,Bac,FPT,16,4,0.0,0.0,0.0,0.0,58.0,61.0,137.0,52.0,29.42,23.02,156.82,13.0,vultr_singapore
2026-09-18 16:36:08,Bac,FPT,16,4,0.0,0.0,0.0,0.0,59.0,62.0,135.0,54.0,29.46,25.08,82.21,9.96,vultr_singapore
2026-09-18 16:47:01,Bac,FPT,16,4,0.0,0.0,0.0,0.0,60.0,67.0,131.0,53.0,28.94,30.19,99.16,12.11,vultr_singapore
2026-09-18 16:57:53,Bac,FPT,16,4,0.0,0.0,0.0,0.0,61.0,80.0,140.0,57.0,28.9,29.66,152.73,12.31,vultr_singapore
2026-09-18 17:08:42,Bac,FPT,17,4,0.0,0.0,0.0,0.0,64.0,102.0,137.0,54.0,32.88,29.14,145.19,13.27,vultr_singapore
2026-09-18 17:19:35,Bac,FPT,17,4,0.0,0.0,0.0,0.0,60.0,69.0,138.0,53.0,28.57,29.97,139.85,9.7,vultr_singapore
2026-09-18 17:26:35,Nam,VNPT,17,4,0.0,0.0,0.0,0.0,40.0,57.0,89.0,231.0,29.26,102.51,117.03,10.91,cloudflare
2026-09-18 17:30:25,Bac,FPT,17,4,0.0,0.0,0.0,0.0,67.0,63.0,150.0,67.0,25.65,26.62,86.74,12.71,linode_singapore
2026-09-18 17:37:19,Nam,VNPT,17,4,0.0,0.0,0.0,0.0,40.0,57.0,89.0,228.0,30.89,91.53,128.78,8.97,cloudflare
2026-09-18 17:41:18,Bac,FPT,17,4,0.0,0.0,0.0,0.0,93.0,63.0,133.0,55.0,30.61,31.72,149.35,10.61,vultr_singapore
2026-09-18 17:48:05,Nam,VNPT,17,4,0.0,0.0,0.0,0.0,42.0,57.0,89.0,227.0,27.04,115.17,128.71,10.46,cloudflare
2026-09-18 17:52:11,Bac,FPT,17,4,0.0,0.0,0.0,0.0,59.0,61.0,135.0,56.0,33.39,26.07,96.6,10.36,vultr_singapore
2026-09-18 17:58:49,Nam,VNPT,17,4,0.0,0.0,0.0,0.0,42.0,57.0,92.0,226.0,27.96,113.13,105.92,2.46,cloudflare
2026-09-18 18:03:07,Bac,FPT,18,4,0.0,0.0,0.0,0.0,62.0,61.0,133.0,54.0,23.28,26.38,140.57,14.34,vultr_singapore
2026-09-18 18:09:34,Nam,VNPT,18,4,0.0,0.0,0.0,0.0,41.0,57.0,92.0,231.0,25.61,88.72,135.62,9.82,cloudflare
2026-09-18 18:14:01,Bac,FPT,18,4,0.0,0.0,0.0,0.0,105.0,88.0,144.0,55.0,29.68,17.84,96.23,9.68,vultr_singapore
2026-09-18 18:20:20,Nam,VNPT,18,4,0.0,0.0,0.0,0.0,47.0,62.0,90.0,228.0,23.5,91.46,78.25,8.42,cloudflare
2026-09-18 18:24:53,Bac,FPT,18,4,0.0,0.0,0.0,0.0,64.0,65.0,135.0,53.0,30.32,23.68,157.71,12.83,vultr_singapore
2026-09-18 18:31:10,Nam,VNPT,18,4,0.0,0.0,0.0,0.0,63.0,57.0,92.0,227.0,10.17,103.2,108.51,12.97,linode_singapore
2026-09-18 18:35:42,Bac,FPT,18,4,0.0,0.0,0.0,0.0,148.0,66.0,132.0,54.0,27.07,25.08,39.26,12.92,vultr_singapore
2026-09-18 18:41:58,Nam,VNPT,18,4,0.0,0.0,0.0,0.0,44.0,60.0,90.0,239.0,25.62,77.74,20.61,2.31,cloudflare
2026-09-18 18:46:48,Bac,FPT,18,4,0.0,0.0,0.0,0.0,61.0,64.0,137.0,53.0,26.6,29.63,67.95,13.77,vultr_singapore
2026-09-18 18:52:53,Nam,VNPT,18,4,0.0,0.0,0.0,0.0,42.0,56.0,98.0,229.0,21.34,99.11,92.77,2.05,cloudflare
2026-09-18 18:57:44,Bac,FPT,18,4,0.0,0.0,0.0,0.0,62.0,95.0,138.0,54.0,27.95,31.17,157.85,8.88,vultr_singapore
2026-09-18 19:03:40,Nam,VNPT,19,4,0.0,0.0,0.0,0.0,42.0,58.0,90.0,228.0,16.9,94.26,70.41,2.21,cloudflare
2026-09-18 19:08:33,Bac,FPT,19,4,0.0,0.0,0.0,0.0,61.0,63.0,133.0,66.0,28.82,29.01,173.16,22.13,cloudflare
2026-09-18 19:14:31,Nam,VNPT,19,4,0.0,0.0,0.0,0.0,41.0,58.0,95.0,228.0,20.19,96.85,10.72,8.19,cloudflare
2026-09-18 19:19:29,Bac,FPT,19,4,0.0,0.0,0.0,0.0,61.0,64.0,132.0,53.0,29.8,23.36,158.54,73.57,vultr_singapore
2026-09-18 19:25:24,Nam,VNPT,19,4,0.0,0.0,0.0,0.0,41.0,61.0,90.0,227.0,11.2,46.71,39.48,12.48,cloudflare
2026-09-18 19:30:14,Bac,FPT,19,4,0.0,0.0,0.0,0.0,72.0,94.0,172.0,52.0,28.2,28.34,108.82,13.43,vultr_singapore
2026-09-18 19:36:25,Nam,VNPT,19,4,0.0,0.0,0.0,0.0,43.0,57.0,90.0,228.0,17.57,128.39,51.12,1.73,cloudflare
2026-09-18 19:41:06,Bac,FPT,19,4,0.0,0.0,0.0,0.0,59.0,64.0,132.0,52.0,29.09,26.81,111.4,74.4,vultr_singapore
2026-09-18 19:47:16,Nam,VNPT,19,4,0.0,0.0,0.0,0.0,40.0,56.0,90.0,228.0,6.67,100.82,54.48,1.62,cloudflare
2026-09-18 19:51:53,Bac,FPT,19,4,0.0,0.0,0.0,0.0,59.0,64.0,134.0,54.0,29.74,36.76,156.19,12.49,vultr_singapore
2026-09-18 19:58:11,Nam,VNPT,19,4,0.0,0.0,0.0,0.0,42.0,63.0,89.0,227.0,8.85,70.84,28.86,85.0,cloudflare
2026-09-18 20:02:42,Bac,FPT,20,4,0.0,0.0,0.0,0.0,58.0,62.0,131.0,53.0,33.77,21.44,153.59,7.8,vultr_singapore
2026-09-18 20:09:04,Nam,VNPT,20,4,0.0,0.0,0.0,0.0,41.0,56.0,88.0,226.0,9.88,122.21,16.93,3.94,cloudflare
2026-09-18 20:13:30,Bac,FPT,20,4,0.0,0.0,0.0,0.0,61.0,59.0,136.0,56.0,30.82,27.93,93.43,3.74,vultr_singapore
2026-09-18 20:19:57,Nam,VNPT,20,4,0.0,0.0,0.0,0.0,45.0,56.0,91.0,232.0,9.06,73.64,33.2,13.33,cloudflare
2026-09-18 20:24:23,Bac,FPT,20,4,0.0,0.0,0.0,0.0,62.0,66.0,138.0,56.0,27.12,25.51,145.55,57.86,vultr_singapore
2026-09-18 20:30:54,Nam,VNPT,20,4,0.0,0.0,0.0,0.0,43.0,56.0,91.0,229.0,8.28,60.89,16.83,3.22,cloudflare
2026-09-18 20:35:11,Bac,FPT,20,4,0.0,0.0,0.0,0.0,61.0,62.0,132.0,54.0,30.52,23.62,126.03,6.87,vultr_singapore
2026-09-18 20:41:54,Nam,VNPT,20,4,0.0,0.0,0.0,0.0,39.0,63.0,88.0,230.0,9.95,82.08,21.09,10.74,cloudflare
2026-09-18 20:46:01,Bac,FPT,20,4,0.0,0.0,0.0,0.0,61.0,66.0,134.0,53.0,20.91,26.36,94.84,11.53,vultr_singapore
2026-09-18 20:56:54,Bac,FPT,20,4,0.0,0.0,0.0,0.0,63.0,60.0,132.0,52.0,30.29,26.24,130.0,12.6,vultr_singapore
2026-09-18 21:07:44,Bac,FPT,21,4,0.0,0.0,0.0,0.0,61.0,65.0,135.0,55.0,25.37,30.29,145.93,9.8,vultr_singapore
2026-09-18 21:18:33,Bac,FPT,21,4,0.0,0.0,0.0,0.0,84.0,64.0,135.0,53.0,30.62,29.9,106.36,12.19,vultr_singapore
2026-09-18 21:29:24,Bac,FPT,21,4,0.0,0.0,0.0,0.0,61.0,63.0,134.0,54.0,27.01,24.46,128.78,13.18,vultr_singapore
2026-09-18 21:40:14,Bac,FPT,21,4,0.0,0.0,0.0,0.0,59.0,62.0,143.0,56.0,27.86,29.34,105.84,13.04,vultr_singapore
2026-09-18 21:51:05,Bac,FPT,21,4,0.0,0.0,0.0,0.0,62.0,67.0,134.0,54.0,28.83,27.16,78.43,13.84,vultr_singapore
2026-09-18 22:01:59,Bac,FPT,22,4,0.0,0.0,0.0,0.0,60.0,65.0,136.0,54.0,27.75,30.36,44.77,13.4,vultr_singapore
2026-09-18 22:12:58,Bac,FPT,22,4,0.0,0.0,0.0,0.0,62.0,63.0,138.0,53.0,32.0,26.65,94.22,9.67,vultr_singapore
2026-09-18 22:17:12,Nam,VNPT,22,4,0.0,0.0,0.0,0.0,41.0,61.0,90.0,282.0,4.11,54.36,7.49,3.65,cloudflare
2026-09-18 22:23:50,Bac,FPT,22,4,0.0,0.0,0.0,0.0,61.0,68.0,134.0,55.0,28.52,32.35,95.62,109.09,vultr_singapore
2026-09-18 22:28:16,Nam,VNPT,22,4,0.0,0.0,0.0,0.0,44.0,59.0,95.0,281.0,6.49,73.24,25.2,14.64,cloudflare
2026-09-18 22:34:35,Bac,FPT,22,4,0.0,0.0,0.0,0.0,60.0,68.0,136.0,54.0,32.02,27.31,139.89,45.75,vultr_singapore
2026-09-18 22:39:14,Nam,VNPT,22,4,0.0,0.0,0.0,0.0,41.0,59.0,90.0,233.0,3.45,78.38,28.37,4.86,cloudflare
2026-09-18 22:45:24,Bac,FPT,22,4,0.0,0.0,0.0,0.0,60.0,64.0,138.0,52.0,32.14,26.55,162.7,105.74,vultr_singapore
2026-09-18 22:50:14,Nam,VNPT,22,4,0.0,0.0,0.0,0.0,42.0,57.0,90.0,231.0,10.22,93.46,23.89,1.43,cloudflare
2026-09-18 22:56:05,Bac,FPT,22,4,0.0,0.0,0.0,0.0,61.0,64.0,136.0,52.0,30.88,25.19,156.24,100.95,vultr_singapore
2026-09-18 23:01:10,Nam,VNPT,23,4,0.0,0.0,0.0,0.0,45.0,42.0,137.0,233.0,15.05,0.46,5.95,1.02,linode_singapore
2026-09-18 23:06:47,Bac,FPT,23,4,0.0,0.0,0.0,0.0,62.0,79.0,159.0,68.0,30.95,19.7,90.19,21.68,cloudflare
2026-09-18 23:12:11,Nam,VNPT,23,4,0.0,0.0,0.0,0.0,41.0,43.0,106.0,221.0,4.99,2.76,32.85,5.81,cloudflare
2026-09-18 23:17:48,Bac,FPT,23,4,0.0,0.0,0.0,0.0,67.0,68.0,153.0,54.0,27.41,26.04,93.82,12.87,vultr_singapore
2026-09-18 23:23:14,Nam,VNPT,23,4,0.0,0.0,0.0,0.0,41.0,44.0,98.0,220.0,15.89,13.78,65.82,4.66,cloudflare
2026-09-18 23:28:44,Bac,FPT,23,4,0.0,0.0,0.0,0.0,59.0,63.0,147.0,55.0,28.19,27.53,134.25,11.16,vultr_singapore
2026-09-18 23:34:12,Nam,VNPT,23,4,0.0,0.0,0.0,0.0,42.0,41.0,98.0,228.0,29.36,95.18,149.43,51.16,linode_singapore
2026-09-18 23:44:57,Nam,VNPT,23,4,0.0,0.0,0.0,0.0,44.0,41.0,98.0,220.0,23.51,102.42,134.43,10.83,linode_singapore
2026-09-18 23:55:41,Nam,VNPT,23,4,0.0,0.0,0.0,0.0,41.0,43.0,95.0,220.0,30.89,139.59,122.61,6.96,cloudflare
2026-09-19 00:06:24,Nam,VNPT,0,5,0.0,0.0,0.0,0.0,41.0,41.0,96.0,219.0,23.1,119.71,7.54,2.44,cloudflare
2026-09-19 00:17:17,Nam,VNPT,0,5,0.0,0.0,0.0,0.0,40.0,41.0,96.0,225.0,27.52,126.02,145.97,16.12,cloudflare
2026-09-19 00:28:00,Nam,VNPT,0,5,0.0,0.0,0.0,0.0,42.0,44.0,96.0,224.0,23.52,138.32,155.75,17.15,cloudflare
2026-09-19 00:38:42,Nam,VNPT,0,5,0.0,0.0,0.0,0.0,40.0,41.0,96.0,221.0,29.34,150.8,155.57,26.93,cloudflare
2026-09-19 00:49:22,Nam,VNPT,0,5,0.0,0.0,0.0,0.0,39.0,43.0,96.0,220.0,28.81,106.53,146.88,2.57,cloudflare
2026-09-19 01:00:06,Nam,VNPT,1,5,0.0,0.0,0.0,0.0,39.0,41.0,96.0,233.0,31.13,106.18,144.33,12.51,cloudflare
2026-09-19 01:10:49,Nam,VNPT,1,5,0.0,0.0,0.0,0.0,40.0,40.0,96.0,228.0,26.51,100.82,122.62,13.16,cloudflare
2026-09-19 01:21:34,Nam,VNPT,1,5,0.0,0.0,0.0,0.0,40.0,41.0,96.0,228.0,30.67,132.82,116.69,10.32,cloudflare
2026-09-19 01:32:18,Nam,VNPT,1,5,0.0,0.0,0.0,0.0,41.0,41.0,98.0,228.0,26.05,3.74,153.1,11.1,cloudflare
2026-09-19 01:43:08,Nam,VNPT,1,5,0.0,0.0,0.0,0.0,40.0,41.0,97.0,228.0,30.68,118.5,150.24,7.77,cloudflare
2026-09-19 01:53:51,Nam,VNPT,1,5,0.0,0.0,0.0,0.0,44.0,43.0,97.0,231.0,30.89,100.17,139.97,9.92,linode_singapore
2026-09-19 02:04:35,Nam,VNPT,2,5,0.0,0.0,0.0,0.0,41.0,40.0,102.0,227.0,32.22,106.7,112.32,36.52,linode_singapore
2026-09-19 02:15:21,Nam,VNPT,2,5,0.0,0.0,0.0,0.0,40.0,41.0,94.0,227.0,26.15,157.45,148.64,42.58,cloudflare
2026-09-19 02:26:01,Nam,VNPT,2,5,0.0,0.0,0.0,0.0,40.0,42.0,94.0,227.0,29.53,107.76,144.04,16.04,cloudflare
2026-09-19 02:36:45,Nam,VNPT,2,5,0.0,0.0,0.0,0.0,40.0,44.0,96.0,228.0,23.26,99.92,138.14,9.12,cloudflare
2026-09-19 02:47:29,Nam,VNPT,2,5,0.0,0.0,0.0,0.0,41.0,41.0,96.0,227.0,25.07,104.95,132.0,2.44,cloudflare
2026-09-19 02:58:14,Nam,VNPT,2,5,0.0,0.0,0.0,0.0,39.0,40.0,95.0,229.0,24.06,109.69,122.75,2.44,cloudflare
2026-09-19 03:08:58,Nam,VNPT,3,5,0.0,0.0,0.0,0.0,40.0,41.0,96.0,228.0,28.25,109.81,28.75,10.55,cloudflare
2026-09-19 03:19:51,Nam,VNPT,3,5,0.0,0.0,0.0,0.0,43.0,41.0,98.0,228.0,28.33,131.37,142.03,8.34,linode_singapore
2026-09-19 03:30:33,Nam,VNPT,3,5,0.0,0.0,0.0,0.0,41.0,40.0,95.0,228.0,25.81,119.55,138.14,8.77,linode_singapore
2026-09-19 03:41:16,Nam,VNPT,3,5,0.0,0.0,0.0,0.0,42.0,41.0,95.0,228.0,25.9,114.56,133.91,12.37,linode_singapore
2026-09-19 03:52:00,Nam,VNPT,3,5,0.0,0.0,0.0,0.0,41.0,42.0,95.0,229.0,22.41,126.06,143.48,48.43,cloudflare
2026-09-19 04:02:43,Nam,VNPT,4,5,0.0,0.0,0.0,0.0,43.0,42.0,98.0,231.0,25.17,138.39,110.3,2.44,linode_singapore
2026-09-19 04:13:27,Nam,VNPT,4,5,0.0,0.0,0.0,0.0,41.0,45.0,96.0,228.0,26.12,144.45,30.33,21.21,cloudflare
2026-09-19 04:24:18,Nam,VNPT,4,5,0.0,0.0,0.0,0.0,42.0,42.0,100.0,230.0,26.66,129.49,131.83,12.59,cloudflare
2026-09-19 04:35:00,Nam,VNPT,4,5,0.0,0.0,0.0,0.0,46.0,41.0,95.0,239.0,18.42,103.81,143.07,9.41,linode_singapore
2026-09-19 04:45:45,Nam,VNPT,4,5,0.0,0.0,0.0,0.0,40.0,41.0,95.0,227.0,33.8,104.17,157.24,11.86,cloudflare
2026-09-19 04:56:28,Nam,VNPT,4,5,0.0,0.0,0.0,0.0,39.0,40.0,96.0,227.0,29.96,97.18,147.68,29.72,cloudflare
2026-09-19 05:07:12,Nam,VNPT,5,5,0.0,0.0,0.0,0.0,43.0,41.0,96.0,228.0,30.86,120.89,110.75,8.61,linode_singapore
2026-09-19 05:17:56,Nam,VNPT,5,5,0.0,0.0,0.0,0.0,42.0,41.0,96.0,233.0,30.9,147.67,147.78,10.73,linode_singapore
2026-09-19 05:28:37,Nam,VNPT,5,5,0.0,0.0,0.0,0.0,41.0,42.0,97.0,227.0,26.76,112.71,60.98,8.92,cloudflare
2026-09-21 11:44:57,Bac,FPT,11,0,0.0,0.0,0.0,0.0,58.0,53.0,134.0,55.0,30.23,23.28,139.77,12.08,linode_singapore
2026-09-21 11:50:23,Nam,VNPT,11,0,0.0,0.0,0.0,0.0,49.0,49.0,97.0,229.0,22.29,74.66,21.74,11.41,cloudflare
2026-09-21 11:55:47,Bac,FPT,11,0,0.0,0.0,0.0,0.0,59.0,53.0,139.0,55.0,33.14,26.42,165.34,12.93,linode_singapore
2026-09-21 12:01:20,Nam,VNPT,12,0,0.0,0.0,0.0,0.0,40.0,50.0,110.0,228.0,17.32,49.18,45.93,15.63,cloudflare
2026-09-21 12:06:35,Bac,FPT,12,0,0.0,0.0,0.0,0.0,80.0,52.0,136.0,65.0,13.73,26.3,155.36,12.33,linode_singapore
2026-09-21 12:12:20,Nam,VNPT,12,0,0.0,0.0,0.0,0.0,43.0,50.0,97.0,230.0,11.53,68.84,105.3,12.81,cloudflare
2026-09-21 12:17:37,Bac,FPT,12,0,0.0,0.0,0.0,0.0,65.0,52.0,145.0,53.0,29.88,23.42,116.68,10.96,linode_singapore
2026-09-21 12:23:12,Nam,VNPT,12,0,0.0,0.0,0.0,0.0,40.0,63.0,96.0,229.0,27.09,67.48,92.46,10.79,cloudflare
2026-09-21 12:28:35,Bac,FPT,12,0,0.0,0.0,0.0,0.0,66.0,52.0,139.0,58.0,32.61,29.31,157.83,11.9,linode_singapore
2026-09-21 12:34:03,Nam,VNPT,12,0,0.0,0.0,0.0,0.0,40.0,49.0,96.0,230.0,27.87,78.78,111.47,12.24,cloudflare
2026-09-21 12:39:27,Bac,FPT,12,0,0.0,0.0,0.0,0.0,52.0,77.0,136.0,40.0,30.97,30.16,148.38,16.34,vultr_singapore
2026-09-21 12:44:51,Nam,VNPT,12,0,0.0,0.0,0.0,0.0,41.0,50.0,99.0,229.0,27.13,84.18,123.53,13.16,cloudflare
2026-09-21 12:50:16,Bac,FPT,12,0,0.0,0.0,0.0,0.0,51.0,57.0,138.0,47.0,30.39,35.43,140.96,18.95,vultr_singapore
2026-09-21 12:55:39,Nam,VNPT,12,0,0.0,0.0,0.0,0.0,40.0,52.0,96.0,231.0,27.25,97.95,122.16,10.83,cloudflare
2026-09-21 13:01:13,Bac,FPT,13,0,0.0,0.0,0.0,0.0,53.0,65.0,139.0,40.0,30.31,30.93,150.8,12.74,vultr_singapore
2026-09-21 13:06:26,Nam,VNPT,13,0,0.0,0.0,0.0,0.0,40.0,54.0,97.0,228.0,25.3,88.94,134.07,20.11,cloudflare
2026-09-21 13:12:02,Bac,FPT,13,0,0.0,0.0,0.0,0.0,53.0,50.0,171.0,49.0,29.81,28.54,93.17,38.25,vultr_singapore
2026-09-21 13:17:11,Nam,VNPT,13,0,0.0,0.0,0.0,0.0,42.0,50.0,96.0,230.0,24.05,78.05,129.2,13.12,cloudflare
2026-09-21 13:22:55,Bac,FPT,13,0,0.0,0.0,0.0,0.0,51.0,49.0,139.0,44.0,29.7,26.94,144.52,12.47,vultr_singapore
2026-09-21 13:33:44,Bac,FPT,13,0,0.0,0.0,0.0,0.0,54.0,51.0,139.0,41.0,29.39,33.49,171.93,62.7,vultr_singapore
2026-09-21 13:44:31,Bac,FPT,13,0,0.0,0.0,0.0,0.0,53.0,52.0,140.0,90.0,29.99,32.13,160.09,12.6,linode_singapore
2026-09-21 13:55:20,Bac,FPT,13,0,0.0,0.0,0.0,0.0,77.0,51.0,136.0,43.0,29.41,26.68,143.8,17.69,vultr_singapore
2026-09-21 14:06:14,Bac,FPT,14,0,0.0,0.0,0.0,0.0,56.0,70.0,141.0,48.0,29.37,18.86,146.31,13.01,vultr_singapore
2026-09-21 14:17:03,Bac,FPT,14,0,0.0,0.0,0.0,0.0,75.0,51.0,149.0,58.0,30.79,30.38,153.22,15.29,linode_singapore
2026-09-21 14:27:52,Bac,FPT,14,0,0.0,0.0,0.0,0.0,53.0,51.0,136.0,42.0,21.58,23.94,149.4,17.84,vultr_singapore
2026-09-21 14:38:42,Bac,FPT,14,0,0.0,0.0,0.0,0.0,52.0,56.0,134.0,42.0,18.19,24.37,152.15,12.63,vultr_singapore
2026-09-21 14:49:38,Bac,FPT,14,0,0.0,0.0,0.0,0.0,63.0,82.0,144.0,43.0,30.48,24.98,119.69,164.76,vultr_singapore
2026-09-21 15:00:22,Bac,FPT,15,0,0.0,0.0,0.0,0.0,111.0,51.0,168.0,43.0,25.82,24.76,113.34,11.4,vultr_singapore
2026-09-21 15:11:14,Bac,FPT,15,0,0.0,0.0,0.0,0.0,52.0,54.0,166.0,42.0,30.07,25.2,165.52,12.71,vultr_singapore
2026-09-21 15:22:02,Bac,FPT,15,0,0.0,0.0,0.0,0.0,84.0,52.0,134.0,44.0,31.49,22.09,111.86,17.5,vultr_singapore
2026-09-21 15:32:57,Bac,FPT,15,0,0.0,0.0,0.0,0.0,60.0,51.0,141.0,42.0,30.8,24.29,68.63,19.04,vultr_singapore
2026-09-21 15:43:53,Bac,FPT,15,0,0.0,0.0,0.0,0.0,56.0,52.0,231.0,44.0,31.16,26.4,116.72,13.2,vultr_singapore
2026-09-21 15:54:48,Bac,FPT,15,0,0.0,0.0,0.0,0.0,59.0,51.0,138.0,46.0,25.53,25.88,157.4,75.08,vultr_singapore
2026-09-21 16:05:33,Bac,FPT,16,0,0.0,0.0,0.0,0.0,53.0,53.0,138.0,41.0,29.97,25.77,123.07,13.41,vultr_singapore
2026-09-21 16:16:27,Bac,FPT,16,0,0.0,0.0,0.0,0.0,51.0,74.0,133.0,89.0,25.24,25.75,136.19,17.91,cloudflare
2026-09-21 16:27:25,Bac,FPT,16,0,0.0,0.0,0.0,0.0,52.0,80.0,139.0,42.0,29.11,25.61,78.63,12.08,vultr_singapore
2026-09-21 16:38:19,Bac,FPT,16,0,0.0,0.0,0.0,0.0,60.0,72.0,134.0,72.0,26.89,24.5,119.3,18.64,cloudflare
2026-09-21 16:49:10,Bac,FPT,16,0,0.0,0.0,0.0,0.0,71.0,52.0,129.0,47.0,27.95,33.61,116.84,141.8,vultr_singapore
2026-09-21 16:59:59,Bac,FPT,16,0,0.0,0.0,0.0,0.0,54.0,54.0,144.0,48.0,11.11,27.9,155.06,99.66,vultr_singapore
2026-09-21 17:10:46,Bac,FPT,17,0,0.0,0.0,0.0,0.0,52.0,55.0,132.0,50.0,28.91,33.11,164.11,12.83,vultr_singapore
2026-09-21 17:21:38,Bac,FPT,17,0,0.0,0.0,0.0,0.0,57.0,62.0,153.0,43.0,28.33,26.79,125.07,11.45,vultr_singapore
2026-09-21 17:32:29,Bac,FPT,17,0,0.0,0.0,0.0,0.0,53.0,52.0,145.0,41.0,18.07,23.45,51.59,18.01,vultr_singapore
2026-09-21 17:43:31,Bac,FPT,17,0,0.0,0.0,0.0,0.0,53.0,52.0,172.0,44.0,26.51,27.7,116.75,17.39,vultr_singapore
2026-09-21 17:54:22,Bac,FPT,17,0,0.0,0.0,0.0,0.0,51.0,51.0,149.0,43.0,29.79,30.93,136.62,12.69,vultr_singapore
2026-09-21 18:05:11,Bac,FPT,18,0,0.0,0.0,0.0,0.0,54.0,52.0,171.0,41.0,32.67,24.5,110.97,11.92,vultr_singapore
2026-09-21 18:16:02,Bac,FPT,18,0,0.0,0.0,0.0,0.0,52.0,53.0,157.0,42.0,28.66,24.35,142.04,17.68,vultr_singapore
2026-09-21 18:26:51,Bac,FPT,18,0,0.0,0.0,0.0,0.0,53.0,54.0,166.0,44.0,34.64,23.23,98.44,58.93,vultr_singapore
2026-09-21 18:37:43,Bac,FPT,18,0,0.0,0.0,0.0,0.0,53.0,53.0,153.0,43.0,31.33,23.72,28.13,17.22,vultr_singapore
2026-09-21 18:48:41,Bac,FPT,18,0,0.0,0.0,0.0,0.0,51.0,53.0,180.0,45.0,7.56,26.06,4.73,16.05,vultr_singapore
2026-09-21 18:59:41,Bac,FPT,18,0,0.0,0.0,0.0,0.0,62.0,49.0,165.0,52.0,33.96,24.5,15.24,10.03,linode_singapore
2026-09-21 19:10:39,Bac,FPT,19,0,0.0,0.0,0.0,0.0,53.0,49.0,131.0,42.0,30.13,30.8,154.02,12.17,vultr_singapore
2026-09-21 19:21:28,Bac,FPT,19,0,0.0,0.0,0.0,0.0,52.0,51.0,130.0,43.0,5.06,27.08,137.52,12.92,vultr_singapore
2026-09-21 19:32:20,Bac,FPT,19,0,0.0,0.0,0.0,0.0,52.0,50.0,129.0,42.0,15.54,26.33,83.79,12.65,vultr_singapore
2026-09-21 19:43:14,Bac,FPT,19,0,0.0,0.0,0.0,0.0,54.0,58.0,136.0,45.0,27.22,24.53,48.7,16.83,vultr_singapore
2026-09-21 19:54:12,Bac,FPT,19,0,0.0,0.0,0.0,0.0,52.0,54.0,145.0,42.0,33.16,24.34,137.28,11.63,vultr_singapore
2026-09-21 20:05:02,Bac,FPT,20,0,0.0,0.0,0.0,0.0,53.0,56.0,163.0,44.0,30.94,29.31,156.66,15.94,vultr_singapore
2026-09-21 20:15:50,Bac,FPT,20,0,0.0,0.0,0.0,0.0,53.0,53.0,146.0,45.0,32.7,26.42,70.95,117.75,vultr_singapore
2026-09-21 20:26:37,Bac,FPT,20,0,0.0,0.0,0.0,0.0,56.0,51.0,131.0,45.0,31.56,24.18,98.26,63.97,vultr_singapore
2026-09-21 20:37:27,Bac,FPT,20,0,0.0,0.0,0.0,0.0,53.0,52.0,306.0,44.0,34.46,31.64,63.18,17.46,vultr_singapore
2026-09-21 20:48:24,Bac,FPT,20,0,0.0,0.0,0.0,0.0,55.0,52.0,152.0,46.0,28.98,27.55,136.69,13.07,vultr_singapore
2026-09-21 20:59:14,Bac,FPT,20,0,0.0,0.0,0.0,0.0,54.0,53.0,131.0,44.0,17.22,25.96,148.28,11.78,vultr_singapore
2026-09-21 21:10:03,Bac,FPT,21,0,0.0,0.0,0.0,0.0,53.0,51.0,148.0,43.0,31.69,24.21,148.49,9.01,vultr_singapore
2026-09-21 21:20:52,Bac,FPT,21,0,0.0,0.0,0.0,0.0,54.0,54.0,191.0,42.0,26.11,27.27,150.32,12.05,vultr_singapore
2026-09-21 21:31:41,Bac,FPT,21,0,0.0,0.0,0.0,0.0,52.0,52.0,134.0,41.0,28.1,27.04,100.8,16.94,vultr_singapore
2026-09-21 21:42:33,Bac,FPT,21,0,0.0,0.0,0.0,0.0,53.0,55.0,198.0,46.0,29.13,26.6,118.47,17.35,vultr_singapore
2026-09-21 21:53:23,Bac,FPT,21,0,0.0,0.0,0.0,0.0,56.0,52.0,132.0,48.0,31.33,22.72,128.67,14.86,vultr_singapore
2026-09-21 22:04:13,Bac,FPT,22,0,0.0,0.0,0.0,0.0,55.0,51.0,133.0,43.0,23.48,25.1,115.75,7.12,vultr_singapore
2026-09-21 22:15:04,Bac,FPT,22,0,0.0,0.0,0.0,0.0,54.0,55.0,199.0,46.0,28.67,25.88,109.66,90.01,vultr_singapore
2026-09-21 22:25:49,Bac,FPT,22,0,0.0,0.0,0.0,0.0,54.0,81.0,192.0,44.0,16.56,22.74,127.15,16.04,vultr_singapore
2026-09-21 22:36:40,Bac,FPT,22,0,0.0,0.0,0.0,0.0,52.0,52.0,133.0,43.0,26.32,24.47,112.05,78.46,vultr_singapore
2026-09-21 22:47:26,Bac,FPT,22,0,0.0,0.0,0.0,0.0,55.0,51.0,173.0,44.0,28.54,27.64,91.29,54.24,vultr_singapore
2026-09-21 22:58:19,Bac,FPT,22,0,0.0,0.0,0.0,0.0,53.0,51.0,136.0,41.0,27.28,26.22,89.97,77.62,vultr_singapore
